Date,Description,Amount,Category
2025-04-05,transaction at irctc,20666.49,Travel
2025-12-06,transaction at myntra,1919.05,Online Shopping
2025-06-20,transaction at bigbazaar,2837.68,Grocery
2025-04-23,transaction at property tax online,1071.04,Bills
2025-03-06,transaction at asus store,10722.8,Electronics
2025-10-30,transaction at max fashion,3502.77,Clothing
2025-06-11,transaction at property tax online,5334.34,Bills
2025-01-03,transaction at airtel,1472.58,Bills
2025-07-27,transaction at wrogn,1965.86,Clothing
2025-08-16,transaction at aha,250.69,Entertainment
2025-03-04,transaction at airtel,3989.88,Bills
2025-06-23,transaction at cream stone,525.94,Food
2025-06-24,transaction at cream stone,393.35,Food
2025-05-10,transaction at indigo,24147.34,Travel
2025-07-28,transaction at nilgiris,1295.25,Grocery
2025-04-26,transaction at tsrtc,1287.28,Transport
2025-02-11,transaction at metro rail,723.54,Transport
2025-05-03,transaction at irctc,11324.06,Travel
2025-06-27,transaction at ajio,6989.5,Online Shopping
2025-12-27,transaction at nilgiris,1436.49,Grocery
2025-11-10,transaction at nykaa,16470.71,Online Shopping
2025-05-21,transaction at dominos,851.8,Food
2025-03-08,transaction at airasia,20599.36,Travel
2025-11-30,transaction at kfc,1260.41,Food
2025-08-25,transaction at netflix,828.75,Entertainment
2025-05-29,transaction at apple store,131786.69,Electronics
2025-02-06,transaction at spotify,177.44,Entertainment
2025-03-09,transaction at water board,2367.05,Bills
2025-02-27,transaction at vodafone idea,4047.44,Bills
2025-05-20,transaction at zara,7133.34,Clothing
2025-12-27,transaction at ajio,6351.17,Online Shopping
2025-05-20,transaction at boat lifestyle,128424.24,Electronics
2025-02-08,transaction at aster,17253.66,Healthcare
2025-09-23,transaction at oneplus,134214.53,Electronics
2025-09-25,transaction at adidas,7195.3,Clothing
2025-03-27,transaction at cloudnine,18022.92,Healthcare
2025-02-06,transaction at taco bell,1158.63,Food
2025-05-26,transaction at metro rail,982.63,Transport
2025-10-04,transaction at jiomart,552.08,Grocery
2025-05-07,transaction at zara,7654.25,Clothing
2025-04-10,transaction at apple store,111005.98,Electronics
2025-05-27,transaction at barbeque nation,610.2,Food
2025-11-03,transaction at bigbazaar,2051.12,Grocery
2025-02-25,transaction at rapido,601.33,Transport
2025-12-13,transaction at hotstar,850.41,Entertainment
2025-10-05,transaction at snapdeal,17659.33,Online Shopping
2025-06-20,transaction at allen solly,6845.1,Clothing
2025-01-22,transaction at 1mg,10543.34,Healthcare
2025-09-16,transaction at biba,1592.02,Clothing
2025-08-03,transaction at ola,1456.02,Transport
2025-05-11,transaction at asus store,39285.05,Electronics
2025-11-30,transaction at pharmeasy,14997.81,Healthcare
2025-05-27,transaction at airtel,5491.42,Bills
2025-10-17,transaction at hotstar,271.2,Entertainment
2025-06-21,transaction at indigo,18720.15,Travel
2025-12-14,transaction at apollo pharmacy,15857.73,Healthcare
2025-10-02,transaction at a2b,606.98,Food
2025-06-01,transaction at taco bell,866.89,Food
2025-09-24,transaction at uber,930.7,Transport
2025-06-12,transaction at indigo,19578.06,Travel
2025-05-27,transaction at croma,102800.65,Electronics
2025-05-15,transaction at us polo,7247.1,Clothing
2025-04-29,transaction at dmart,1809.33,Grocery
2025-11-24,transaction at ajio,3187.72,Online Shopping
2025-11-03,transaction at biba,4245.61,Clothing
2025-05-08,transaction at nykaa,16580.74,Online Shopping
2025-11-28,transaction at irctc,24587.69,Travel
2025-02-15,transaction at goibibo,18246.21,Travel
2025-05-16,transaction at croma,114729.44,Electronics
2025-12-24,transaction at aster,2573.77,Healthcare
2025-11-03,transaction at ajio,12783.42,Online Shopping
2025-05-11,transaction at netmeds,8942.95,Healthcare
2025-01-04,transaction at jio fiber,1317.31,Bills
2025-01-06,transaction at airasia,18249.98,Travel
2025-05-28,transaction at sonyliv,180.09,Entertainment
2025-12-23,transaction at snapdeal,3790.59,Online Shopping
2025-09-09,transaction at amazon,7246.88,Online Shopping
2025-05-12,transaction at boat lifestyle,81586.75,Electronics
2025-09-03,transaction at wrogn,3214.92,Clothing
2025-01-28,transaction at uber,288.69,Transport
2025-07-09,transaction at apollo hospital,14951.4,Healthcare
2025-06-03,transaction at bigbazaar,3397.54,Grocery
2025-07-08,transaction at nilgiris,1139.88,Grocery
2025-08-03,transaction at gaana,342.63,Entertainment
2025-08-15,transaction at tsrtc,892.7,Transport
2025-06-12,transaction at gaana,968.55,Entertainment
2025-01-10,transaction at max fashion,4490.07,Clothing
2025-07-15,transaction at pizza hut,1157.6,Food
2025-12-07,transaction at 1mg,8764.35,Healthcare
2025-01-26,transaction at bmtc,1547.07,Transport
2025-08-28,transaction at ajio,8146.38,Online Shopping
2025-02-05,transaction at meru cabs,1920.03,Transport
2025-10-06,transaction at max fashion,1721.41,Clothing
2025-05-29,transaction at aster,14813.92,Healthcare
2025-05-05,transaction at act fibernet,319.22,Bills
2025-04-27,transaction at water board,2338.4,Bills
2025-09-02,transaction at vivo store,61980.42,Electronics
2025-02-23,transaction at ola,822.4,Transport
2025-02-26,transaction at youtube premium,184.47,Entertainment
2025-10-08,transaction at aster,4255.27,Healthcare
2025-11-14,transaction at pizza hut,565.33,Food
2025-11-04,transaction at bsnl,448.88,Bills
2025-02-17,transaction at apollo pharmacy,18445.07,Healthcare
2025-03-28,transaction at water board,4260.5,Bills
2025-04-16,transaction at chai point,589.68,Food
2025-07-01,transaction at booking.com,27712.34,Travel
2025-06-23,transaction at nykaa,13376.26,Online Shopping
2025-03-17,transaction at 1mg,1134.99,Healthcare
2025-11-25,transaction at cloudnine,12384.61,Healthcare
2025-11-08,transaction at pantaloons,6929.7,Clothing
2025-11-26,transaction at reliance digital,130642.49,Electronics
2025-06-25,transaction at apple store,79777.72,Electronics
2025-11-30,transaction at medplus,3370.27,Healthcare
2025-12-05,transaction at zee5,337.71,Entertainment
2025-07-12,transaction at ajio,4838.78,Online Shopping
2025-06-07,transaction at airasia,5198.69,Travel
2025-06-11,transaction at aha,837.72,Entertainment
2025-05-18,transaction at vivo store,77283.47,Electronics
2025-04-28,transaction at asus store,11685.73,Electronics
2025-10-21,transaction at tsrtc,1439.75,Transport
2025-08-05,transaction at uber,1973.48,Transport
2025-10-06,transaction at nike,4371.85,Clothing
2025-03-02,transaction at medplus,1402.49,Healthcare
2025-10-28,transaction at a2b,1243.48,Food
2025-04-13,transaction at noise,113889.04,Electronics
2025-06-20,transaction at ola,1257.63,Transport
2025-01-30,transaction at zee5,933.54,Entertainment
2025-02-08,transaction at starbucks,651.61,Food
2025-08-09,transaction at fortis,10637.38,Healthcare
2025-03-07,transaction at reliance digital,18244.44,Electronics
2025-08-18,transaction at ola,1887.66,Transport
2025-12-15,transaction at sonyliv,145.96,Entertainment
2025-03-31,transaction at booking.com,12967.17,Travel
2025-06-29,transaction at sony center,62817.88,Electronics
2025-07-29,transaction at biba,4148.95,Clothing
2025-04-30,transaction at jiomart,2506.42,Grocery
2025-11-15,transaction at rapido,228.04,Transport
2025-11-03,transaction at amazon,3452.95,Online Shopping
2025-02-06,transaction at ccd,623.51,Food
2025-07-25,transaction at airasia,9974.99,Travel
2025-08-30,transaction at reliance fresh,1624.5,Grocery
2025-10-11,transaction at pepperfry,14948.76,Online Shopping
2025-11-04,transaction at sonyliv,685.67,Entertainment
2025-03-06,transaction at reliance digital,91984.49,Electronics
2025-05-06,transaction at spencers,4302.88,Grocery
2025-07-05,transaction at ajio,16992.09,Online Shopping
2025-06-20,transaction at pharmeasy,15524.65,Healthcare
2025-08-27,transaction at air india,27984.0,Travel
2025-08-25,transaction at redbus,1324.57,Transport
2025-02-06,transaction at subway,1429.47,Food
2025-09-08,transaction at indigo,7841.59,Travel
2025-12-13,transaction at woodland,7711.86,Clothing
2025-05-06,transaction at ola,1376.98,Transport
2025-02-04,transaction at a2b,563.71,Food
2025-11-02,transaction at hp world,9965.75,Electronics
2025-02-16,transaction at lenskart,2429.44,Online Shopping
2025-12-29,transaction at indigo,19630.5,Travel
2025-06-25,transaction at cream stone,832.44,Food
2025-09-02,transaction at redbus,792.61,Transport
2025-12-22,transaction at amazon,17765.64,Online Shopping
2025-07-30,transaction at gaana,660.53,Entertainment
2025-12-24,transaction at paradise biryani,194.1,Food
2025-06-08,transaction at allen solly,6496.52,Clothing
2025-12-08,transaction at zee5,669.09,Entertainment
2025-04-12,transaction at taco bell,126.15,Food
2025-02-22,transaction at indigo,2297.18,Travel
2025-03-02,transaction at us polo,7251.49,Clothing
2025-09-29,transaction at allen solly,545.49,Clothing
2025-01-08,transaction at h&m,3749.25,Clothing
2025-08-05,transaction at chai point,981.12,Food
2025-07-08,transaction at mi store,89726.7,Electronics
2025-03-09,transaction at nature's basket,525.86,Grocery
2025-02-14,transaction at oneplus,149197.11,Electronics
2025-12-29,transaction at water board,1766.65,Bills
2025-10-25,transaction at a2b,1268.04,Food
2025-11-10,transaction at flipkart,15804.76,Online Shopping
2025-12-22,transaction at tata cliq,709.77,Online Shopping
2025-06-13,transaction at subway,525.91,Food
2025-09-07,transaction at airasia,21491.65,Travel
2025-11-12,transaction at cloudnine,10150.1,Healthcare
2025-11-06,transaction at property tax online,599.75,Bills
2025-12-19,transaction at netflix,890.56,Entertainment
2025-05-21,transaction at yatra,24867.56,Travel
2025-07-11,transaction at wrogn,7653.49,Clothing
2025-04-01,transaction at a2b,1362.74,Food
2025-01-06,transaction at mcdonalds,448.3,Food
2025-08-30,transaction at biba,4150.21,Clothing
2025-12-23,transaction at netflix,825.99,Entertainment
2025-06-27,transaction at ajio,17939.67,Online Shopping
2025-08-04,transaction at adidas,5732.02,Clothing
2025-04-10,transaction at myntra,15843.46,Online Shopping
2025-09-14,transaction at woodland,2849.03,Clothing
2025-09-05,transaction at water board,2133.83,Bills
2025-09-25,transaction at burger king,586.87,Food
2025-11-25,transaction at vivo store,52603.38,Electronics
2025-06-14,transaction at ajio,5364.84,Online Shopping
2025-03-12,transaction at allen solly,6585.16,Clothing
2025-06-21,transaction at spencers,988.93,Grocery
2025-04-30,transaction at reliance fresh,4025.14,Grocery
2025-01-02,transaction at dell exclusive,6757.48,Electronics
2025-08-25,transaction at apollo hospital,9203.48,Healthcare
2025-04-29,transaction at apollo pharmacy,18768.49,Healthcare
2025-11-17,transaction at youtube premium,528.73,Entertainment
2025-10-20,transaction at biba,5811.09,Clothing
2025-03-21,transaction at adidas,729.05,Clothing
2025-03-05,transaction at woodland,630.04,Clothing
2025-09-09,transaction at vivo store,137121.24,Electronics
2025-05-07,transaction at tata cliq,4770.36,Online Shopping
2025-11-01,transaction at oyo,26210.65,Travel
2025-12-04,transaction at bigbazaar,4900.87,Grocery
2025-10-01,transaction at zee5,966.79,Entertainment
2025-01-26,transaction at airasia,17034.33,Travel
2025-04-29,transaction at hp world,79693.95,Electronics
2025-01-04,transaction at woodland,2147.95,Clothing
2025-12-26,transaction at us polo,6107.36,Clothing
2025-02-01,transaction at spencers,912.56,Grocery
2025-03-13,transaction at myntra,9111.71,Online Shopping
2025-03-05,transaction at youtube premium,285.78,Entertainment
2025-09-02,transaction at reliance fresh,2726.01,Grocery
2025-11-18,transaction at kfc,964.0,Food
2025-12-06,transaction at netmeds,1708.26,Healthcare
2025-11-20,transaction at star bazaar,1546.82,Grocery
2025-06-27,transaction at property tax online,748.22,Bills
2025-10-10,transaction at air india,1636.45,Travel
2025-04-17,transaction at property tax online,5176.22,Bills
2025-11-11,transaction at pepperfry,1846.59,Online Shopping
2025-01-18,transaction at 1mg,7689.79,Healthcare
2025-11-27,transaction at airasia,29257.87,Travel
2025-08-03,transaction at aha,477.4,Entertainment
2025-07-30,transaction at goibibo,22699.69,Travel
2025-10-02,transaction at sony center,72060.14,Electronics
2025-02-16,transaction at pizza hut,914.44,Food
2025-09-07,transaction at airasia,5134.83,Travel
2025-06-24,transaction at pepperfry,17582.23,Online Shopping
2025-11-08,transaction at zee5,669.21,Entertainment
2025-06-08,transaction at max fashion,6803.03,Clothing
2025-07-23,transaction at oyo,12058.28,Travel
2025-10-18,transaction at act fibernet,3164.33,Bills
2025-09-12,transaction at cloudnine,3742.91,Healthcare
2025-12-17,transaction at tneb,3166.76,Bills
2025-03-07,transaction at vistara,16120.18,Travel
2025-03-24,transaction at apple music,492.05,Entertainment
2025-01-29,transaction at yatra,23573.49,Travel
2025-02-12,transaction at tsrtc,947.12,Transport
2025-04-03,transaction at nykaa,5859.4,Online Shopping
2025-08-30,transaction at wrogn,7983.18,Clothing
2025-02-25,transaction at puma,3787.78,Clothing
2025-07-25,transaction at irctc,28758.21,Travel
2025-04-12,transaction at spencers,2669.17,Grocery
2025-07-04,transaction at burger king,408.41,Food
2025-06-16,transaction at meru cabs,879.41,Transport
2025-03-17,transaction at h&m,6584.41,Clothing
2025-01-21,transaction at metro rail,1597.44,Transport
2025-05-21,transaction at jio fiber,4999.89,Bills
2025-12-18,transaction at taco bell,1362.75,Food
2025-03-11,transaction at pepperfry,837.29,Online Shopping
2025-08-03,transaction at yulu bikes,333.48,Transport
2025-10-20,transaction at youtube premium,682.0,Entertainment
2025-07-12,transaction at youtube premium,146.61,Entertainment
2025-12-26,transaction at a2b,1259.95,Food
2025-05-29,transaction at aha,261.96,Entertainment
2025-03-25,transaction at ajio,3601.37,Online Shopping
2025-01-08,transaction at aster,9106.46,Healthcare
2025-04-18,transaction at fortis,17117.0,Healthcare
2025-08-14,transaction at airasia,1101.08,Travel
2025-03-30,transaction at reliance fresh,1778.71,Grocery
2025-09-18,transaction at 1mg,11609.84,Healthcare
2025-03-26,transaction at pharmeasy,12366.48,Healthcare
2025-05-09,transaction at dominos,800.74,Food
2025-04-12,transaction at vivo store,95547.02,Electronics
2025-11-28,transaction at pharmeasy,12148.28,Healthcare
2025-04-18,transaction at dell exclusive,9761.08,Electronics
2025-07-16,transaction at croma,26401.86,Electronics
2025-01-01,transaction at taco bell,124.46,Food
2025-12-07,transaction at flipkart,8903.7,Online Shopping
2025-03-17,transaction at ccd,239.53,Food
2025-02-14,transaction at hp world,45459.55,Electronics
2025-12-03,transaction at apollo hospital,16891.8,Healthcare
2025-08-15,transaction at meesho,9092.74,Online Shopping
2025-10-28,transaction at nilgiris,1794.99,Grocery
2025-12-18,transaction at apollo pharmacy,11275.49,Healthcare
2025-06-23,transaction at netmeds,16640.54,Healthcare
2025-04-05,transaction at youtube premium,759.05,Entertainment
2025-03-18,transaction at samsung store,37027.33,Electronics
2025-07-18,transaction at bigbazaar,4407.24,Grocery
2025-05-02,transaction at aha,829.26,Entertainment
2025-01-11,transaction at mcdonalds,683.57,Food
2025-06-04,transaction at bsnl,4274.14,Bills
2025-01-03,transaction at pantaloons,7445.37,Clothing
2025-05-21,transaction at irctc,20596.97,Travel
2025-11-12,transaction at youtube premium,575.9,Entertainment
2025-04-14,transaction at bmtc,544.17,Transport
2025-02-14,transaction at tsrtc,1476.65,Transport
2025-08-07,transaction at vistara,10470.61,Travel
2025-06-06,transaction at samsung store,66239.46,Electronics
2025-07-29,transaction at starbucks,626.89,Food
2025-01-10,transaction at yulu bikes,226.59,Transport
2025-03-15,transaction at zee5,341.31,Entertainment
2025-10-05,transaction at ccd,291.79,Food
2025-03-07,transaction at dell exclusive,90972.17,Electronics
2025-09-19,transaction at bsnl,3557.11,Bills
2025-11-22,transaction at allen solly,7855.06,Clothing
2025-03-10,transaction at max fashion,4193.58,Clothing
2025-08-03,transaction at hotstar,378.12,Entertainment
2025-07-16,transaction at flipkart,15309.14,Online Shopping
2025-12-14,transaction at youtube premium,775.16,Entertainment
2025-08-03,transaction at lenskart,7743.99,Online Shopping
2025-07-30,transaction at nature's basket,2601.82,Grocery
2025-10-08,transaction at netflix,732.13,Entertainment
2025-02-21,transaction at kauvery,14651.58,Healthcare
2025-09-14,transaction at adidas,4632.67,Clothing
2025-08-23,transaction at more supermarket,1046.02,Grocery
2025-11-18,transaction at pizza hut,586.05,Food
2025-08-28,transaction at chai point,993.01,Food
2025-01-18,transaction at reliance digital,98720.47,Electronics
2025-01-08,transaction at apollo pharmacy,15597.99,Healthcare
2025-11-13,transaction at act fibernet,3667.24,Bills
2025-03-13,transaction at yulu bikes,1655.5,Transport
2025-06-10,transaction at hotstar,830.47,Entertainment
2025-09-19,transaction at adidas,5184.66,Clothing
2025-07-20,transaction at medplus,5770.71,Healthcare
2025-10-28,transaction at snapdeal,16937.51,Online Shopping
2025-03-04,transaction at vodafone idea,4469.07,Bills
2025-08-20,transaction at apollo hospital,4069.84,Healthcare
2025-08-13,transaction at air india,3259.32,Travel
2025-04-01,transaction at pepperfry,4551.45,Online Shopping
2025-03-02,transaction at reliance digital,125285.33,Electronics
2025-08-28,transaction at jiomart,2140.18,Grocery
2025-03-10,transaction at water board,1171.01,Bills
2025-12-26,transaction at spencers,4987.43,Grocery
2025-07-02,transaction at yatra,614.88,Travel
2025-03-01,transaction at croma,134562.78,Electronics
2025-10-03,transaction at aha,828.41,Entertainment
2025-09-27,transaction at vistara,21385.23,Travel
2025-06-11,transaction at uber,1898.64,Transport
2025-12-06,transaction at mi store,12651.08,Electronics
2025-08-26,transaction at biba,5571.58,Clothing
2025-05-06,transaction at pharmeasy,11866.49,Healthcare
2025-09-18,transaction at reliance fresh,3451.68,Grocery
2025-07-07,transaction at adidas,2968.69,Clothing
2025-07-12,transaction at subway,698.47,Food
2025-01-15,transaction at myntra,12900.53,Online Shopping
2025-05-29,transaction at property tax online,4085.79,Bills
2025-09-07,transaction at snapdeal,12433.3,Online Shopping
2025-05-05,transaction at tneb,3815.8,Bills
2025-12-06,transaction at uber,1367.86,Transport
2025-11-04,transaction at vistara,4938.58,Travel
2025-11-14,transaction at woodland,3342.81,Clothing
2025-01-25,transaction at meesho,13244.08,Online Shopping
2025-12-31,transaction at kauvery,12259.08,Healthcare
2025-02-23,transaction at apollo hospital,10165.48,Healthcare
2025-04-09,transaction at indigo,16840.72,Travel
2025-11-09,transaction at lenskart,19621.75,Online Shopping
2025-11-02,transaction at apollo pharmacy,17413.55,Healthcare
2025-12-02,transaction at pepperfry,3996.44,Online Shopping
2025-11-28,transaction at dmart,4938.14,Grocery
2025-08-26,transaction at redbus,1758.44,Transport
2025-06-08,transaction at bmtc,1484.81,Transport
2025-10-22,transaction at booking.com,4103.82,Travel
2025-05-02,transaction at pizza hut,1051.71,Food
2025-10-14,transaction at tsrtc,1660.04,Transport
2025-04-25,transaction at redbus,477.79,Transport
2025-08-24,transaction at oyo,4808.63,Travel
2025-03-10,transaction at redbus,317.54,Transport
2025-06-07,transaction at amazon prime,115.61,Entertainment
2025-02-19,transaction at ola,862.35,Transport
2025-10-06,transaction at jio fiber,532.56,Bills
2025-08-19,transaction at tneb,780.34,Bills
2025-07-09,transaction at ola,1043.35,Transport
2025-02-16,transaction at pharmeasy,12699.47,Healthcare
2025-04-30,transaction at asus store,67315.69,Electronics
2025-02-01,transaction at nilgiris,1473.65,Grocery
2025-08-16,transaction at jio fiber,3338.08,Bills
2025-08-18,transaction at tata cliq,13071.67,Online Shopping
2025-11-05,transaction at booking.com,15761.34,Travel
2025-09-11,transaction at a2b,1487.69,Food
2025-01-23,transaction at goibibo,13599.09,Travel
2025-07-20,transaction at mi store,85154.28,Electronics
2025-06-25,transaction at asus store,22550.59,Electronics
2025-08-07,transaction at h&m,3787.79,Clothing
2025-05-03,transaction at paradise biryani,269.94,Food
2025-09-15,transaction at sony center,108546.07,Electronics
2025-04-02,transaction at pizza hut,1219.45,Food
2025-03-15,transaction at zee5,424.28,Entertainment
2025-08-31,transaction at cream stone,656.16,Food
2025-04-14,transaction at irctc,27616.51,Travel
2025-05-16,transaction at act fibernet,292.36,Bills
2025-03-15,transaction at nykaa,677.2,Online Shopping
2025-09-28,transaction at samsung store,29016.44,Electronics
2025-05-19,transaction at starbucks,1300.66,Food
2025-07-30,transaction at biba,6796.93,Clothing
2025-05-06,transaction at lenskart,14397.23,Online Shopping
2025-10-05,transaction at snapdeal,12541.79,Online Shopping
2025-11-19,transaction at nature's basket,1625.7,Grocery
2025-03-13,transaction at zee5,124.01,Entertainment
2025-03-20,transaction at hotstar,507.41,Entertainment
2025-04-18,transaction at tneb,3373.73,Bills
2025-01-13,transaction at zara,3511.95,Clothing
2025-10-17,transaction at snapdeal,10500.52,Online Shopping
2025-05-12,transaction at oneplus,4646.46,Electronics
2025-09-14,transaction at apollo pharmacy,8840.97,Healthcare
2025-06-29,transaction at tata cliq,12847.46,Online Shopping
2025-09-20,transaction at reliance fresh,2591.55,Grocery
2025-12-18,transaction at nilgiris,2470.34,Grocery
2025-01-03,transaction at apple store,140355.9,Electronics
2025-06-08,transaction at us polo,3810.42,Clothing
2025-06-26,transaction at pantaloons,5927.89,Clothing
2025-06-20,transaction at yatra,27128.44,Travel
2025-01-05,transaction at aha,563.83,Entertainment
2025-08-17,transaction at booking.com,24786.87,Travel
2025-03-22,transaction at vodafone idea,4468.43,Bills
2025-12-06,transaction at metro rail,1592.39,Transport
2025-09-27,transaction at noise,53467.25,Electronics
2025-01-20,transaction at amazon prime,672.14,Entertainment
2025-04-03,transaction at tsrtc,372.43,Transport
2025-07-22,transaction at adidas,4964.27,Clothing
2025-06-10,transaction at reliance fresh,4680.79,Grocery
2025-09-26,transaction at reliance fresh,2222.84,Grocery
2025-03-21,transaction at gaana,226.71,Entertainment
2025-07-23,transaction at paradise biryani,818.06,Food
2025-09-08,transaction at nilgiris,1636.19,Grocery
2025-03-16,transaction at croma,82995.77,Electronics
2025-08-10,transaction at metro rail,840.16,Transport
2025-07-01,transaction at tata cliq,16683.59,Online Shopping
2025-08-20,transaction at flipkart,14058.43,Online Shopping
2025-05-13,transaction at samsung store,76876.53,Electronics
2025-05-06,transaction at gas agency,5865.08,Bills
2025-02-25,transaction at rapido,991.44,Transport
2025-11-06,transaction at star bazaar,4684.39,Grocery
2025-12-08,transaction at spotify,363.44,Entertainment
2025-11-29,transaction at cream stone,733.4,Food
2025-12-14,transaction at barbeque nation,784.8,Food
2025-01-11,transaction at taco bell,1197.89,Food
2025-04-29,transaction at more supermarket,598.84,Grocery
2025-02-17,transaction at meesho,17138.98,Online Shopping
2025-01-10,transaction at goibibo,14308.69,Travel
2025-03-19,transaction at barbeque nation,776.36,Food
2025-02-20,transaction at tsrtc,493.69,Transport
2025-11-16,transaction at puma,7927.64,Clothing
2025-05-05,transaction at tata cliq,2771.36,Online Shopping
2025-09-04,transaction at redbus,130.13,Transport
2025-07-13,transaction at booking.com,24788.87,Travel
2025-05-12,transaction at dmart,443.44,Grocery
2025-10-20,transaction at medplus,7505.77,Healthcare
2025-06-12,transaction at puma,2854.41,Clothing
2025-11-05,transaction at dell exclusive,74104.53,Electronics
2025-02-26,transaction at act fibernet,1949.16,Bills
2025-10-31,transaction at aster,15902.96,Healthcare
2025-10-04,transaction at flipkart,19540.87,Online Shopping
2025-08-13,transaction at mcdonalds,390.33,Food
2025-01-06,transaction at fortis,19019.41,Healthcare
2025-07-14,transaction at air india,26944.64,Travel
2025-12-10,transaction at airtel,393.89,Bills
2025-10-18,transaction at bsnl,2015.64,Bills
2025-03-25,transaction at nature's basket,1555.25,Grocery
2025-11-03,transaction at kauvery,8696.86,Healthcare
2025-06-11,transaction at tata cliq,14782.03,Online Shopping
2025-08-26,transaction at chai point,1295.45,Food
2025-10-06,transaction at airtel,5838.45,Bills
2025-02-28,transaction at netflix,733.84,Entertainment
2025-11-08,transaction at chai point,1497.97,Food
2025-05-15,transaction at us polo,7164.67,Clothing
2025-10-09,transaction at aster,14109.93,Healthcare
2025-01-07,transaction at nilgiris,1181.13,Grocery
2025-03-10,transaction at gas agency,453.86,Bills
2025-12-10,transaction at booking.com,11762.66,Travel
2025-06-23,transaction at biba,5977.64,Clothing
2025-07-10,transaction at amazon,18724.54,Online Shopping
2025-07-01,transaction at cloudnine,12613.27,Healthcare
2025-01-16,transaction at act fibernet,562.1,Bills
2025-10-21,transaction at samsung store,61604.27,Electronics
2025-12-25,transaction at jio fiber,3535.3,Bills
2025-11-18,transaction at puma,1109.53,Clothing
2025-02-27,transaction at jiomart,2986.54,Grocery
2025-05-19,transaction at mi store,82868.58,Electronics
2025-03-25,transaction at indigo,16666.71,Travel
2025-10-29,transaction at h&m,4960.58,Clothing
2025-02-27,transaction at tata cliq,17441.97,Online Shopping
2025-12-03,transaction at myntra,9321.1,Online Shopping
2025-10-26,transaction at mcdonalds,271.18,Food
2025-06-12,transaction at hotstar,694.82,Entertainment
2025-11-08,transaction at airtel,3286.39,Bills
2025-11-25,transaction at tneb,2401.19,Bills
2025-04-05,transaction at chai point,218.3,Food
2025-09-26,transaction at netflix,587.47,Entertainment
2025-01-20,transaction at croma,113333.12,Electronics
2025-09-20,transaction at yulu bikes,1774.98,Transport
2025-12-31,transaction at croma,124834.5,Electronics
2025-09-15,transaction at noise,85285.14,Electronics
2025-11-08,transaction at lenskart,13646.56,Online Shopping
2025-07-11,transaction at medplus,14161.43,Healthcare
2025-09-22,transaction at myntra,3079.72,Online Shopping
2025-07-14,transaction at vodafone idea,4628.27,Bills
2025-07-15,transaction at medplus,2205.36,Healthcare
2025-11-14,transaction at myntra,9534.27,Online Shopping
2025-06-03,transaction at nilgiris,2250.07,Grocery
2025-12-08,transaction at bsnl,3567.82,Bills
2025-09-12,transaction at netflix,487.16,Entertainment
2025-10-29,transaction at amazon,14655.62,Online Shopping
2025-12-18,transaction at bigbazaar,2703.56,Grocery
2025-07-17,transaction at gaana,842.74,Entertainment
2025-01-23,transaction at cream stone,241.58,Food
2025-01-28,transaction at lenskart,7056.62,Online Shopping
2025-09-16,transaction at flipkart,3825.15,Online Shopping
2025-11-30,transaction at tata cliq,11028.97,Online Shopping
2025-03-28,transaction at amazon prime,736.11,Entertainment
2025-07-05,transaction at youtube premium,303.91,Entertainment
2025-12-05,transaction at tsrtc,343.06,Transport
2025-02-11,transaction at zara,2061.92,Clothing
2025-10-07,transaction at ola,679.11,Transport
2025-11-20,transaction at flipkart,10771.58,Online Shopping
2025-12-21,transaction at booking.com,28416.93,Travel
2025-11-27,transaction at 1mg,13739.47,Healthcare
2025-11-08,transaction at noise,149809.51,Electronics
2025-10-22,transaction at pharmeasy,18722.74,Healthcare
2025-06-09,transaction at meru cabs,1375.27,Transport
2025-11-28,transaction at tsrtc,1892.13,Transport
2025-11-06,transaction at sony center,51998.8,Electronics
2025-11-26,transaction at pantaloons,5858.06,Clothing
2025-07-08,transaction at vivo store,115944.18,Electronics
2025-03-15,transaction at h&m,1364.47,Clothing
2025-09-23,transaction at ola,1345.14,Transport
2025-06-26,transaction at youtube premium,793.92,Entertainment
2025-07-01,transaction at tsrtc,314.45,Transport
2025-05-07,transaction at mi store,99413.08,Electronics
2025-06-18,transaction at jio fiber,4032.13,Bills
2025-11-14,transaction at sonyliv,940.34,Entertainment
2025-01-12,transaction at aster,10391.15,Healthcare
2025-09-29,transaction at meru cabs,1307.01,Transport
2025-07-14,transaction at youtube premium,799.3,Entertainment
2025-01-20,transaction at allen solly,5466.64,Clothing
2025-10-24,transaction at spotify,912.39,Entertainment
2025-01-11,transaction at vodafone idea,2753.94,Bills
2025-08-11,transaction at oyo,1890.83,Travel
2025-06-03,transaction at chai point,392.84,Food
2025-01-19,transaction at nature's basket,2174.23,Grocery
2025-07-18,transaction at puma,5680.75,Clothing
2025-12-11,transaction at spotify,343.42,Entertainment
2025-04-09,transaction at us polo,5174.01,Clothing
2025-06-05,transaction at sony center,100827.11,Electronics
2025-05-22,transaction at jio fiber,1887.24,Bills
2025-11-20,transaction at aster,8174.74,Healthcare
2025-11-10,transaction at vodafone idea,5639.92,Bills
2025-06-18,transaction at wrogn,3592.34,Clothing
2025-05-23,transaction at pizza hut,1074.09,Food
2025-06-22,transaction at goibibo,3934.44,Travel
2025-08-16,transaction at taco bell,1079.24,Food
2025-07-31,transaction at saravana bhavan,251.86,Food
2025-08-22,transaction at hp world,102786.23,Electronics
2025-05-31,transaction at 1mg,7587.9,Healthcare
2025-07-18,transaction at gaana,492.75,Entertainment
2025-12-02,transaction at gas agency,3567.01,Bills
2025-05-01,transaction at uber,315.77,Transport
2025-08-08,transaction at zara,3124.38,Clothing
2025-08-25,transaction at air india,23581.8,Travel
2025-09-08,transaction at amazon,9526.2,Online Shopping
2025-08-24,transaction at more supermarket,538.14,Grocery
2025-04-29,transaction at nature's basket,2280.22,Grocery
2025-11-09,transaction at star bazaar,942.88,Grocery
2025-12-05,transaction at spencers,3009.84,Grocery
2025-09-18,transaction at subway,650.54,Food
2025-06-06,transaction at oneplus,61848.9,Electronics
2025-07-29,transaction at aster,17638.05,Healthcare
2025-10-19,transaction at more supermarket,4112.29,Grocery
2025-07-03,transaction at us polo,4140.55,Clothing
2025-05-20,transaction at ajio,16515.81,Online Shopping
2025-01-04,transaction at youtube premium,511.91,Entertainment
2025-08-23,transaction at youtube premium,696.6,Entertainment
2025-03-25,transaction at chai point,499.3,Food
2025-07-23,transaction at nilgiris,389.68,Grocery
2025-08-01,transaction at kauvery,7540.82,Healthcare
2025-04-16,transaction at samsung store,79763.99,Electronics
2025-03-29,transaction at puma,2965.02,Clothing
2025-09-01,transaction at snapdeal,545.23,Online Shopping
2025-07-09,transaction at property tax online,2880.28,Bills
2025-01-19,transaction at booking.com,15334.58,Travel
2025-02-22,transaction at apple music,317.1,Entertainment
2025-01-10,transaction at levis,6106.66,Clothing
2025-05-17,transaction at vodafone idea,313.83,Bills
2025-04-01,transaction at snapdeal,6800.27,Online Shopping
2025-05-17,transaction at boat lifestyle,45452.86,Electronics
2025-02-22,transaction at levis,2416.6,Clothing
2025-03-18,transaction at water board,5008.61,Bills
2025-12-29,transaction at nykaa,11056.9,Online Shopping
2025-01-02,transaction at taco bell,870.88,Food
2025-09-19,transaction at booking.com,14839.72,Travel
2025-12-28,transaction at pantaloons,6492.91,Clothing
2025-07-13,transaction at levis,3060.54,Clothing
2025-10-30,transaction at air india,26028.99,Travel
2025-04-20,transaction at airtel,3262.78,Bills
2025-11-02,transaction at nilgiris,2915.54,Grocery
2025-06-04,transaction at fortis,9594.79,Healthcare
2025-06-30,transaction at nike,4143.09,Clothing
2025-01-17,transaction at irctc,11115.37,Travel
2025-11-19,transaction at more supermarket,4618.73,Grocery
2025-04-16,transaction at kfc,1495.35,Food
2025-03-07,transaction at act fibernet,1317.06,Bills
2025-05-23,transaction at starbucks,837.31,Food
2025-10-13,transaction at noise,149349.96,Electronics
2025-05-28,transaction at paradise biryani,1307.46,Food
2025-11-19,transaction at rapido,365.48,Transport
2025-07-31,transaction at star bazaar,338.01,Grocery
2025-03-23,transaction at nilgiris,2907.71,Grocery
2025-05-07,transaction at water board,3967.31,Bills
2025-12-16,transaction at oyo,2044.97,Travel
2025-07-18,transaction at amazon,10497.51,Online Shopping
2025-11-23,transaction at goibibo,6111.48,Travel
2025-02-14,transaction at water board,3755.84,Bills
2025-01-20,transaction at saravana bhavan,554.4,Food
2025-11-26,transaction at netflix,959.4,Entertainment
2025-01-05,transaction at mcdonalds,946.7,Food
2025-06-16,transaction at vivo store,47234.6,Electronics
2025-08-16,transaction at netflix,512.76,Entertainment
2025-01-24,transaction at act fibernet,1095.07,Bills
2025-03-09,transaction at apollo pharmacy,1563.0,Healthcare
2025-01-08,transaction at netmeds,8794.54,Healthcare
2025-10-18,transaction at jio fiber,866.04,Bills
2025-08-31,transaction at bsnl,5333.85,Bills
2025-12-16,transaction at spotify,450.82,Entertainment
2025-03-11,transaction at property tax online,4252.57,Bills
2025-07-10,transaction at paradise biryani,1434.66,Food
2025-05-06,transaction at starbucks,1096.88,Food
2025-09-06,transaction at irctc,12537.15,Travel
2025-03-26,transaction at tsrtc,994.63,Transport
2025-05-03,transaction at chai point,1170.89,Food
2025-04-28,transaction at property tax online,3213.42,Bills
2025-09-16,transaction at apple store,9854.95,Electronics
2025-09-21,transaction at water board,2199.1,Bills
2025-10-31,transaction at tata cliq,240.3,Online Shopping
2025-04-24,transaction at hotstar,988.47,Entertainment
2025-08-12,transaction at medplus,10815.86,Healthcare
2025-02-23,transaction at bmtc,1389.94,Transport
2025-02-10,transaction at indigo,20016.05,Travel
2025-06-23,transaction at dominos,283.51,Food
2025-04-16,transaction at dmart,2851.49,Grocery
2025-05-18,transaction at sonyliv,190.76,Entertainment
2025-07-29,transaction at goibibo,5831.23,Travel
2025-01-12,transaction at vivo store,72835.1,Electronics
2025-11-06,transaction at property tax online,4179.48,Bills
2025-03-23,transaction at ccd,369.6,Food
2025-10-01,transaction at dmart,4507.27,Grocery
2025-03-25,transaction at saravana bhavan,289.19,Food
2025-08-07,transaction at spencers,2700.35,Grocery
2025-06-16,transaction at youtube premium,446.66,Entertainment
2025-09-09,transaction at rapido,454.74,Transport
2025-04-07,transaction at rapido,1124.4,Transport
2025-02-15,transaction at ccd,668.06,Food
2025-02-19,transaction at bsnl,4311.46,Bills
2025-03-03,transaction at jio fiber,5628.84,Bills
2025-04-30,transaction at biba,2199.05,Clothing
2025-01-27,transaction at pantaloons,7570.65,Clothing
2025-09-17,transaction at spencers,4460.32,Grocery
2025-02-06,transaction at spencers,2046.14,Grocery
2025-12-10,transaction at pantaloons,742.77,Clothing
2025-08-10,transaction at allen solly,5264.73,Clothing
2025-12-15,transaction at vodafone idea,1332.3,Bills
2025-08-24,transaction at oyo,24723.19,Travel
2025-10-10,transaction at rapido,598.06,Transport
2025-10-22,transaction at reliance fresh,3877.41,Grocery
2025-07-22,transaction at myntra,3166.67,Online Shopping
2025-05-25,transaction at tneb,1323.76,Bills
2025-03-21,transaction at oyo,23297.32,Travel
2025-03-02,transaction at spencers,4608.97,Grocery
2025-07-21,transaction at sony center,102654.19,Electronics
2025-11-27,transaction at flipkart,17869.11,Online Shopping
2025-05-30,transaction at amazon prime,402.57,Entertainment
2025-10-19,transaction at cloudnine,13010.73,Healthcare
2025-11-12,transaction at bigbazaar,3366.42,Grocery
2025-10-05,transaction at air india,8461.66,Travel
2025-03-27,transaction at apollo hospital,12510.41,Healthcare
2025-11-09,transaction at nilgiris,421.42,Grocery
2025-10-02,transaction at reliance digital,85807.31,Electronics
2025-03-21,transaction at tata cliq,10670.63,Online Shopping
2025-09-04,transaction at biba,579.03,Clothing
2025-06-19,transaction at pharmeasy,9134.0,Healthcare
2025-01-19,transaction at netflix,770.34,Entertainment
2025-10-27,transaction at tsrtc,905.22,Transport
2025-08-21,transaction at oyo,9146.54,Travel
2025-09-07,transaction at reliance digital,126973.35,Electronics
2025-10-23,transaction at jiomart,2120.58,Grocery
2025-08-24,transaction at samsung store,111887.57,Electronics
2025-11-18,transaction at yulu bikes,1436.56,Transport
2025-05-18,transaction at vistara,2342.58,Travel
2025-03-24,transaction at uber,724.77,Transport
2025-10-21,transaction at spencers,1212.19,Grocery
2025-02-22,transaction at kfc,1160.47,Food
2025-12-10,transaction at hp world,147064.51,Electronics
2025-02-10,transaction at adidas,7928.3,Clothing
2025-07-05,transaction at h&m,2692.62,Clothing
2025-06-06,transaction at youtube premium,603.61,Entertainment
2025-12-08,transaction at myntra,17217.43,Online Shopping
2025-02-25,transaction at goibibo,7423.46,Travel
2025-06-06,transaction at netflix,300.02,Entertainment
2025-01-16,transaction at netflix,538.56,Entertainment
2025-01-20,transaction at aster,1028.71,Healthcare
2025-04-10,transaction at flipkart,14620.72,Online Shopping
2025-07-31,transaction at boat lifestyle,117848.43,Electronics
2025-03-04,transaction at aster,19475.39,Healthcare
2025-06-21,transaction at snapdeal,10630.41,Online Shopping
2025-03-07,transaction at mcdonalds,1304.28,Food
2025-02-27,transaction at flipkart,7954.5,Online Shopping
2025-12-30,transaction at netmeds,14745.26,Healthcare
2025-11-11,transaction at indigo,8661.39,Travel
2025-03-11,transaction at youtube premium,603.5,Entertainment
2025-04-04,transaction at nike,5275.52,Clothing
2025-06-02,transaction at fortis,10473.59,Healthcare
2025-09-21,transaction at hp world,45429.5,Electronics
2025-05-23,transaction at spencers,3029.15,Grocery
2025-12-22,transaction at yulu bikes,572.6,Transport
2025-10-03,transaction at uber,711.39,Transport
2025-08-24,transaction at wrogn,7902.76,Clothing
2025-11-30,transaction at kauvery,8743.52,Healthcare
2025-04-26,transaction at bmtc,1794.71,Transport
2025-03-23,transaction at more supermarket,3121.34,Grocery
2025-01-30,transaction at pizza hut,846.93,Food
2025-08-28,transaction at samsung store,124616.3,Electronics
2025-02-05,transaction at chai point,319.11,Food
2025-10-24,transaction at pharmeasy,1030.38,Healthcare
2025-06-21,transaction at indigo,3283.48,Travel
2025-11-05,transaction at water board,292.83,Bills
2025-06-11,transaction at oyo,23791.49,Travel
2025-09-25,transaction at star bazaar,4510.72,Grocery
2025-04-22,transaction at bsnl,5094.47,Bills
2025-08-06,transaction at biba,2685.24,Clothing
2025-12-11,transaction at star bazaar,3716.69,Grocery
2025-04-09,transaction at amazon prime,966.25,Entertainment
2025-07-31,transaction at meesho,18119.79,Online Shopping
2025-12-02,transaction at burger king,1252.09,Food
2025-11-14,transaction at asus store,24850.41,Electronics
2025-06-21,transaction at sony center,4274.69,Electronics
2025-02-16,transaction at irctc,22798.9,Travel
2025-07-25,transaction at nature's basket,3198.43,Grocery
2025-08-02,transaction at jiomart,3750.45,Grocery
2025-10-14,transaction at biba,6857.44,Clothing
2025-03-25,transaction at burger king,920.15,Food
2025-02-12,transaction at chai point,806.07,Food
2025-11-14,transaction at hotstar,189.11,Entertainment
2025-12-06,transaction at reliance digital,57283.39,Electronics
2025-12-14,transaction at metro rail,259.35,Transport
2025-05-21,transaction at property tax online,4431.95,Bills
2025-07-26,transaction at ccd,267.47,Food
2025-05-11,transaction at booking.com,960.81,Travel
2025-03-30,transaction at bigbazaar,4429.65,Grocery
2025-02-03,transaction at taco bell,1174.11,Food
2025-10-20,transaction at nike,4558.86,Clothing
2025-10-17,transaction at ccd,1448.1,Food
2025-10-19,transaction at sonyliv,974.72,Entertainment
2025-01-25,transaction at apollo pharmacy,4233.67,Healthcare
2025-04-01,transaction at meru cabs,1392.64,Transport
2025-04-28,transaction at kfc,1308.51,Food
2025-07-21,transaction at kauvery,1660.65,Healthcare
2025-06-10,transaction at pharmeasy,10204.39,Healthcare
2025-05-26,transaction at sonyliv,610.01,Entertainment
2025-11-05,transaction at tsrtc,691.63,Transport
2025-03-18,transaction at burger king,556.6,Food
2025-07-20,transaction at taco bell,101.46,Food
2025-01-31,transaction at water board,508.77,Bills
2025-01-18,transaction at fortis,1974.71,Healthcare
2025-01-17,transaction at nilgiris,685.22,Grocery
2025-07-09,transaction at hp world,84798.67,Electronics
2025-01-20,transaction at nike,6335.03,Clothing
2025-04-11,transaction at vodafone idea,5707.02,Bills
2025-12-30,transaction at redbus,369.01,Transport
2025-04-21,transaction at irctc,1928.17,Travel
2025-10-27,transaction at noise,126862.8,Electronics
2025-11-22,transaction at sonyliv,316.39,Entertainment
2025-09-12,transaction at airasia,10454.07,Travel
2025-08-30,transaction at meru cabs,971.09,Transport
2025-01-06,transaction at yulu bikes,486.8,Transport
2025-01-31,transaction at kauvery,18889.88,Healthcare
2025-10-12,transaction at water board,3996.2,Bills
2025-01-06,transaction at water board,3331.01,Bills
2025-11-20,transaction at dominos,571.22,Food
2025-01-29,transaction at a2b,835.42,Food
2025-06-30,transaction at dominos,1367.4,Food
2025-02-25,transaction at snapdeal,17628.94,Online Shopping
2025-05-07,transaction at ccd,695.84,Food
2025-06-02,transaction at hotstar,877.65,Entertainment
2025-06-22,transaction at makemytrip,12420.06,Travel
2025-03-04,transaction at water board,4699.67,Bills
2025-07-22,transaction at vistara,7003.47,Travel
2025-02-18,transaction at pizza hut,265.72,Food
2025-10-10,transaction at puma,7287.9,Clothing
2025-07-12,transaction at hp world,119838.66,Electronics
2025-08-31,transaction at yulu bikes,471.16,Transport
2025-07-24,transaction at snapdeal,19139.33,Online Shopping
2025-01-28,transaction at puma,5661.92,Clothing
2025-12-13,transaction at cream stone,863.04,Food
2025-11-05,transaction at boat lifestyle,141218.86,Electronics
2025-08-01,transaction at apple store,11779.45,Electronics
2025-02-27,transaction at nykaa,19542.23,Online Shopping
2025-03-20,transaction at subway,553.97,Food
2025-05-14,transaction at puma,4547.6,Clothing
2025-05-21,transaction at cream stone,705.78,Food
2025-07-08,transaction at bigbazaar,768.3,Grocery
2025-05-06,transaction at spencers,639.56,Grocery
2025-09-24,transaction at water board,1234.73,Bills
2025-01-16,transaction at dell exclusive,49085.04,Electronics
2025-06-01,transaction at vistara,26640.71,Travel
2025-02-05,transaction at spencers,1267.41,Grocery
2025-09-08,transaction at apollo pharmacy,8719.23,Healthcare
2025-05-15,transaction at apollo pharmacy,18799.96,Healthcare
2025-06-27,transaction at netmeds,14420.78,Healthcare
2025-12-31,transaction at hp world,7025.44,Electronics
2025-10-15,transaction at ola,833.64,Transport
2025-06-19,transaction at yulu bikes,1060.45,Transport
2025-03-29,transaction at ajio,6425.56,Online Shopping
2025-03-03,transaction at bigbazaar,4397.76,Grocery
2025-12-08,transaction at oneplus,138839.82,Electronics
2025-01-25,transaction at gaana,450.06,Entertainment
2025-04-01,transaction at aha,320.19,Entertainment
2025-12-08,transaction at hotstar,614.79,Entertainment
2025-01-11,transaction at snapdeal,2280.31,Online Shopping
2025-07-02,transaction at spencers,796.87,Grocery
2025-01-10,transaction at meru cabs,111.51,Transport
2025-02-09,transaction at vistara,10645.44,Travel
2025-01-14,transaction at pepperfry,9837.52,Online Shopping
2025-09-17,transaction at 1mg,762.6,Healthcare
2025-01-30,transaction at apple music,480.04,Entertainment
2025-01-31,transaction at bsnl,585.96,Bills
2025-01-22,transaction at asus store,5639.35,Electronics
2025-12-28,transaction at vivo store,58106.34,Electronics
2025-11-23,transaction at airtel,4982.78,Bills
2025-10-18,transaction at oneplus,59260.28,Electronics
2025-09-24,transaction at 1mg,15965.36,Healthcare
2025-03-07,transaction at netmeds,19921.29,Healthcare
2025-10-28,transaction at pharmeasy,13605.76,Healthcare
2025-05-01,transaction at booking.com,15871.51,Travel
2025-04-18,transaction at adidas,1016.73,Clothing
2025-07-25,transaction at jiomart,3338.95,Grocery
2025-12-11,transaction at airasia,14094.1,Travel
2025-05-21,transaction at flipkart,4322.48,Online Shopping
2025-06-24,transaction at oneplus,68038.0,Electronics
2025-12-26,transaction at nature's basket,365.54,Grocery
2025-05-16,transaction at saravana bhavan,143.62,Food
2025-09-02,transaction at booking.com,19911.94,Travel
2025-06-05,transaction at rapido,1737.48,Transport
2025-12-11,transaction at hp world,45883.84,Electronics
2025-08-01,transaction at spotify,586.34,Entertainment
2025-06-16,transaction at hp world,28294.79,Electronics
2025-08-14,transaction at dominos,1360.98,Food
2025-09-28,transaction at myntra,6681.25,Online Shopping
2025-09-04,transaction at lenskart,17784.38,Online Shopping
2025-02-09,transaction at flipkart,15307.59,Online Shopping
2025-11-28,transaction at spotify,330.83,Entertainment
2025-11-12,transaction at kauvery,17967.11,Healthcare
2025-10-13,transaction at meru cabs,458.32,Transport
2025-01-01,transaction at tsrtc,1830.5,Transport
2025-03-08,transaction at apple music,520.34,Entertainment
2025-04-01,transaction at ola,1456.54,Transport
2025-05-06,transaction at youtube premium,407.9,Entertainment
2025-07-08,transaction at uber,994.84,Transport
2025-02-23,transaction at booking.com,4041.34,Travel
2025-09-19,transaction at sonyliv,230.88,Entertainment
2025-08-15,transaction at jio fiber,1420.62,Bills
2025-07-19,transaction at airasia,18962.18,Travel
2025-07-09,transaction at apollo pharmacy,12957.24,Healthcare
2025-04-04,transaction at 1mg,673.42,Healthcare
2025-08-23,transaction at samsung store,48291.27,Electronics
2025-04-20,transaction at ccd,1320.45,Food
2025-02-02,transaction at more supermarket,2397.24,Grocery
2025-06-25,transaction at barbeque nation,530.68,Food
2025-05-21,transaction at paradise biryani,935.83,Food
2025-06-09,transaction at lenskart,6741.27,Online Shopping
2025-06-25,transaction at wrogn,1065.89,Clothing
2025-01-29,transaction at goibibo,29047.54,Travel
2025-06-19,transaction at biba,7215.91,Clothing
2025-12-15,transaction at tata cliq,18577.0,Online Shopping
2025-09-13,transaction at vivo store,3229.05,Electronics
2025-06-15,transaction at snapdeal,11143.22,Online Shopping
2025-04-09,transaction at sonyliv,370.67,Entertainment
2025-02-09,transaction at woodland,7046.85,Clothing
2025-05-21,transaction at pantaloons,4349.94,Clothing
2025-01-23,transaction at meesho,6755.24,Online Shopping
2025-03-22,transaction at apple music,720.96,Entertainment
2025-07-10,transaction at reliance fresh,2081.42,Grocery
2025-06-16,transaction at starbucks,1251.97,Food
2025-08-14,transaction at reliance fresh,590.22,Grocery
2025-09-24,transaction at sony center,29600.11,Electronics
2025-05-09,transaction at oyo,15132.07,Travel
2025-07-13,transaction at aster,822.71,Healthcare
2025-09-01,transaction at adidas,7536.43,Clothing
2025-05-21,transaction at ajio,15768.63,Online Shopping
2025-09-01,transaction at netflix,633.88,Entertainment
2025-11-08,transaction at woodland,2482.68,Clothing
2025-04-08,transaction at woodland,7312.37,Clothing
2025-02-20,transaction at levis,3551.19,Clothing
2025-01-20,transaction at star bazaar,758.0,Grocery
2025-06-24,transaction at h&m,3920.96,Clothing
2025-01-25,transaction at apple music,948.61,Entertainment
2025-06-28,transaction at vodafone idea,501.47,Bills
2025-02-04,transaction at redbus,1705.46,Transport
2025-01-20,transaction at puma,7495.86,Clothing
2025-12-01,transaction at meesho,2346.16,Online Shopping
2025-09-15,transaction at tata cliq,18904.35,Online Shopping
2025-07-07,transaction at act fibernet,750.58,Bills
2025-06-05,transaction at yulu bikes,1940.89,Transport
2025-12-03,transaction at fortis,193.25,Healthcare
2025-08-06,transaction at allen solly,2583.75,Clothing
2025-07-11,transaction at chai point,1138.84,Food
2025-08-10,transaction at dominos,498.34,Food
2025-12-12,transaction at vivo store,103611.66,Electronics
2025-01-07,transaction at oneplus,50849.39,Electronics
2025-10-10,transaction at nature's basket,1109.0,Grocery
2025-01-16,transaction at mi store,66872.52,Electronics
2025-11-11,transaction at sony center,26450.34,Electronics
2025-09-04,transaction at zara,2698.76,Clothing
2025-06-26,transaction at pepperfry,120.91,Online Shopping
2025-10-26,transaction at asus store,116116.39,Electronics
2025-05-11,transaction at nykaa,19246.61,Online Shopping
2025-11-08,transaction at cloudnine,17156.26,Healthcare
2025-05-11,transaction at pizza hut,1330.23,Food
2025-05-26,transaction at booking.com,22861.68,Travel
2025-11-23,transaction at airasia,17311.31,Travel
2025-10-20,transaction at nike,3223.11,Clothing
2025-03-07,transaction at act fibernet,3943.29,Bills
2025-07-05,transaction at tsrtc,656.97,Transport
2025-11-08,transaction at kfc,1101.8,Food
2025-12-16,transaction at kauvery,16635.22,Healthcare
2025-04-30,transaction at star bazaar,2533.57,Grocery
2025-06-30,transaction at dmart,3656.5,Grocery
2025-05-16,transaction at noise,146221.98,Electronics
2025-08-08,transaction at kauvery,14592.78,Healthcare
2025-05-21,transaction at kauvery,13635.83,Healthcare
2025-04-17,transaction at cream stone,131.5,Food
2025-01-01,transaction at vistara,17697.66,Travel
2025-09-04,transaction at zee5,827.91,Entertainment
2025-04-01,transaction at medplus,17380.84,Healthcare
2025-10-02,transaction at mcdonalds,431.71,Food
2025-01-10,transaction at ccd,893.7,Food
2025-02-04,transaction at indigo,8435.54,Travel
2025-06-15,transaction at nilgiris,3250.52,Grocery
2025-12-23,transaction at irctc,20146.59,Travel
2025-01-26,transaction at yatra,20027.75,Travel
2025-05-16,transaction at more supermarket,3912.16,Grocery
2025-09-18,transaction at airtel,4886.44,Bills
2025-11-12,transaction at boat lifestyle,115363.25,Electronics
2025-11-30,transaction at taco bell,1132.53,Food
2025-04-09,transaction at boat lifestyle,94394.62,Electronics
2025-09-28,transaction at gaana,373.72,Entertainment
2025-09-15,transaction at boat lifestyle,124461.4,Electronics
2025-12-14,transaction at bigbazaar,2860.62,Grocery
2025-09-18,transaction at dmart,2487.41,Grocery
2025-12-12,transaction at biba,3700.31,Clothing
2025-12-26,transaction at aha,852.26,Entertainment
2025-07-09,transaction at snapdeal,14152.64,Online Shopping
2025-03-12,transaction at barbeque nation,480.99,Food
2025-12-10,transaction at jio fiber,4899.14,Bills
2025-04-08,transaction at amazon,371.83,Online Shopping
2025-04-08,transaction at pepperfry,1007.15,Online Shopping
2025-02-20,transaction at snapdeal,9773.41,Online Shopping
2025-10-30,transaction at vistara,17239.18,Travel
2025-06-08,transaction at ajio,5437.34,Online Shopping
2025-11-28,transaction at samsung store,147278.88,Electronics
2025-05-28,transaction at kfc,1108.69,Food
2025-06-20,transaction at paradise biryani,344.98,Food
2025-05-03,transaction at ccd,927.84,Food
2025-01-03,transaction at airtel,3449.0,Bills
2025-09-30,transaction at gaana,413.85,Entertainment
2025-01-28,transaction at oneplus,5636.14,Electronics
2025-12-04,transaction at tneb,5903.78,Bills
2025-03-22,transaction at noise,147389.4,Electronics
2025-09-15,transaction at air india,27052.89,Travel
2025-06-29,transaction at vivo store,114185.63,Electronics
2025-09-09,transaction at apple store,42407.59,Electronics
2025-04-08,transaction at amazon prime,699.85,Entertainment
2025-07-31,transaction at ajio,15972.22,Online Shopping
2025-06-07,transaction at bigbazaar,2758.43,Grocery
2025-06-01,transaction at barbeque nation,468.28,Food
2025-07-30,transaction at samsung store,47831.44,Electronics
2025-11-03,transaction at bsnl,4757.22,Bills
2025-03-26,transaction at burger king,398.91,Food
2025-08-18,transaction at barbeque nation,667.84,Food
2025-07-20,transaction at cream stone,715.24,Food
2025-03-12,transaction at kauvery,19512.98,Healthcare
2025-08-04,transaction at kfc,407.5,Food
2025-07-29,transaction at tneb,2155.85,Bills
2025-05-19,transaction at 1mg,17248.42,Healthcare
2025-04-02,transaction at yulu bikes,1613.48,Transport
2025-12-01,transaction at woodland,5939.74,Clothing
2025-06-01,transaction at snapdeal,7428.31,Online Shopping
2025-02-17,transaction at lenskart,8823.95,Online Shopping
2025-10-16,transaction at biba,7817.58,Clothing
2025-08-05,transaction at rapido,1762.38,Transport
2025-10-23,transaction at spencers,2940.94,Grocery
2025-06-04,transaction at youtube premium,960.59,Entertainment
2025-07-06,transaction at yulu bikes,923.53,Transport
2025-06-04,transaction at pizza hut,1312.37,Food
2025-11-19,transaction at act fibernet,5542.36,Bills
2025-10-11,transaction at pharmeasy,11690.41,Healthcare
2025-12-29,transaction at ajio,9313.73,Online Shopping
2025-03-07,transaction at croma,88933.34,Electronics
2025-02-27,transaction at kauvery,14080.97,Healthcare
2025-06-05,transaction at ola,859.25,Transport
2025-05-26,transaction at apollo pharmacy,5033.6,Healthcare
2025-01-11,transaction at burger king,1395.14,Food
2025-11-16,transaction at paradise biryani,648.24,Food
2025-01-31,transaction at max fashion,3494.52,Clothing
2025-06-03,transaction at nature's basket,552.8,Grocery
2025-05-25,transaction at vivo store,23631.41,Electronics
2025-07-19,transaction at mcdonalds,649.77,Food
2025-11-26,transaction at pizza hut,720.59,Food
2025-06-01,transaction at bsnl,5576.66,Bills
2025-12-21,transaction at redbus,680.23,Transport
2025-12-06,transaction at woodland,4028.13,Clothing
2025-12-01,transaction at water board,1600.73,Bills
2025-09-23,transaction at kauvery,5160.03,Healthcare
2025-05-16,transaction at makemytrip,15324.62,Travel
2025-02-28,transaction at youtube premium,993.17,Entertainment
2025-09-04,transaction at tata cliq,14901.24,Online Shopping
2025-08-09,transaction at fortis,17970.84,Healthcare
2025-01-09,transaction at levis,7104.45,Clothing
2025-01-20,transaction at allen solly,5453.23,Clothing
2025-09-15,transaction at pepperfry,3792.32,Online Shopping
2025-03-20,transaction at star bazaar,3074.61,Grocery
2025-03-20,transaction at lenskart,19764.91,Online Shopping
2025-06-18,transaction at pepperfry,3022.07,Online Shopping
2025-10-09,transaction at apollo pharmacy,17710.83,Healthcare
2025-01-08,transaction at lenskart,9678.47,Online Shopping
2025-12-14,transaction at airtel,2351.51,Bills
2025-02-21,transaction at irctc,21755.19,Travel
2025-12-02,transaction at vodafone idea,872.73,Bills
2025-04-27,transaction at zee5,516.99,Entertainment
2025-11-29,transaction at vivo store,5711.32,Electronics
2025-04-28,transaction at water board,5422.26,Bills
2025-03-21,transaction at fortis,7329.69,Healthcare
2025-04-22,transaction at pharmeasy,11410.82,Healthcare
2025-05-06,transaction at spencers,1047.5,Grocery
2025-08-03,transaction at indigo,27603.5,Travel
2025-07-29,transaction at gas agency,4661.69,Bills
2025-12-29,transaction at spencers,1069.13,Grocery
2025-01-28,transaction at metro rail,1097.98,Transport
2025-07-20,transaction at meru cabs,1141.79,Transport
2025-06-26,transaction at makemytrip,7673.08,Travel
2025-12-07,transaction at gas agency,4008.68,Bills
2025-03-10,transaction at wrogn,6766.19,Clothing
2025-02-15,transaction at mcdonalds,937.98,Food
2025-05-18,transaction at rapido,1784.97,Transport
2025-07-14,transaction at tsrtc,1671.26,Transport
2025-05-12,transaction at yulu bikes,556.23,Transport
2025-03-24,transaction at 1mg,12526.46,Healthcare
2025-02-18,transaction at 1mg,1763.41,Healthcare
2025-06-22,transaction at metro rail,1873.82,Transport
2025-10-20,transaction at ola,581.7,Transport
2025-11-23,transaction at property tax online,4433.9,Bills
2025-10-03,transaction at saravana bhavan,726.73,Food
2025-08-30,transaction at dmart,2161.77,Grocery
2025-06-18,transaction at vivo store,87977.29,Electronics
2025-05-25,transaction at youtube premium,346.74,Entertainment
2025-01-20,transaction at pantaloons,5901.94,Clothing
2025-10-19,transaction at spencers,3368.37,Grocery
2025-12-27,transaction at yatra,8961.68,Travel
2025-11-22,transaction at water board,1871.77,Bills
2025-07-06,transaction at redbus,849.83,Transport
2025-06-19,transaction at spencers,4987.51,Grocery
2025-10-20,transaction at adidas,1508.24,Clothing
2025-08-02,transaction at burger king,218.62,Food
2025-10-29,transaction at oneplus,114216.2,Electronics
2025-09-15,transaction at boat lifestyle,46074.97,Electronics
2025-12-25,transaction at allen solly,5053.37,Clothing
2025-08-26,transaction at bmtc,424.99,Transport
2025-11-15,transaction at apple store,54741.42,Electronics
2025-01-21,transaction at more supermarket,1773.68,Grocery
2025-12-30,transaction at ola,1454.14,Transport
2025-10-09,transaction at goibibo,25683.0,Travel
2025-02-15,transaction at flipkart,12762.93,Online Shopping
2025-12-06,transaction at rapido,1611.08,Transport
2025-12-14,transaction at meesho,6257.78,Online Shopping
2025-04-18,transaction at gaana,160.35,Entertainment
2025-04-22,transaction at apple music,520.3,Entertainment
2025-06-26,transaction at taco bell,1039.1,Food
2025-12-17,transaction at property tax online,3178.07,Bills
2025-07-17,transaction at sonyliv,127.54,Entertainment
2025-11-07,transaction at barbeque nation,1428.57,Food
2025-06-14,transaction at aster,138.93,Healthcare
2025-11-11,transaction at aster,952.07,Healthcare
2025-04-27,transaction at tsrtc,1775.07,Transport
2025-09-11,transaction at zee5,398.79,Entertainment
2025-08-26,transaction at aha,543.51,Entertainment
2025-10-24,transaction at makemytrip,9327.41,Travel
2025-06-29,transaction at barbeque nation,975.33,Food
2025-07-17,transaction at lenskart,11030.02,Online Shopping
2025-01-23,transaction at cloudnine,18968.15,Healthcare
2025-11-23,transaction at metro rail,85.8,Transport
2025-09-27,transaction at taco bell,1312.47,Food
2025-07-11,transaction at jiomart,3079.7,Grocery
2025-11-04,transaction at gaana,398.39,Entertainment
2025-12-26,transaction at star bazaar,1659.05,Grocery
2025-11-07,transaction at property tax online,817.58,Bills
2025-07-23,transaction at jio fiber,5786.68,Bills
2025-06-13,transaction at kauvery,4682.61,Healthcare
2025-05-11,transaction at flipkart,13354.57,Online Shopping
2025-02-19,transaction at adidas,4470.83,Clothing
2025-12-28,transaction at asus store,108156.02,Electronics
2025-04-11,transaction at dell exclusive,84284.59,Electronics
2025-06-12,transaction at lenskart,419.0,Online Shopping
2025-09-17,transaction at nature's basket,1918.32,Grocery
2025-04-08,transaction at pizza hut,1217.23,Food
2025-10-21,transaction at makemytrip,11086.21,Travel
2025-03-05,transaction at meesho,6917.49,Online Shopping
2025-10-11,transaction at apollo hospital,10258.92,Healthcare
2025-06-10,transaction at nike,2733.01,Clothing
2025-03-25,transaction at samsung store,67008.8,Electronics
2025-05-19,transaction at cloudnine,15379.7,Healthcare
2025-11-14,transaction at yulu bikes,1730.26,Transport
2025-10-06,transaction at act fibernet,2910.85,Bills
2025-07-05,transaction at max fashion,5217.55,Clothing
2025-07-12,transaction at netflix,564.46,Entertainment
2025-01-20,transaction at sony center,105215.65,Electronics
2025-05-22,transaction at aster,16881.19,Healthcare
2025-06-08,transaction at act fibernet,3627.36,Bills
2025-09-08,transaction at bmtc,1919.07,Transport
2025-02-05,transaction at tsrtc,121.76,Transport
2025-02-22,transaction at mi store,51524.42,Electronics
2025-09-18,transaction at lenskart,6547.56,Online Shopping
2025-07-18,transaction at aha,652.63,Entertainment
2025-06-19,transaction at cloudnine,14173.33,Healthcare
2025-04-30,transaction at airasia,29496.39,Travel
2025-03-27,transaction at nature's basket,2413.93,Grocery
2025-03-02,transaction at amazon,527.98,Online Shopping
2025-07-28,transaction at oneplus,15506.19,Electronics
2025-10-27,transaction at spotify,660.39,Entertainment
2025-03-16,transaction at amazon prime,300.61,Entertainment
2025-09-29,transaction at amazon prime,799.34,Entertainment
2025-03-05,transaction at tsrtc,1318.26,Transport
2025-06-05,transaction at vodafone idea,666.87,Bills
2025-03-19,transaction at sonyliv,879.98,Entertainment
2025-04-28,transaction at hp world,33237.89,Electronics
2025-07-28,transaction at kauvery,15274.5,Healthcare
2025-05-04,transaction at us polo,6845.98,Clothing
2025-06-01,transaction at myntra,14312.24,Online Shopping
2025-07-06,transaction at amazon,19591.4,Online Shopping
2025-07-12,transaction at yulu bikes,1113.58,Transport
2025-10-01,transaction at adidas,4599.32,Clothing
2025-11-04,transaction at saravana bhavan,211.0,Food
2025-02-15,transaction at dell exclusive,117703.22,Electronics
2025-07-13,transaction at star bazaar,3816.4,Grocery
2025-07-07,transaction at burger king,522.09,Food
2025-04-03,transaction at pantaloons,1373.11,Clothing
2025-10-21,transaction at meesho,17194.79,Online Shopping
2025-11-10,transaction at redbus,938.31,Transport
2025-10-05,transaction at fortis,17494.66,Healthcare
2025-01-20,transaction at asus store,3905.52,Electronics
2025-11-28,transaction at reliance fresh,1580.79,Grocery
2025-10-25,transaction at pepperfry,18983.63,Online Shopping
2025-06-22,transaction at meesho,3655.88,Online Shopping
2025-10-24,transaction at cloudnine,4119.25,Healthcare
2025-10-05,transaction at ola,469.14,Transport
2025-11-30,transaction at sony center,67007.22,Electronics
2025-02-16,transaction at a2b,264.33,Food
2025-09-27,transaction at vodafone idea,3693.0,Bills
2025-02-22,transaction at booking.com,17318.24,Travel
2025-03-09,transaction at pepperfry,2425.89,Online Shopping
2025-10-16,transaction at makemytrip,12814.81,Travel
2025-04-14,transaction at amazon,1258.97,Online Shopping
2025-02-14,transaction at levis,6681.59,Clothing
2025-11-30,transaction at pizza hut,776.04,Food
2025-12-12,transaction at subway,335.33,Food
2025-02-18,transaction at goibibo,19052.11,Travel
2025-05-27,transaction at amazon,2747.36,Online Shopping
2025-11-15,transaction at tata cliq,12271.23,Online Shopping
2025-04-25,transaction at pizza hut,320.8,Food
2025-04-14,transaction at uber,948.11,Transport
2025-08-08,transaction at irctc,22040.26,Travel
2025-07-19,transaction at nykaa,7791.9,Online Shopping
2025-01-01,transaction at bigbazaar,4302.17,Grocery
2025-06-17,transaction at vodafone idea,4873.18,Bills
2025-04-08,transaction at saravana bhavan,744.13,Food
2025-09-20,transaction at uber,759.59,Transport
2025-08-17,transaction at redbus,1730.38,Transport
2025-04-23,transaction at act fibernet,3238.24,Bills
2025-03-18,transaction at cream stone,793.6,Food
2025-08-01,transaction at asus store,113485.54,Electronics
2025-12-19,transaction at spotify,309.67,Entertainment
2025-04-20,transaction at samsung store,16937.44,Electronics
2025-05-12,transaction at lenskart,15104.15,Online Shopping
2025-10-25,transaction at puma,542.52,Clothing
2025-12-20,transaction at spencers,4327.53,Grocery
2025-10-16,transaction at booking.com,14296.62,Travel
2025-04-27,transaction at samsung store,126798.63,Electronics
2025-11-04,transaction at vistara,8863.91,Travel
2025-05-21,transaction at nilgiris,388.97,Grocery
2025-07-10,transaction at dmart,3754.16,Grocery
2025-12-21,transaction at oyo,2526.2,Travel
2025-10-09,transaction at saravana bhavan,574.92,Food
2025-03-29,transaction at jiomart,3745.45,Grocery
2025-03-03,transaction at pharmeasy,13050.96,Healthcare
2025-02-20,transaction at water board,682.45,Bills
2025-01-06,transaction at oneplus,65207.52,Electronics
2025-03-09,transaction at h&m,6213.94,Clothing
2025-11-05,transaction at pepperfry,18618.31,Online Shopping
2025-03-05,transaction at us polo,3057.97,Clothing
2025-05-12,transaction at sonyliv,822.41,Entertainment
2025-08-20,transaction at nike,1851.12,Clothing
2025-12-14,transaction at aha,873.54,Entertainment
2025-09-19,transaction at amazon,954.55,Online Shopping
2025-12-31,transaction at croma,124326.04,Electronics
2025-12-25,transaction at medplus,11681.99,Healthcare
2025-07-21,transaction at amazon prime,392.57,Entertainment
2025-02-27,transaction at bmtc,155.46,Transport
2025-07-02,transaction at oyo,22468.84,Travel
2025-04-18,transaction at star bazaar,2255.08,Grocery
2025-11-24,transaction at myntra,19068.34,Online Shopping
2025-04-27,transaction at apollo hospital,1199.75,Healthcare
2025-09-23,transaction at biba,3267.07,Clothing
2025-07-13,transaction at jio fiber,1873.11,Bills
2025-06-11,transaction at amazon,7252.26,Online Shopping
2025-11-20,transaction at bigbazaar,1970.92,Grocery
2025-11-08,transaction at zee5,806.04,Entertainment
2025-03-20,transaction at tata cliq,4866.22,Online Shopping
2025-06-23,transaction at cream stone,940.29,Food
2025-02-09,transaction at burger king,756.43,Food
2025-04-14,transaction at metro rail,611.16,Transport
2025-05-31,transaction at star bazaar,4811.62,Grocery
2025-12-04,transaction at bsnl,2998.12,Bills
2025-07-27,transaction at medplus,6806.96,Healthcare
2025-12-08,transaction at h&m,4580.55,Clothing
2025-06-13,transaction at makemytrip,1956.33,Travel
2025-07-31,transaction at airtel,2305.06,Bills
2025-05-24,transaction at spencers,3666.18,Grocery
2025-04-04,transaction at nykaa,14695.2,Online Shopping
2025-04-01,transaction at lenskart,8178.1,Online Shopping
2025-06-24,transaction at booking.com,7870.47,Travel
2025-09-20,transaction at pizza hut,890.85,Food
2025-03-25,transaction at uber,889.24,Transport
2025-07-08,transaction at uber,427.19,Transport
2025-04-03,transaction at burger king,186.05,Food
2025-08-10,transaction at tata cliq,3464.7,Online Shopping
2025-06-07,transaction at vodafone idea,324.03,Bills
2025-11-09,transaction at irctc,26008.58,Travel
2025-07-13,transaction at biba,5995.41,Clothing
2025-08-28,transaction at apple music,143.94,Entertainment
2025-12-22,transaction at cream stone,140.1,Food
2025-03-01,transaction at amazon prime,817.05,Entertainment
2025-05-15,transaction at taco bell,357.9,Food
2025-08-20,transaction at noise,132722.65,Electronics
2025-06-12,transaction at makemytrip,15423.1,Travel
2025-10-26,transaction at sonyliv,464.41,Entertainment
2025-05-05,transaction at aster,6155.87,Healthcare
2025-12-01,transaction at kfc,1373.43,Food
2025-08-18,transaction at barbeque nation,608.77,Food
2025-04-27,transaction at bigbazaar,4677.27,Grocery
2025-08-09,transaction at meru cabs,405.34,Transport
2025-04-09,transaction at pepperfry,10245.39,Online Shopping
2025-10-30,transaction at allen solly,1262.47,Clothing
2025-02-26,transaction at gaana,802.99,Entertainment
2025-04-13,transaction at meesho,15394.77,Online Shopping
2025-10-30,transaction at gas agency,4103.1,Bills
2025-03-18,transaction at air india,1660.55,Travel
2025-06-02,transaction at pepperfry,739.38,Online Shopping
2025-02-18,transaction at netflix,862.61,Entertainment
2025-03-27,transaction at meru cabs,82.49,Transport
2025-08-05,transaction at us polo,6709.24,Clothing
2025-03-05,transaction at mi store,63254.42,Electronics
2025-11-24,transaction at cream stone,1311.07,Food
2025-12-09,transaction at gas agency,5998.13,Bills
2025-11-13,transaction at vodafone idea,1254.93,Bills
2025-02-02,transaction at tata cliq,18403.79,Online Shopping
2025-01-28,transaction at fortis,10339.69,Healthcare
2025-03-07,transaction at apollo pharmacy,16122.93,Healthcare
2025-02-07,transaction at croma,100894.23,Electronics
2025-11-19,transaction at water board,1751.67,Bills
2025-10-16,transaction at indigo,3360.61,Travel
2025-07-12,transaction at spencers,2948.82,Grocery
2025-08-05,transaction at vistara,12735.95,Travel
2025-04-04,transaction at paradise biryani,1106.14,Food
2025-02-15,transaction at ajio,15360.42,Online Shopping
2025-08-28,transaction at jiomart,2610.94,Grocery
2025-03-09,transaction at jiomart,1874.69,Grocery
2025-02-12,transaction at meesho,6456.66,Online Shopping
2025-12-05,transaction at vistara,14151.31,Travel
2025-08-23,transaction at hp world,55766.06,Electronics
2025-06-03,transaction at pharmeasy,432.33,Healthcare
2025-11-04,transaction at jio fiber,5228.92,Bills
2025-11-18,transaction at act fibernet,1322.38,Bills
2025-04-20,transaction at wrogn,966.17,Clothing
2025-07-13,transaction at vistara,16321.32,Travel
2025-04-04,transaction at flipkart,7616.68,Online Shopping
2025-10-23,transaction at meesho,13613.98,Online Shopping
2025-03-08,transaction at sony center,134951.28,Electronics
2025-05-18,transaction at amazon,7054.28,Online Shopping
2025-03-29,transaction at sonyliv,405.33,Entertainment
2025-05-08,transaction at redbus,1480.63,Transport
2025-08-05,transaction at jiomart,3578.31,Grocery
2025-12-15,transaction at dell exclusive,32808.58,Electronics
2025-07-12,transaction at kauvery,12058.32,Healthcare
2025-01-11,transaction at apollo pharmacy,7458.71,Healthcare
2025-06-25,transaction at levis,578.46,Clothing
2025-03-09,transaction at uber,391.41,Transport
2025-12-10,transaction at apollo pharmacy,3821.78,Healthcare
2025-02-22,transaction at redbus,1876.49,Transport
2025-09-18,transaction at medplus,18458.59,Healthcare
2025-05-08,transaction at yulu bikes,1472.28,Transport
2025-06-29,transaction at vistara,23544.09,Travel
2025-05-05,transaction at croma,30415.9,Electronics
2025-01-21,transaction at mi store,136182.19,Electronics
2025-09-10,transaction at irctc,28861.28,Travel
2025-05-31,transaction at sony center,142943.57,Electronics
2025-12-14,transaction at subway,834.73,Food
2025-08-10,transaction at samsung store,100931.76,Electronics
2025-08-02,transaction at myntra,10136.81,Online Shopping
2025-10-01,transaction at amazon prime,385.0,Entertainment
2025-07-22,transaction at fortis,665.19,Healthcare
2025-10-30,transaction at yulu bikes,403.29,Transport
2025-06-06,transaction at nike,7566.57,Clothing
2025-01-21,transaction at paradise biryani,892.06,Food
2025-01-27,transaction at goibibo,12523.68,Travel
2025-03-03,transaction at act fibernet,4731.56,Bills
2025-02-22,transaction at amazon prime,244.64,Entertainment
2025-12-29,transaction at reliance fresh,4339.7,Grocery
2025-04-08,transaction at apollo pharmacy,5331.9,Healthcare
2025-07-13,transaction at fortis,9689.58,Healthcare
2025-12-16,transaction at booking.com,4678.72,Travel
2025-01-10,transaction at hotstar,495.23,Entertainment
2025-04-14,transaction at 1mg,19545.38,Healthcare
2025-08-30,transaction at spotify,851.85,Entertainment
2025-06-29,transaction at makemytrip,21530.29,Travel
2025-05-28,transaction at pharmeasy,15154.34,Healthcare
2025-05-01,transaction at bigbazaar,4813.85,Grocery
2025-06-22,transaction at pepperfry,16473.78,Online Shopping
2025-04-13,transaction at act fibernet,4641.8,Bills
2025-11-10,transaction at reliance digital,91707.99,Electronics
2025-10-19,transaction at amazon prime,563.66,Entertainment
2025-11-11,transaction at noise,48892.48,Electronics
2025-09-04,transaction at bigbazaar,1407.26,Grocery
2025-06-12,transaction at netmeds,9009.2,Healthcare
2025-03-29,transaction at redbus,1904.79,Transport
2025-08-17,transaction at nilgiris,446.35,Grocery
2025-10-02,transaction at zee5,325.83,Entertainment
2025-02-28,transaction at booking.com,27013.48,Travel
2025-11-15,transaction at spencers,3816.78,Grocery
2025-10-25,transaction at bsnl,2002.73,Bills
2025-03-15,transaction at pepperfry,13207.5,Online Shopping
2025-10-29,transaction at taco bell,1180.17,Food
2025-08-06,transaction at uber,274.07,Transport
2025-05-27,transaction at taco bell,125.37,Food
2025-08-01,transaction at max fashion,6668.56,Clothing
2025-04-11,transaction at tata cliq,10215.69,Online Shopping
2025-08-10,transaction at amazon prime,339.33,Entertainment
2025-07-30,transaction at gaana,470.46,Entertainment
2025-08-23,transaction at indigo,9301.08,Travel
2025-02-03,transaction at nature's basket,2221.07,Grocery
2025-11-01,transaction at bsnl,4975.36,Bills
2025-03-17,transaction at wrogn,6810.38,Clothing
2025-08-23,transaction at boat lifestyle,17072.16,Electronics
2025-07-02,transaction at pizza hut,1326.14,Food
2025-09-11,transaction at meesho,3897.32,Online Shopping
2025-07-10,transaction at burger king,478.33,Food
2025-06-07,transaction at apollo hospital,15540.75,Healthcare
2025-04-14,transaction at bigbazaar,1404.62,Grocery
2025-04-21,transaction at myntra,17560.0,Online Shopping
2025-05-16,transaction at jio fiber,1334.24,Bills
2025-06-08,transaction at apollo pharmacy,14668.28,Healthcare
2025-10-14,transaction at medplus,16437.37,Healthcare
2025-01-11,transaction at cream stone,652.24,Food
2025-05-21,transaction at gaana,669.84,Entertainment
2025-10-30,transaction at dominos,746.21,Food
2025-05-02,transaction at croma,86897.34,Electronics
2025-11-09,transaction at tsrtc,292.37,Transport
2025-03-08,transaction at flipkart,3333.89,Online Shopping
2025-01-25,transaction at myntra,580.44,Online Shopping
2025-07-28,transaction at aha,887.18,Entertainment
2025-06-06,transaction at indigo,17322.07,Travel
2025-06-19,transaction at meesho,8119.57,Online Shopping
2025-12-02,transaction at bigbazaar,3320.09,Grocery
2025-03-21,transaction at oyo,27294.62,Travel
2025-08-27,transaction at levis,7336.07,Clothing
2025-06-17,transaction at spotify,512.66,Entertainment
2025-06-21,transaction at vodafone idea,4768.5,Bills
2025-05-20,transaction at saravana bhavan,1104.4,Food
2025-04-02,transaction at ola,659.95,Transport
2025-02-06,transaction at bsnl,793.98,Bills
2025-03-15,transaction at hotstar,375.96,Entertainment
2025-11-28,transaction at youtube premium,557.41,Entertainment
2025-01-03,transaction at vistara,5845.74,Travel
2025-02-20,transaction at indigo,3328.08,Travel
2025-09-16,transaction at nature's basket,370.03,Grocery
2025-03-21,transaction at zara,4103.09,Clothing
2025-12-27,transaction at lenskart,2163.08,Online Shopping
2025-04-15,transaction at pantaloons,1810.31,Clothing
2025-06-29,transaction at hotstar,517.82,Entertainment
2025-05-21,transaction at adidas,3385.16,Clothing
2025-07-04,transaction at spencers,4797.49,Grocery
2025-01-24,transaction at nilgiris,1606.81,Grocery
2025-07-17,transaction at subway,106.26,Food
2025-12-26,transaction at amazon prime,246.3,Entertainment
2025-04-01,transaction at airasia,3308.66,Travel
2025-07-02,transaction at h&m,4238.92,Clothing
2025-09-24,transaction at saravana bhavan,1125.54,Food
2025-09-23,transaction at yulu bikes,291.25,Transport
2025-03-04,transaction at starbucks,124.3,Food
2025-05-02,transaction at star bazaar,399.03,Grocery
2025-11-28,transaction at redbus,1549.59,Transport
2025-06-17,transaction at yulu bikes,54.11,Transport
2025-02-26,transaction at pizza hut,1366.52,Food
2025-11-18,transaction at indigo,27439.96,Travel
2025-05-08,transaction at nature's basket,4580.45,Grocery
2025-04-12,transaction at meru cabs,1436.44,Transport
2025-01-12,transaction at dominos,1339.56,Food
2025-11-13,transaction at bsnl,5879.82,Bills
2025-10-17,transaction at netmeds,4190.51,Healthcare
2025-02-20,transaction at subway,739.52,Food
2025-03-31,transaction at apollo hospital,16472.43,Healthcare
2025-06-26,transaction at nykaa,10097.65,Online Shopping
2025-07-31,transaction at bigbazaar,1509.0,Grocery
2025-01-07,transaction at nike,3797.39,Clothing
2025-10-04,transaction at makemytrip,22174.66,Travel
2025-08-23,transaction at metro rail,492.54,Transport
2025-03-15,transaction at nilgiris,2386.36,Grocery
2025-08-22,transaction at makemytrip,26414.15,Travel
2025-10-05,transaction at bigbazaar,3234.06,Grocery
2025-03-01,transaction at spencers,686.25,Grocery
2025-03-02,transaction at booking.com,1519.02,Travel
2025-10-16,transaction at netflix,896.26,Entertainment
2025-11-20,transaction at booking.com,9952.8,Travel
2025-01-24,transaction at uber,1707.17,Transport
2025-06-27,transaction at adidas,7175.04,Clothing
2025-12-13,transaction at jio fiber,656.18,Bills
2025-02-17,transaction at bigbazaar,1916.77,Grocery
2025-05-27,transaction at h&m,5934.89,Clothing
2025-05-23,transaction at subway,637.43,Food
2025-08-29,transaction at barbeque nation,653.36,Food
2025-12-03,transaction at asus store,119952.17,Electronics
2025-01-14,transaction at croma,35027.12,Electronics
2025-06-15,transaction at fortis,13493.38,Healthcare
2025-11-23,transaction at bsnl,1904.9,Bills
2025-07-22,transaction at netflix,263.07,Entertainment
2025-09-15,transaction at chai point,274.08,Food
2025-07-13,transaction at samsung store,122110.45,Electronics
2025-02-22,transaction at air india,18607.4,Travel
2025-12-30,transaction at hotstar,102.93,Entertainment
2025-07-15,transaction at pepperfry,1558.67,Online Shopping
2025-05-25,transaction at yatra,4962.18,Travel
2025-05-19,transaction at ccd,260.44,Food
2025-11-15,transaction at h&m,4074.32,Clothing
2025-02-03,transaction at mcdonalds,280.15,Food
2025-11-16,transaction at hotstar,868.53,Entertainment
2025-09-23,transaction at bsnl,3710.57,Bills
2025-07-07,transaction at snapdeal,10840.15,Online Shopping
2025-11-12,transaction at goibibo,11920.97,Travel
2025-10-18,transaction at youtube premium,433.19,Entertainment
2025-05-04,transaction at flipkart,11401.06,Online Shopping
2025-09-22,transaction at mcdonalds,514.5,Food
2025-08-10,transaction at amazon prime,435.6,Entertainment
2025-11-12,transaction at cream stone,220.74,Food
2025-07-02,transaction at act fibernet,2252.4,Bills
2025-03-13,transaction at wrogn,1904.94,Clothing
2025-05-09,transaction at nilgiris,4940.52,Grocery
2025-10-09,transaction at ccd,610.36,Food
2025-01-06,transaction at lenskart,13196.63,Online Shopping
2025-10-27,transaction at puma,3495.41,Clothing
2025-09-06,transaction at 1mg,19132.33,Healthcare
2025-08-07,transaction at apple store,51484.11,Electronics
2025-04-21,transaction at hp world,34101.57,Electronics
2025-09-08,transaction at tata cliq,3325.5,Online Shopping
2025-08-19,transaction at flipkart,16525.58,Online Shopping
2025-03-03,transaction at snapdeal,2925.07,Online Shopping
2025-05-31,transaction at airtel,4957.8,Bills
2025-03-10,transaction at vodafone idea,1239.28,Bills
2025-09-18,transaction at vodafone idea,281.92,Bills
2025-11-25,transaction at bigbazaar,2329.7,Grocery
2025-11-19,transaction at youtube premium,505.05,Entertainment
2025-01-09,transaction at tneb,4175.77,Bills
2025-04-04,transaction at chai point,789.54,Food
2025-03-24,transaction at act fibernet,1935.93,Bills
2025-01-20,transaction at more supermarket,4797.0,Grocery
2025-09-03,transaction at cloudnine,12695.44,Healthcare
2025-08-28,transaction at bigbazaar,1306.88,Grocery
2025-01-22,transaction at apollo pharmacy,19592.02,Healthcare
2025-04-12,transaction at bmtc,677.17,Transport
2025-02-14,transaction at makemytrip,4021.7,Travel
2025-08-17,transaction at levis,3246.05,Clothing
2025-11-11,transaction at croma,113281.26,Electronics
2025-05-19,transaction at pepperfry,16505.62,Online Shopping
2025-12-19,transaction at lenskart,2489.7,Online Shopping
2025-06-22,transaction at aha,293.27,Entertainment
2025-01-02,transaction at air india,15810.41,Travel
2025-02-03,transaction at apollo hospital,387.95,Healthcare
2025-09-17,transaction at dmart,2768.78,Grocery
2025-05-01,transaction at biba,4439.68,Clothing
2025-12-31,transaction at pantaloons,3486.6,Clothing
2025-08-12,transaction at bmtc,1886.25,Transport
2025-04-29,transaction at vistara,29246.06,Travel
2025-10-26,transaction at jiomart,953.31,Grocery
2025-07-16,transaction at yulu bikes,1292.61,Transport
2025-02-24,transaction at netflix,232.39,Entertainment
2025-09-04,transaction at cream stone,665.41,Food
2025-04-12,transaction at nykaa,18212.33,Online Shopping
2025-06-01,transaction at pantaloons,7011.38,Clothing
2025-12-26,transaction at croma,52970.55,Electronics
2025-11-15,transaction at redbus,398.65,Transport
2025-09-07,transaction at booking.com,21773.55,Travel
2025-03-31,transaction at boat lifestyle,144088.15,Electronics
2025-01-07,transaction at nilgiris,3367.14,Grocery
2025-01-03,transaction at spencers,1362.21,Grocery
2025-09-01,transaction at gas agency,5937.54,Bills
2025-09-17,transaction at reliance digital,88527.84,Electronics
2025-12-07,transaction at apple music,851.61,Entertainment
2025-12-12,transaction at meesho,12541.41,Online Shopping
2025-10-27,transaction at apple store,69864.78,Electronics
2025-08-24,transaction at subway,466.35,Food
2025-10-02,transaction at indigo,24875.08,Travel
2025-09-25,transaction at aha,754.78,Entertainment
2025-12-04,transaction at yatra,4802.36,Travel
2025-08-14,transaction at vivo store,4538.49,Electronics
2025-10-21,transaction at pepperfry,7830.8,Online Shopping
2025-04-21,transaction at dominos,368.04,Food
2025-07-15,transaction at hp world,142238.41,Electronics
2025-04-17,transaction at booking.com,12012.27,Travel
2025-11-11,transaction at water board,4291.7,Bills
2025-06-16,transaction at rapido,907.11,Transport
2025-08-10,transaction at more supermarket,1480.16,Grocery
2025-01-27,transaction at tsrtc,138.44,Transport
2025-01-06,transaction at rapido,1628.81,Transport
2025-09-04,transaction at act fibernet,1077.08,Bills
2025-02-02,transaction at spencers,4747.96,Grocery
2025-04-20,transaction at bsnl,2964.74,Bills
2025-09-28,transaction at uber,337.38,Transport
2025-05-27,transaction at us polo,1782.95,Clothing
2025-09-27,transaction at ola,963.89,Transport
2025-01-20,transaction at samsung store,60867.5,Electronics
2025-12-16,transaction at jio fiber,1020.02,Bills
2025-09-11,transaction at gaana,989.62,Entertainment
2025-03-14,transaction at mcdonalds,1026.65,Food
2025-01-23,transaction at oneplus,141702.11,Electronics
2025-03-27,transaction at cream stone,466.15,Food
2025-01-27,transaction at woodland,6932.98,Clothing
2025-03-30,transaction at indigo,7685.02,Travel
2025-03-16,transaction at subway,651.4,Food
2025-10-05,transaction at rapido,979.84,Transport
2025-08-26,transaction at burger king,192.99,Food
2025-06-09,transaction at apollo pharmacy,14384.11,Healthcare
2025-02-06,transaction at metro rail,452.66,Transport
2025-01-24,transaction at gaana,167.48,Entertainment
2025-11-21,transaction at more supermarket,1544.45,Grocery
2025-05-11,transaction at amazon prime,251.79,Entertainment
2025-10-04,transaction at reliance fresh,3723.46,Grocery
2025-12-02,transaction at aster,4217.92,Healthcare
2025-01-15,transaction at yatra,21066.76,Travel
2025-07-11,transaction at hotstar,970.11,Entertainment
2025-04-28,transaction at airasia,17877.83,Travel
2025-06-17,transaction at rapido,1858.28,Transport
2025-11-19,transaction at air india,3599.75,Travel
2025-06-18,transaction at vodafone idea,703.37,Bills
2025-03-05,transaction at apple store,34711.89,Electronics
2025-09-26,transaction at dmart,3222.32,Grocery
2025-01-11,transaction at samsung store,149113.6,Electronics
2025-07-30,transaction at sony center,106154.47,Electronics
2025-12-08,transaction at sonyliv,387.63,Entertainment
2025-04-03,transaction at pepperfry,11694.18,Online Shopping
2025-11-08,transaction at medplus,10772.9,Healthcare
2025-07-17,transaction at nykaa,17263.74,Online Shopping
2025-09-19,transaction at goibibo,23676.89,Travel
2025-12-02,transaction at max fashion,4285.52,Clothing
2025-03-20,transaction at vistara,26974.48,Travel
2025-08-05,transaction at barbeque nation,493.66,Food
2025-12-26,transaction at vodafone idea,527.19,Bills
2025-04-21,transaction at pharmeasy,7262.52,Healthcare
2025-06-20,transaction at dell exclusive,10234.61,Electronics
2025-09-01,transaction at us polo,5037.46,Clothing
2025-09-02,transaction at jiomart,2706.64,Grocery
2025-01-20,transaction at booking.com,2232.34,Travel
2025-12-05,transaction at spotify,861.94,Entertainment
2025-04-26,transaction at burger king,691.83,Food
2025-11-07,transaction at oneplus,47463.97,Electronics
2025-06-25,transaction at water board,4399.24,Bills
2025-01-23,transaction at dell exclusive,37042.87,Electronics
2025-04-27,transaction at pepperfry,17899.65,Online Shopping
2025-12-14,transaction at noise,120560.9,Electronics
2025-08-13,transaction at air india,29906.37,Travel
2025-03-14,transaction at metro rail,168.41,Transport
2025-07-14,transaction at bsnl,880.16,Bills
2025-01-15,transaction at yulu bikes,77.25,Transport
2025-04-03,transaction at netmeds,9441.02,Healthcare
2025-05-15,transaction at cloudnine,14280.56,Healthcare
2025-06-27,transaction at bsnl,4746.45,Bills
2025-10-03,transaction at bigbazaar,1687.56,Grocery
2025-09-30,transaction at zara,1686.13,Clothing
2025-09-18,transaction at aster,6278.96,Healthcare
2025-01-27,transaction at airtel,542.76,Bills
2025-11-02,transaction at taco bell,150.79,Food
2025-09-20,transaction at subway,230.44,Food
2025-06-07,transaction at youtube premium,534.3,Entertainment
2025-08-24,transaction at saravana bhavan,835.5,Food
2025-12-16,transaction at zee5,455.09,Entertainment
2025-04-13,transaction at sonyliv,814.41,Entertainment
2025-08-23,transaction at wrogn,2683.55,Clothing
2025-05-29,transaction at air india,7414.07,Travel
2025-09-11,transaction at oyo,4912.14,Travel
2025-07-01,transaction at allen solly,4142.69,Clothing
2025-05-28,transaction at nykaa,17596.36,Online Shopping
2025-03-30,transaction at amazon,18415.14,Online Shopping
2025-09-02,transaction at max fashion,5714.65,Clothing
2025-08-22,transaction at bsnl,3922.35,Bills
2025-08-21,transaction at airasia,19231.26,Travel
2025-10-27,transaction at samsung store,114562.9,Electronics
2025-12-05,transaction at meesho,2131.87,Online Shopping
2025-11-14,transaction at vodafone idea,4328.55,Bills
2025-01-05,transaction at myntra,6247.98,Online Shopping
2025-02-06,transaction at bigbazaar,4832.11,Grocery
2025-06-18,transaction at apple music,599.46,Entertainment
2025-05-02,transaction at allen solly,1986.61,Clothing
2025-02-11,transaction at gas agency,5797.84,Bills
2025-07-06,transaction at redbus,994.53,Transport
2025-05-27,transaction at max fashion,2066.83,Clothing
2025-08-03,transaction at dmart,3970.15,Grocery
2025-02-04,transaction at hp world,145008.11,Electronics
2025-05-19,transaction at apple music,468.07,Entertainment
2025-05-08,transaction at apollo hospital,5930.81,Healthcare
2025-10-08,transaction at cream stone,397.8,Food
2025-11-08,transaction at noise,123317.58,Electronics
2025-02-28,transaction at 1mg,17506.31,Healthcare
2025-07-05,transaction at kfc,1394.93,Food
2025-02-02,transaction at biba,1944.82,Clothing
2025-05-29,transaction at flipkart,7653.66,Online Shopping
2025-01-14,transaction at pharmeasy,13392.33,Healthcare
2025-03-07,transaction at indigo,3876.57,Travel
2025-11-16,transaction at oyo,13344.24,Travel
2025-04-08,transaction at fortis,18706.94,Healthcare
2025-04-03,transaction at vistara,7238.15,Travel
2025-01-08,transaction at amazon,7245.63,Online Shopping
2025-08-03,transaction at burger king,825.7,Food
2025-02-10,transaction at property tax online,3524.27,Bills
2025-09-02,transaction at ajio,19087.25,Online Shopping
2025-10-04,transaction at airtel,4935.02,Bills
2025-01-06,transaction at gaana,924.88,Entertainment
2025-03-27,transaction at rapido,280.65,Transport
2025-12-30,transaction at barbeque nation,1139.21,Food
2025-01-26,transaction at airtel,4444.5,Bills
2025-08-20,transaction at levis,7840.93,Clothing
2025-01-28,transaction at jio fiber,499.75,Bills
2025-12-15,transaction at biba,2956.87,Clothing
2025-11-08,transaction at nykaa,6814.9,Online Shopping
2025-07-12,transaction at kauvery,724.92,Healthcare
2025-08-22,transaction at indigo,21341.75,Travel
2025-01-01,transaction at cloudnine,17662.65,Healthcare
2025-04-07,transaction at hp world,133048.53,Electronics
2025-07-08,transaction at cloudnine,15727.34,Healthcare
2025-07-02,transaction at noise,98284.28,Electronics
2025-08-10,transaction at 1mg,5748.93,Healthcare
2025-10-19,transaction at us polo,5871.57,Clothing
2025-05-27,transaction at vodafone idea,4494.59,Bills
2025-04-08,transaction at water board,5901.46,Bills
2025-07-24,transaction at kfc,575.63,Food
2025-10-20,transaction at jiomart,3524.49,Grocery
2025-03-27,transaction at tneb,2631.01,Bills
2025-06-12,transaction at act fibernet,4964.08,Bills
2025-07-11,transaction at bsnl,2637.13,Bills
2025-03-22,transaction at biba,6567.31,Clothing
2025-06-24,transaction at apollo pharmacy,4933.99,Healthcare
2025-03-31,transaction at hp world,119774.25,Electronics
2025-03-17,transaction at irctc,27699.45,Travel
2025-11-05,transaction at saravana bhavan,274.08,Food
2025-02-22,transaction at jiomart,3772.43,Grocery
2025-07-17,transaction at hp world,25577.05,Electronics
2025-12-23,transaction at property tax online,217.2,Bills
2025-04-11,transaction at biba,3070.09,Clothing
2025-03-06,transaction at ajio,18560.12,Online Shopping
2025-01-17,transaction at tsrtc,1655.54,Transport
2025-09-02,transaction at noise,79404.26,Electronics
2025-06-26,transaction at lenskart,14353.27,Online Shopping
2025-08-23,transaction at spencers,3028.58,Grocery
2025-11-28,transaction at aster,2816.8,Healthcare
2025-07-09,transaction at samsung store,143910.77,Electronics
2025-11-26,transaction at reliance fresh,1603.62,Grocery
2025-11-19,transaction at air india,3135.92,Travel
2025-12-26,transaction at taco bell,674.73,Food
2025-10-28,transaction at apollo pharmacy,1296.4,Healthcare
2025-03-12,transaction at air india,28470.79,Travel
2025-01-09,transaction at paradise biryani,483.17,Food
2025-06-10,transaction at nykaa,18078.03,Online Shopping
2025-03-18,transaction at oneplus,146735.98,Electronics
2025-07-01,transaction at aster,276.78,Healthcare
2025-07-29,transaction at saravana bhavan,1261.82,Food
2025-08-24,transaction at airtel,4471.2,Bills
2025-05-26,transaction at bmtc,66.43,Transport
2025-12-07,transaction at apollo pharmacy,5452.85,Healthcare
2025-06-05,transaction at dell exclusive,43375.53,Electronics
2025-01-22,transaction at dominos,663.04,Food
2025-12-05,transaction at barbeque nation,748.13,Food
2025-08-29,transaction at apple music,809.96,Entertainment
2025-08-05,transaction at bmtc,698.7,Transport
2025-08-29,transaction at tneb,422.31,Bills
2025-02-24,transaction at myntra,4248.89,Online Shopping
2025-05-18,transaction at vivo store,69143.95,Electronics
2025-12-14,transaction at bmtc,378.39,Transport
2025-02-07,transaction at a2b,315.65,Food
2025-01-28,transaction at myntra,5350.06,Online Shopping
2025-05-05,transaction at bigbazaar,314.65,Grocery
2025-11-03,transaction at myntra,8903.04,Online Shopping
2025-05-07,transaction at reliance digital,140838.53,Electronics
2025-07-18,transaction at yatra,14668.51,Travel
2025-06-13,transaction at medplus,5348.35,Healthcare
2025-10-22,transaction at dmart,497.85,Grocery
2025-08-25,transaction at reliance digital,44489.53,Electronics
2025-10-11,transaction at biba,1991.76,Clothing
2025-08-07,transaction at boat lifestyle,71015.98,Electronics
2025-11-05,transaction at fortis,19237.79,Healthcare
2025-12-16,transaction at dominos,482.55,Food
2025-06-21,transaction at apple music,376.58,Entertainment
2025-01-25,transaction at metro rail,1897.52,Transport
2025-05-31,transaction at dominos,1374.35,Food
2025-12-08,transaction at samsung store,94511.16,Electronics
2025-07-10,transaction at amazon prime,712.81,Entertainment
2025-05-03,transaction at zee5,310.35,Entertainment
2025-11-26,transaction at subway,559.88,Food
2025-08-24,transaction at vivo store,95066.9,Electronics
2025-06-03,transaction at 1mg,15906.96,Healthcare
2025-06-29,transaction at spotify,890.13,Entertainment
2025-09-15,transaction at spencers,4280.42,Grocery
2025-02-12,transaction at asus store,19218.71,Electronics
2025-06-08,transaction at noise,49119.01,Electronics
2025-10-05,transaction at max fashion,6435.08,Clothing
2025-03-30,transaction at aster,14902.82,Healthcare
2025-02-10,transaction at irctc,9336.2,Travel
2025-11-25,transaction at airasia,12580.06,Travel
2025-11-04,transaction at apollo pharmacy,19851.76,Healthcare
2025-06-17,transaction at puma,5547.4,Clothing
2025-02-06,transaction at airtel,405.59,Bills
2025-10-15,transaction at booking.com,19665.82,Travel
2025-05-20,transaction at dmart,1101.03,Grocery
2025-05-15,transaction at redbus,1507.47,Transport
2025-03-20,transaction at youtube premium,111.49,Entertainment
2025-02-27,transaction at act fibernet,890.96,Bills
2025-12-18,transaction at pepperfry,5604.69,Online Shopping
2025-01-24,transaction at more supermarket,3818.78,Grocery
2025-06-14,transaction at reliance digital,69180.43,Electronics
2025-07-29,transaction at flipkart,5195.02,Online Shopping
2025-04-26,transaction at chai point,395.26,Food
2025-08-24,transaction at spencers,2790.2,Grocery
2025-05-26,transaction at ajio,14158.96,Online Shopping
2025-05-17,transaction at hp world,141844.68,Electronics
2025-10-10,transaction at tata cliq,539.36,Online Shopping
2025-07-29,transaction at a2b,277.94,Food
2025-08-11,transaction at pepperfry,14887.16,Online Shopping
2025-05-09,transaction at zara,2076.81,Clothing
2025-09-29,transaction at water board,5333.09,Bills
2025-06-26,transaction at redbus,943.21,Transport
2025-05-15,transaction at amazon,2224.2,Online Shopping
2025-11-07,transaction at amazon prime,204.7,Entertainment
2025-02-24,transaction at h&m,3783.07,Clothing
2025-09-03,transaction at nature's basket,1889.3,Grocery
2025-08-15,transaction at snapdeal,19497.19,Online Shopping
2025-09-27,transaction at rapido,228.81,Transport
2025-09-27,transaction at gas agency,5157.62,Bills
2025-02-18,transaction at cream stone,1056.93,Food
2025-02-17,transaction at air india,14802.7,Travel
2025-09-01,transaction at lenskart,9416.72,Online Shopping
2025-01-16,transaction at pharmeasy,1725.8,Healthcare
2025-10-24,transaction at amazon,5331.64,Online Shopping
2025-05-31,transaction at netflix,313.6,Entertainment
2025-06-18,transaction at vodafone idea,691.0,Bills
2025-12-01,transaction at airtel,5066.79,Bills
2025-12-26,transaction at tsrtc,766.43,Transport
2025-06-11,transaction at netflix,647.68,Entertainment
2025-12-13,transaction at makemytrip,19674.72,Travel
2025-05-11,transaction at oneplus,45489.94,Electronics
2025-03-28,transaction at chai point,331.11,Food
2025-04-10,transaction at pepperfry,9926.96,Online Shopping
2025-08-22,transaction at meru cabs,895.62,Transport
2025-11-08,transaction at bsnl,3956.82,Bills
2025-03-30,transaction at jio fiber,5398.66,Bills
2025-04-12,transaction at spotify,248.75,Entertainment
2025-10-21,transaction at cloudnine,7516.25,Healthcare
2025-06-23,transaction at tsrtc,498.36,Transport
2025-10-22,transaction at ccd,799.04,Food
2025-12-31,transaction at booking.com,15182.05,Travel
2025-08-07,transaction at yulu bikes,1953.54,Transport
2025-05-31,transaction at nilgiris,4783.06,Grocery
2025-07-05,transaction at dell exclusive,140455.49,Electronics
2025-10-27,transaction at cream stone,796.01,Food
2025-06-10,transaction at makemytrip,14469.33,Travel
2025-01-15,transaction at amazon,7774.24,Online Shopping
2025-03-24,transaction at bmtc,1660.05,Transport
2025-12-11,transaction at nykaa,12615.03,Online Shopping
2025-01-11,transaction at adidas,4506.61,Clothing
2025-12-24,transaction at reliance fresh,1869.46,Grocery
2025-08-24,transaction at bmtc,1019.39,Transport
2025-02-21,transaction at samsung store,110070.13,Electronics
2025-06-08,transaction at wrogn,4179.72,Clothing
2025-04-26,transaction at hp world,52458.14,Electronics
2025-06-11,transaction at jio fiber,1387.62,Bills
2025-03-06,transaction at allen solly,3437.12,Clothing
2025-08-18,transaction at lenskart,13723.55,Online Shopping
2025-01-14,transaction at amazon,7916.15,Online Shopping
2025-01-02,transaction at star bazaar,4235.13,Grocery
2025-04-20,transaction at more supermarket,4413.21,Grocery
2025-06-09,transaction at pepperfry,13284.4,Online Shopping
2025-09-11,transaction at nike,1944.32,Clothing
2025-08-03,transaction at ola,1181.36,Transport
2025-06-27,transaction at us polo,6087.2,Clothing
2025-10-03,transaction at more supermarket,831.87,Grocery
2025-05-15,transaction at goibibo,6758.59,Travel
2025-11-23,transaction at kfc,1135.69,Food
2025-09-25,transaction at croma,113294.3,Electronics
2025-08-17,transaction at redbus,393.03,Transport
2025-01-13,transaction at mcdonalds,1017.64,Food
2025-09-08,transaction at airasia,20569.42,Travel
2025-03-28,transaction at adidas,2528.34,Clothing
2025-04-12,transaction at star bazaar,4341.93,Grocery
2025-10-14,transaction at netflix,643.95,Entertainment
2025-11-28,transaction at netflix,209.94,Entertainment
2025-06-14,transaction at act fibernet,5015.72,Bills
2025-11-11,transaction at adidas,3888.67,Clothing
2025-01-03,transaction at yulu bikes,597.81,Transport
2025-05-19,transaction at act fibernet,2598.53,Bills
2025-12-22,transaction at irctc,26347.43,Travel
2025-05-13,transaction at more supermarket,1839.22,Grocery
2025-09-15,transaction at yulu bikes,1317.18,Transport
2025-02-09,transaction at medplus,15844.52,Healthcare
2025-03-31,transaction at samsung store,136702.8,Electronics
2025-01-13,transaction at vistara,28673.41,Travel
2025-03-23,transaction at aster,18849.52,Healthcare
2025-06-29,transaction at cloudnine,10837.32,Healthcare
2025-01-09,transaction at aha,876.32,Entertainment
2025-12-03,transaction at chai point,140.39,Food
2025-02-02,transaction at apollo pharmacy,14027.72,Healthcare
2025-10-02,transaction at goibibo,3993.48,Travel
2025-10-25,transaction at oyo,22555.05,Travel
2025-04-01,transaction at amazon prime,372.8,Entertainment
2025-06-20,transaction at nature's basket,2052.43,Grocery
2025-05-29,transaction at nature's basket,2839.15,Grocery
2025-04-28,transaction at dell exclusive,76287.81,Electronics
2025-09-16,transaction at apollo hospital,8372.26,Healthcare
2025-07-12,transaction at max fashion,514.33,Clothing
2025-08-25,transaction at samsung store,90186.36,Electronics
2025-03-03,transaction at pharmeasy,13743.93,Healthcare
2025-06-14,transaction at apple music,677.52,Entertainment
2025-07-08,transaction at spencers,1137.32,Grocery
2025-04-05,transaction at pharmeasy,2799.15,Healthcare
2025-07-23,transaction at sony center,80819.09,Electronics
2025-10-17,transaction at zara,1943.06,Clothing
2025-05-29,transaction at reliance digital,19732.17,Electronics
2025-10-30,transaction at ajio,13664.51,Online Shopping
2025-02-16,transaction at us polo,7206.91,Clothing
2025-05-23,transaction at apollo hospital,2178.48,Healthcare
2025-07-31,transaction at bmtc,906.71,Transport
2025-01-11,transaction at woodland,6028.14,Clothing
2025-01-08,transaction at zee5,496.67,Entertainment
2025-09-12,transaction at dmart,1853.31,Grocery
2025-02-04,transaction at 1mg,11064.92,Healthcare
2025-07-13,transaction at ajio,491.01,Online Shopping
2025-04-11,transaction at more supermarket,909.92,Grocery
2025-02-21,transaction at meru cabs,1636.4,Transport
2025-07-05,transaction at burger king,497.69,Food
2025-12-21,transaction at property tax online,1770.33,Bills
2025-07-25,transaction at meru cabs,773.1,Transport
2025-06-29,transaction at nike,2179.35,Clothing
2025-01-29,transaction at apollo pharmacy,1140.03,Healthcare
2025-10-24,transaction at max fashion,6752.39,Clothing
2025-10-16,transaction at wrogn,7455.07,Clothing
2025-07-04,transaction at dmart,4135.07,Grocery
2025-04-22,transaction at uber,116.35,Transport
2025-02-04,transaction at meesho,8484.9,Online Shopping
2025-02-28,transaction at dmart,4823.54,Grocery
2025-01-15,transaction at chai point,1287.3,Food
2025-12-08,transaction at amazon,6182.72,Online Shopping
2025-09-29,transaction at pantaloons,1554.38,Clothing
2025-05-28,transaction at dmart,3646.85,Grocery
2025-01-23,transaction at ccd,1131.08,Food
2025-07-05,transaction at cloudnine,4093.75,Healthcare
2025-06-06,transaction at water board,3152.5,Bills
2025-07-28,transaction at biba,2893.94,Clothing
2025-02-25,transaction at makemytrip,21145.29,Travel
2025-02-23,transaction at gas agency,1962.62,Bills
2025-12-26,transaction at lenskart,3963.87,Online Shopping
2025-11-22,transaction at rapido,1751.8,Transport
2025-11-22,transaction at spotify,778.29,Entertainment
2025-10-03,transaction at medplus,12928.7,Healthcare
2025-01-24,transaction at taco bell,384.0,Food
2025-01-03,transaction at fortis,1484.72,Healthcare
2025-03-30,transaction at snapdeal,9763.1,Online Shopping
2025-12-30,transaction at tneb,1314.22,Bills
2025-05-06,transaction at noise,10879.73,Electronics
2025-09-09,transaction at vistara,4182.97,Travel
2025-06-07,transaction at bmtc,617.7,Transport
2025-08-17,transaction at spotify,490.42,Entertainment
2025-11-19,transaction at nykaa,7607.1,Online Shopping
2025-08-28,transaction at star bazaar,1578.72,Grocery
2025-08-08,transaction at meru cabs,784.22,Transport
2025-10-20,transaction at irctc,3217.19,Travel
2025-05-27,transaction at zee5,501.74,Entertainment
2025-10-12,transaction at irctc,21553.14,Travel
2025-04-24,transaction at indigo,11264.19,Travel
2025-03-07,transaction at levis,2109.88,Clothing
2025-01-10,transaction at metro rail,108.55,Transport
2025-01-14,transaction at nykaa,4271.25,Online Shopping
2025-12-28,transaction at airtel,3022.25,Bills
2025-10-22,transaction at goibibo,6679.6,Travel
2025-06-02,transaction at mcdonalds,306.22,Food
2025-05-02,transaction at rapido,1897.85,Transport
2025-04-09,transaction at booking.com,2582.11,Travel
2025-02-02,transaction at yatra,1945.69,Travel
2025-08-07,transaction at hp world,115263.6,Electronics
2025-02-16,transaction at allen solly,2219.97,Clothing
2025-01-30,transaction at jiomart,2768.52,Grocery
2025-01-18,transaction at dell exclusive,70295.55,Electronics
2025-05-04,transaction at youtube premium,985.46,Entertainment
2025-12-14,transaction at gaana,445.83,Entertainment
2025-05-29,transaction at netmeds,19115.07,Healthcare
2025-12-30,transaction at nature's basket,1892.28,Grocery
2025-08-29,transaction at airtel,2398.95,Bills
2025-10-22,transaction at max fashion,6234.9,Clothing
2025-09-22,transaction at star bazaar,608.49,Grocery
2025-09-12,transaction at a2b,1269.41,Food
2025-01-18,transaction at biba,7312.79,Clothing
2025-04-11,transaction at allen solly,6724.87,Clothing
2025-08-08,transaction at goibibo,11530.76,Travel
2025-04-30,transaction at airtel,2992.03,Bills
2025-01-22,transaction at puma,4725.53,Clothing
2025-10-23,transaction at oneplus,20640.24,Electronics
2025-06-12,transaction at meru cabs,918.14,Transport
2025-05-09,transaction at irctc,24537.98,Travel
2025-08-08,transaction at apollo pharmacy,19169.17,Healthcare
2025-11-28,transaction at star bazaar,1510.01,Grocery
2025-11-21,transaction at gas agency,5388.53,Bills
2025-12-23,transaction at gaana,966.47,Entertainment
2025-04-06,transaction at goibibo,17641.79,Travel
2025-11-01,transaction at jiomart,4395.87,Grocery
2025-09-24,transaction at cloudnine,3719.11,Healthcare
2025-01-07,transaction at water board,5926.49,Bills
2025-10-20,transaction at boat lifestyle,84652.94,Electronics
2025-09-29,transaction at meru cabs,1058.67,Transport
2025-12-30,transaction at apollo pharmacy,14038.21,Healthcare
2025-10-07,transaction at noise,108094.21,Electronics
2025-08-08,transaction at us polo,4709.38,Clothing
2025-10-31,transaction at pizza hut,1336.58,Food
2025-01-22,transaction at pepperfry,2989.25,Online Shopping
2025-08-18,transaction at amazon prime,496.25,Entertainment
2025-10-12,transaction at subway,464.4,Food
2025-02-20,transaction at medplus,2744.05,Healthcare
2025-12-05,transaction at sonyliv,868.18,Entertainment
2025-02-19,transaction at tneb,4302.6,Bills
2025-12-28,transaction at star bazaar,1759.93,Grocery
2025-05-09,transaction at us polo,759.5,Clothing
2025-06-07,transaction at amazon prime,779.34,Entertainment
2025-02-26,transaction at barbeque nation,1227.42,Food
2025-06-02,transaction at hotstar,510.26,Entertainment
2025-05-08,transaction at airasia,22805.46,Travel
2025-10-15,transaction at airasia,8765.67,Travel
2025-04-22,transaction at paradise biryani,801.72,Food
2025-09-20,transaction at nilgiris,1406.33,Grocery
2025-01-20,transaction at air india,5952.1,Travel
2025-02-11,transaction at apollo hospital,16681.98,Healthcare
2025-10-20,transaction at netflix,686.43,Entertainment
2025-06-26,transaction at aha,470.93,Entertainment
2025-12-08,transaction at kauvery,5932.64,Healthcare
2025-07-08,transaction at metro rail,297.21,Transport
2025-12-21,transaction at samsung store,17321.1,Electronics
2025-05-14,transaction at bmtc,1982.19,Transport
2025-01-31,transaction at allen solly,4396.8,Clothing
2025-12-13,transaction at youtube premium,702.17,Entertainment
2025-05-11,transaction at ajio,2962.18,Online Shopping
2025-10-27,transaction at act fibernet,5125.96,Bills
2025-06-30,transaction at hotstar,986.05,Entertainment
2025-01-30,transaction at taco bell,1403.73,Food
2025-03-14,transaction at sony center,83348.78,Electronics
2025-09-11,transaction at tata cliq,7523.44,Online Shopping
2025-05-30,transaction at cloudnine,1597.44,Healthcare
2025-05-23,transaction at bmtc,704.99,Transport
2025-09-09,transaction at indigo,20443.98,Travel
2025-07-28,transaction at tata cliq,838.07,Online Shopping
2025-12-25,transaction at flipkart,2781.65,Online Shopping
2025-04-26,transaction at jiomart,1373.63,Grocery
2025-01-12,transaction at spotify,728.33,Entertainment
2025-07-04,transaction at cloudnine,10120.42,Healthcare
2025-01-01,transaction at cream stone,284.41,Food
2025-02-18,transaction at pepperfry,14478.56,Online Shopping
2025-08-05,transaction at taco bell,1323.23,Food
2025-08-17,transaction at airtel,5565.33,Bills
2025-08-08,transaction at redbus,1828.95,Transport
2025-04-21,transaction at sony center,13850.43,Electronics
2025-05-06,transaction at asus store,84106.92,Electronics
2025-03-21,transaction at reliance digital,16504.01,Electronics
2025-12-24,transaction at dominos,826.72,Food
2025-02-02,transaction at star bazaar,4272.6,Grocery
2025-03-10,transaction at redbus,914.33,Transport
2025-09-03,transaction at starbucks,809.7,Food
2025-03-27,transaction at hotstar,628.57,Entertainment
2025-03-26,transaction at yulu bikes,896.34,Transport
2025-02-17,transaction at nykaa,6777.73,Online Shopping
2025-02-05,transaction at zee5,281.8,Entertainment
2025-12-27,transaction at water board,1290.62,Bills
2025-12-15,transaction at oneplus,81131.72,Electronics
2025-06-16,transaction at more supermarket,357.4,Grocery
2025-12-16,transaction at kauvery,5616.2,Healthcare
2025-02-20,transaction at apple music,711.43,Entertainment
2025-04-07,transaction at booking.com,1922.4,Travel
2025-11-09,transaction at adidas,1745.8,Clothing
2025-02-20,transaction at hotstar,153.64,Entertainment
2025-12-29,transaction at zara,533.34,Clothing
2025-01-14,transaction at woodland,6265.63,Clothing
2025-05-29,transaction at boat lifestyle,48970.62,Electronics
2025-11-01,transaction at vivo store,101981.92,Electronics
2025-10-14,transaction at netflix,183.62,Entertainment
2025-01-03,transaction at apollo pharmacy,2631.3,Healthcare
2025-03-05,transaction at apple store,117559.6,Electronics
2025-04-21,transaction at noise,144976.97,Electronics
2025-05-19,transaction at jiomart,4116.06,Grocery
2025-06-05,transaction at hp world,4362.92,Electronics
2025-09-12,transaction at uber,205.94,Transport
2025-03-24,transaction at indigo,19470.74,Travel
2025-09-15,transaction at gaana,921.1,Entertainment
2025-01-20,transaction at starbucks,955.61,Food
2025-04-05,transaction at yatra,15334.83,Travel
2025-05-16,transaction at yatra,27289.83,Travel
2025-12-30,transaction at gaana,249.52,Entertainment
2025-11-17,transaction at apple music,413.32,Entertainment
2025-05-09,transaction at pizza hut,174.37,Food
2025-07-02,transaction at vodafone idea,3972.2,Bills
2025-07-08,transaction at biba,7257.52,Clothing
2025-12-16,transaction at nykaa,6093.44,Online Shopping
2025-05-17,transaction at metro rail,1685.31,Transport
2025-01-16,transaction at zee5,716.63,Entertainment
2025-02-12,transaction at tneb,3171.52,Bills
2025-11-19,transaction at indigo,11439.56,Travel
2025-02-19,transaction at oneplus,20558.66,Electronics
2025-07-08,transaction at makemytrip,3959.15,Travel
2025-10-04,transaction at fortis,3905.2,Healthcare
2025-11-13,transaction at vodafone idea,3300.38,Bills
2025-05-30,transaction at cloudnine,8504.76,Healthcare
2025-12-08,transaction at meesho,12720.51,Online Shopping
2025-06-28,transaction at indigo,9889.33,Travel
2025-03-09,transaction at fortis,7935.36,Healthcare
2025-06-25,transaction at nature's basket,2172.82,Grocery
2025-03-29,transaction at spencers,4099.11,Grocery
2025-02-14,transaction at paradise biryani,817.54,Food
2025-03-26,transaction at dmart,4298.09,Grocery
2025-11-11,transaction at yatra,6725.91,Travel
2025-10-27,transaction at ajio,9975.53,Online Shopping
2025-10-20,transaction at reliance fresh,3906.33,Grocery
2025-01-14,transaction at gas agency,616.08,Bills
2025-12-24,transaction at kfc,1244.48,Food
2025-04-03,transaction at lenskart,12302.47,Online Shopping
2025-11-29,transaction at yatra,3359.21,Travel
2025-02-19,transaction at apollo hospital,17695.87,Healthcare
2025-06-28,transaction at apple store,28957.72,Electronics
2025-01-04,transaction at netmeds,18244.2,Healthcare
2025-10-11,transaction at yatra,18819.86,Travel
2025-11-03,transaction at adidas,3260.49,Clothing
2025-11-10,transaction at vodafone idea,2414.34,Bills
2025-10-17,transaction at bigbazaar,3576.87,Grocery
2025-07-07,transaction at vivo store,109273.86,Electronics
2025-08-30,transaction at jiomart,4939.24,Grocery
2025-07-07,transaction at yulu bikes,405.13,Transport
2025-11-23,transaction at bsnl,4529.83,Bills
2025-03-30,transaction at pizza hut,929.66,Food
2025-03-20,transaction at ajio,13375.83,Online Shopping
2025-01-18,transaction at 1mg,14683.48,Healthcare
2025-02-10,transaction at tata cliq,11717.81,Online Shopping
2025-08-08,transaction at gas agency,2198.18,Bills
2025-04-12,transaction at gaana,707.6,Entertainment
2025-10-20,transaction at ajio,12224.59,Online Shopping
2025-04-05,transaction at vistara,3975.25,Travel
2025-09-13,transaction at nilgiris,1672.23,Grocery
2025-11-24,transaction at uber,1176.63,Transport
2025-07-06,transaction at tneb,3182.63,Bills
2025-09-17,transaction at more supermarket,1329.62,Grocery
2025-01-09,transaction at rapido,1837.58,Transport
2025-06-18,transaction at booking.com,3098.91,Travel
2025-08-28,transaction at pharmeasy,10129.39,Healthcare
2025-02-21,transaction at zara,1376.3,Clothing
2025-07-09,transaction at airtel,442.96,Bills
2025-05-17,transaction at star bazaar,2377.25,Grocery
2025-08-02,transaction at indigo,9702.17,Travel
2025-03-18,transaction at jio fiber,4919.21,Bills
2025-03-17,transaction at amazon prime,739.18,Entertainment
2025-04-21,transaction at burger king,242.09,Food
2025-08-23,transaction at myntra,2991.11,Online Shopping
2025-08-08,transaction at pepperfry,11826.44,Online Shopping
2025-12-10,transaction at a2b,1386.13,Food
2025-04-26,transaction at apollo pharmacy,2891.65,Healthcare
2025-10-13,transaction at dominos,1249.18,Food
2025-08-04,transaction at more supermarket,534.64,Grocery
2025-12-11,transaction at a2b,1005.65,Food
2025-12-23,transaction at sonyliv,691.29,Entertainment
2025-12-08,transaction at woodland,3076.37,Clothing
2025-05-08,transaction at nilgiris,4383.89,Grocery
2025-05-25,transaction at apollo hospital,739.48,Healthcare
2025-07-01,transaction at bsnl,5547.68,Bills
2025-12-04,transaction at us polo,1175.37,Clothing
2025-03-18,transaction at bsnl,4488.51,Bills
2025-09-19,transaction at nilgiris,2133.83,Grocery
2025-03-17,transaction at croma,16594.0,Electronics
2025-02-24,transaction at ccd,643.22,Food
2025-09-18,transaction at water board,627.92,Bills
2025-05-08,transaction at amazon prime,829.98,Entertainment
2025-10-24,transaction at bigbazaar,2917.59,Grocery
2025-07-03,transaction at apple store,72953.28,Electronics
2025-05-08,transaction at nykaa,7942.89,Online Shopping
2025-05-22,transaction at flipkart,16727.62,Online Shopping
2025-08-20,transaction at tata cliq,8421.88,Online Shopping
2025-02-17,transaction at dmart,2066.03,Grocery
2025-08-06,transaction at air india,20469.36,Travel
2025-11-10,transaction at dmart,789.55,Grocery
2025-05-06,transaction at makemytrip,21463.0,Travel
2025-12-01,transaction at taco bell,522.86,Food
2025-03-12,transaction at taco bell,1104.21,Food
2025-03-20,transaction at sonyliv,426.4,Entertainment
2025-12-02,transaction at mcdonalds,498.78,Food
2025-11-21,transaction at irctc,25964.97,Travel
2025-12-11,transaction at airtel,5553.49,Bills
2025-01-06,transaction at croma,91112.19,Electronics
2025-01-16,transaction at oyo,2990.68,Travel
2025-07-22,transaction at apple music,631.37,Entertainment
2025-10-27,transaction at amazon,11880.24,Online Shopping
2025-01-29,transaction at ajio,4404.16,Online Shopping
2025-05-28,transaction at cream stone,328.01,Food
2025-04-02,transaction at aha,138.13,Entertainment
2025-12-11,transaction at ajio,5260.41,Online Shopping
2025-09-21,transaction at nykaa,3257.94,Online Shopping
2025-09-20,transaction at property tax online,2324.43,Bills
2025-02-21,transaction at lenskart,16971.6,Online Shopping
2025-05-19,transaction at subway,1222.84,Food
2025-08-09,transaction at apple music,499.41,Entertainment
2025-10-04,transaction at nilgiris,718.71,Grocery
2025-03-30,transaction at pepperfry,5690.16,Online Shopping
2025-07-18,transaction at pizza hut,297.58,Food
2025-12-23,transaction at yulu bikes,827.96,Transport
2025-01-27,transaction at jiomart,1462.23,Grocery
2025-04-17,transaction at jiomart,3778.41,Grocery
2025-12-28,transaction at tneb,4438.48,Bills
2025-08-27,transaction at booking.com,24831.54,Travel
2025-10-10,transaction at jiomart,3115.42,Grocery
2025-03-09,transaction at vivo store,63376.59,Electronics
2025-05-01,transaction at snapdeal,18832.83,Online Shopping
2025-08-12,transaction at vivo store,99170.46,Electronics
2025-07-19,transaction at h&m,3782.01,Clothing
2025-01-09,transaction at pepperfry,3701.78,Online Shopping
2025-06-21,transaction at netmeds,19357.71,Healthcare
2025-11-03,transaction at burger king,212.43,Food
2025-03-10,transaction at tsrtc,751.02,Transport
2025-04-15,transaction at boat lifestyle,68623.3,Electronics
2025-11-16,transaction at pantaloons,5357.58,Clothing
2025-12-27,transaction at saravana bhavan,483.23,Food
2025-06-09,transaction at flipkart,4825.61,Online Shopping
2025-03-05,transaction at nilgiris,4807.08,Grocery
2025-10-04,transaction at tata cliq,11378.25,Online Shopping
2025-05-18,transaction at airtel,969.68,Bills
2025-08-07,transaction at burger king,512.89,Food
2025-12-26,transaction at pharmeasy,1171.38,Healthcare
2025-11-10,transaction at pepperfry,18994.29,Online Shopping
2025-02-17,transaction at samsung store,70919.57,Electronics
2025-08-12,transaction at dominos,659.55,Food
2025-12-04,transaction at zee5,603.26,Entertainment
2025-12-19,transaction at oyo,5912.56,Travel
2025-10-25,transaction at saravana bhavan,1336.94,Food
2025-10-12,transaction at allen solly,3047.62,Clothing
2025-08-26,transaction at indigo,3983.34,Travel
2025-02-03,transaction at act fibernet,3168.23,Bills
2025-07-14,transaction at hp world,108452.24,Electronics
2025-01-31,transaction at yulu bikes,1727.78,Transport
2025-03-03,transaction at bmtc,275.5,Transport
2025-12-27,transaction at more supermarket,857.34,Grocery
2025-06-09,transaction at dominos,1236.4,Food
2025-12-23,transaction at rapido,649.59,Transport
2025-11-25,transaction at pepperfry,19791.74,Online Shopping
2025-10-25,transaction at airasia,29817.3,Travel
2025-06-14,transaction at sonyliv,155.59,Entertainment
2025-08-05,transaction at cloudnine,13087.49,Healthcare
2025-02-18,transaction at reliance fresh,4718.87,Grocery
2025-03-14,transaction at makemytrip,10106.87,Travel
2025-01-08,transaction at biba,5125.54,Clothing
2025-06-11,transaction at more supermarket,2111.08,Grocery
2025-11-22,transaction at adidas,5570.73,Clothing
2025-02-04,transaction at indigo,25679.52,Travel
2025-01-29,transaction at bsnl,613.3,Bills
2025-09-26,transaction at hotstar,957.14,Entertainment
2025-09-02,transaction at myntra,7073.38,Online Shopping
2025-10-07,transaction at yulu bikes,391.78,Transport
2025-04-23,transaction at apollo hospital,15832.68,Healthcare
2025-11-11,transaction at aha,99.83,Entertainment
2025-12-27,transaction at gaana,616.47,Entertainment
2025-03-01,transaction at bigbazaar,4644.64,Grocery
2025-09-25,transaction at vodafone idea,2179.98,Bills
2025-02-26,transaction at amazon prime,501.86,Entertainment
2025-07-01,transaction at snapdeal,11676.07,Online Shopping
2025-05-27,transaction at vistara,11372.87,Travel
2025-03-20,transaction at ajio,16290.41,Online Shopping
2025-01-19,transaction at meru cabs,918.39,Transport
2025-06-05,transaction at amazon prime,927.43,Entertainment
2025-04-30,transaction at indigo,4190.37,Travel
2025-05-23,transaction at meesho,669.3,Online Shopping
2025-07-02,transaction at amazon prime,750.88,Entertainment
2025-09-21,transaction at youtube premium,180.49,Entertainment
2025-01-17,transaction at pharmeasy,8062.42,Healthcare
2025-09-21,transaction at flipkart,3324.83,Online Shopping
2025-10-29,transaction at taco bell,633.56,Food
2025-09-09,transaction at yatra,1308.81,Travel
2025-12-26,transaction at netmeds,4422.02,Healthcare
2025-06-02,transaction at nature's basket,2644.27,Grocery
2025-11-08,transaction at airasia,19294.43,Travel
2025-06-17,transaction at saravana bhavan,242.0,Food
2025-05-26,transaction at subway,1109.76,Food
2025-01-27,transaction at indigo,4228.14,Travel
2025-09-24,transaction at mi store,142587.66,Electronics
2025-09-22,transaction at adidas,3705.34,Clothing
2025-07-23,transaction at sonyliv,151.86,Entertainment
2025-11-06,transaction at flipkart,10972.07,Online Shopping
2025-11-30,transaction at redbus,470.1,Transport
2025-04-26,transaction at medplus,13032.47,Healthcare
2025-11-01,transaction at youtube premium,758.92,Entertainment
2025-05-29,transaction at tata cliq,14037.3,Online Shopping
2025-01-02,transaction at indigo,1310.56,Travel
2025-03-31,transaction at pepperfry,13619.07,Online Shopping
2025-11-23,transaction at tsrtc,911.19,Transport
2025-10-01,transaction at myntra,4060.4,Online Shopping
2025-07-24,transaction at airasia,14670.27,Travel
2025-09-16,transaction at levis,6362.18,Clothing
2025-08-09,transaction at redbus,1726.39,Transport
2025-06-09,transaction at pharmeasy,1503.4,Healthcare
2025-10-19,transaction at pantaloons,4013.75,Clothing
2025-10-31,transaction at amazon prime,948.58,Entertainment
2025-01-28,transaction at makemytrip,18182.37,Travel
2025-12-13,transaction at nature's basket,3951.44,Grocery
2025-08-22,transaction at netflix,318.35,Entertainment
2025-06-11,transaction at redbus,1337.91,Transport
2025-07-25,transaction at netflix,411.54,Entertainment
2025-07-16,transaction at dominos,1173.15,Food
2025-01-07,transaction at 1mg,5915.31,Healthcare
2025-09-25,transaction at redbus,647.8,Transport
2025-03-01,transaction at kfc,1391.99,Food
2025-06-16,transaction at kfc,716.57,Food
2025-06-23,transaction at asus store,51012.52,Electronics
2025-06-23,transaction at ccd,647.45,Food
2025-03-24,transaction at tata cliq,1790.8,Online Shopping
2025-12-28,transaction at irctc,11938.91,Travel
2025-09-04,transaction at a2b,923.34,Food
2025-07-19,transaction at bsnl,2466.57,Bills
2025-08-01,transaction at makemytrip,711.42,Travel
2025-07-12,transaction at gas agency,3114.58,Bills
2025-10-30,transaction at nykaa,5289.31,Online Shopping
2025-12-14,transaction at aha,575.62,Entertainment
2025-03-01,transaction at star bazaar,2596.25,Grocery
2025-05-23,transaction at apple music,463.83,Entertainment
2025-02-26,transaction at zara,7724.55,Clothing
2025-08-10,transaction at yulu bikes,497.37,Transport
2025-12-08,transaction at a2b,533.28,Food
2025-04-22,transaction at tneb,3094.6,Bills
2025-01-16,transaction at amazon,16163.41,Online Shopping
2025-03-08,transaction at irctc,28156.44,Travel
2025-06-12,transaction at uber,858.21,Transport
2025-07-25,transaction at boat lifestyle,41879.08,Electronics
2025-04-29,transaction at apollo pharmacy,17508.96,Healthcare
2025-02-28,transaction at dell exclusive,44535.67,Electronics
2025-06-12,transaction at burger king,1482.48,Food
2025-12-08,transaction at apollo pharmacy,5179.58,Healthcare
2025-05-15,transaction at jiomart,3888.14,Grocery
2025-06-30,transaction at taco bell,485.5,Food
2025-03-12,transaction at makemytrip,17031.73,Travel
2025-07-16,transaction at reliance fresh,3531.18,Grocery
2025-04-20,transaction at tneb,5773.77,Bills
2025-09-09,transaction at yatra,15370.31,Travel
2025-03-20,transaction at max fashion,7865.01,Clothing
2025-03-07,transaction at gaana,771.64,Entertainment
2025-11-13,transaction at croma,86050.58,Electronics
2025-07-26,transaction at vodafone idea,2488.2,Bills
2025-02-05,transaction at nykaa,15289.18,Online Shopping
2025-07-27,transaction at aster,14374.2,Healthcare
2025-08-20,transaction at tsrtc,552.84,Transport
2025-02-28,transaction at subway,584.77,Food
2025-08-24,transaction at biba,3984.7,Clothing
2025-09-18,transaction at barbeque nation,225.83,Food
2025-03-05,transaction at lenskart,12167.39,Online Shopping
2025-07-08,transaction at 1mg,4706.32,Healthcare
2025-12-10,transaction at apollo hospital,4280.45,Healthcare
2025-05-31,transaction at cloudnine,13688.77,Healthcare
2025-12-20,transaction at youtube premium,952.79,Entertainment
2025-12-15,transaction at vivo store,114052.4,Electronics
2025-08-29,transaction at fortis,16563.55,Healthcare
2025-10-03,transaction at bmtc,341.51,Transport
2025-02-23,transaction at metro rail,1380.2,Transport
2025-10-20,transaction at sonyliv,454.06,Entertainment
2025-06-07,transaction at apple music,864.11,Entertainment
2025-08-12,transaction at woodland,6462.69,Clothing
2025-12-19,transaction at airasia,27975.54,Travel
2025-02-10,transaction at airtel,2083.94,Bills
2025-10-10,transaction at rapido,1659.59,Transport
2025-10-09,transaction at netmeds,14081.65,Healthcare
2025-12-30,transaction at max fashion,7719.07,Clothing
2025-12-21,transaction at gaana,514.7,Entertainment
2025-07-02,transaction at airasia,25965.32,Travel
2025-12-09,transaction at hotstar,331.5,Entertainment
2025-02-17,transaction at medplus,9109.9,Healthcare
2025-07-03,transaction at vodafone idea,1980.93,Bills
2025-12-29,transaction at asus store,28844.76,Electronics
2025-02-20,transaction at ccd,1216.66,Food
2025-11-14,transaction at tata cliq,12249.5,Online Shopping
2025-02-22,transaction at irctc,28407.42,Travel
2025-05-27,transaction at a2b,430.59,Food
2025-03-10,transaction at boat lifestyle,72988.29,Electronics
2025-02-06,transaction at ola,237.18,Transport
2025-04-06,transaction at netflix,307.22,Entertainment
2025-10-17,transaction at pepperfry,6589.03,Online Shopping
2025-02-12,transaction at starbucks,733.84,Food
2025-06-16,transaction at flipkart,13686.78,Online Shopping
2025-05-08,transaction at apollo pharmacy,3853.02,Healthcare
2025-12-16,transaction at starbucks,1342.17,Food
2025-05-18,transaction at pizza hut,675.19,Food
2025-05-20,transaction at water board,4197.89,Bills
2025-03-12,transaction at redbus,1044.41,Transport
2025-10-19,transaction at a2b,376.89,Food
2025-07-24,transaction at gas agency,3522.02,Bills
2025-01-24,transaction at flipkart,19236.46,Online Shopping
2025-01-01,transaction at aha,241.25,Entertainment
2025-03-12,transaction at metro rail,908.94,Transport
2025-10-14,transaction at fortis,10531.94,Healthcare
2025-12-08,transaction at jio fiber,243.95,Bills
2025-01-29,transaction at meru cabs,1981.27,Transport
2025-05-02,transaction at medplus,12835.69,Healthcare
2025-02-19,transaction at bsnl,3019.68,Bills
2025-08-27,transaction at taco bell,754.31,Food
2025-05-26,transaction at h&m,2357.37,Clothing
2025-04-13,transaction at us polo,3734.99,Clothing
2025-12-31,transaction at spotify,103.51,Entertainment
2025-03-10,transaction at cream stone,497.17,Food
2025-07-04,transaction at apollo pharmacy,16457.98,Healthcare
2025-07-21,transaction at jiomart,2272.22,Grocery
2025-04-28,transaction at levis,1619.54,Clothing
2025-02-10,transaction at ola,481.64,Transport
2025-06-15,transaction at ccd,1347.75,Food
2025-09-19,transaction at youtube premium,915.46,Entertainment
2025-08-07,transaction at woodland,5579.89,Clothing
2025-11-18,transaction at redbus,433.62,Transport
2025-08-20,transaction at tata cliq,11302.02,Online Shopping
2025-02-06,transaction at myntra,17133.19,Online Shopping
2025-04-15,transaction at subway,548.69,Food
2025-06-01,transaction at airtel,2221.56,Bills
2025-07-22,transaction at flipkart,4922.32,Online Shopping
2025-04-08,transaction at biba,4972.83,Clothing
2025-11-16,transaction at sony center,51855.47,Electronics
2025-05-01,transaction at flipkart,1474.18,Online Shopping
2025-07-13,transaction at bigbazaar,1314.67,Grocery
2025-12-21,transaction at dell exclusive,105066.91,Electronics
2025-07-26,transaction at nilgiris,2453.61,Grocery
2025-03-14,transaction at airtel,2522.7,Bills
2025-05-08,transaction at ola,87.36,Transport
2025-09-12,transaction at gas agency,5965.42,Bills
2025-04-04,transaction at zee5,670.11,Entertainment
2025-02-17,transaction at vodafone idea,1857.65,Bills
2025-06-25,transaction at ajio,18324.08,Online Shopping
2025-06-12,transaction at bigbazaar,3499.51,Grocery
2025-02-20,transaction at myntra,2699.49,Online Shopping
2025-03-17,transaction at nature's basket,608.18,Grocery
2025-03-27,transaction at aster,8630.26,Healthcare
2025-04-20,transaction at spencers,3647.32,Grocery
2025-06-28,transaction at chai point,693.82,Food
2025-08-08,transaction at spotify,286.64,Entertainment
2025-03-08,transaction at redbus,149.49,Transport
2025-05-16,transaction at burger king,121.11,Food
2025-09-14,transaction at nykaa,5006.92,Online Shopping
2025-09-06,transaction at tsrtc,1367.59,Transport
2025-09-17,transaction at sony center,74144.84,Electronics
2025-07-26,transaction at flipkart,17805.48,Online Shopping
2025-11-02,transaction at gaana,466.87,Entertainment
2025-01-24,transaction at asus store,114658.74,Electronics
2025-11-21,transaction at boat lifestyle,63126.18,Electronics
2025-07-22,transaction at dmart,4520.89,Grocery
2025-05-28,transaction at pantaloons,3711.92,Clothing
2025-10-22,transaction at uber,1814.0,Transport
2025-05-17,transaction at zee5,725.04,Entertainment
2025-03-04,transaction at medplus,10656.21,Healthcare
2025-11-01,transaction at medplus,5480.15,Healthcare
2025-09-14,transaction at irctc,8686.28,Travel
2025-04-10,transaction at jiomart,2911.82,Grocery
2025-01-15,transaction at cream stone,1095.79,Food
2025-10-17,transaction at medplus,2470.24,Healthcare
2025-03-23,transaction at paradise biryani,1381.26,Food
2025-10-12,transaction at meesho,878.42,Online Shopping
2025-07-28,transaction at cream stone,1201.6,Food
2025-10-17,transaction at star bazaar,1838.04,Grocery
2025-01-10,transaction at zara,3897.33,Clothing
2025-05-25,transaction at meru cabs,123.67,Transport
2025-08-27,transaction at uber,905.47,Transport
2025-07-07,transaction at act fibernet,4835.37,Bills
2025-07-08,transaction at allen solly,2347.76,Clothing
2025-12-19,transaction at youtube premium,475.91,Entertainment
2025-03-28,transaction at allen solly,5577.84,Clothing
2025-05-07,transaction at cloudnine,14464.14,Healthcare
2025-02-11,transaction at yulu bikes,1852.26,Transport
2025-12-31,transaction at airasia,21195.5,Travel
2025-02-23,transaction at reliance digital,47672.43,Electronics
2025-02-09,transaction at meesho,18826.29,Online Shopping
2025-12-07,transaction at booking.com,1904.74,Travel
2025-10-03,transaction at makemytrip,14597.06,Travel
2025-05-22,transaction at amazon prime,834.88,Entertainment
2025-09-02,transaction at hp world,130859.65,Electronics
2025-09-09,transaction at nature's basket,664.81,Grocery
2025-08-24,transaction at makemytrip,2757.21,Travel
2025-11-28,transaction at amazon,3248.68,Online Shopping
2025-03-29,transaction at fortis,9827.99,Healthcare
2025-12-06,transaction at lenskart,783.38,Online Shopping
2025-11-20,transaction at fortis,3969.19,Healthcare
2025-03-08,transaction at meru cabs,268.15,Transport
2025-10-21,transaction at water board,1456.52,Bills
2025-06-19,transaction at paradise biryani,1378.25,Food
2025-07-14,transaction at saravana bhavan,215.36,Food
2025-09-26,transaction at reliance digital,65943.25,Electronics
2025-11-29,transaction at uber,607.47,Transport
2025-02-05,transaction at snapdeal,6507.75,Online Shopping
2025-05-12,transaction at flipkart,13904.33,Online Shopping
2025-04-20,transaction at netflix,796.72,Entertainment
2025-02-01,transaction at more supermarket,4205.24,Grocery
2025-03-26,transaction at redbus,1747.46,Transport
2025-06-12,transaction at 1mg,19131.44,Healthcare
2025-05-11,transaction at netflix,438.34,Entertainment
2025-05-18,transaction at vodafone idea,337.62,Bills
2025-04-24,transaction at irctc,21291.42,Travel
2025-04-04,transaction at irctc,1519.58,Travel
2025-06-24,transaction at spotify,221.53,Entertainment
2025-05-17,transaction at meru cabs,250.15,Transport
2025-03-17,transaction at spencers,4383.09,Grocery
2025-08-07,transaction at subway,853.88,Food
2025-03-30,transaction at tata cliq,15375.04,Online Shopping
2025-12-01,transaction at noise,97430.82,Electronics
2025-03-01,transaction at irctc,2496.95,Travel
2025-05-09,transaction at air india,11557.57,Travel
2025-07-11,transaction at goibibo,17366.05,Travel
2025-03-26,transaction at goibibo,10062.4,Travel
2025-05-12,transaction at reliance fresh,3311.14,Grocery
2025-08-30,transaction at airtel,2483.13,Bills
2025-07-26,transaction at boat lifestyle,53150.81,Electronics
2025-06-26,transaction at levis,847.61,Clothing
2025-04-10,transaction at bigbazaar,448.72,Grocery
2025-03-26,transaction at vistara,23383.94,Travel
2025-06-30,transaction at netflix,841.24,Entertainment
2025-03-01,transaction at netflix,869.52,Entertainment
2025-12-20,transaction at pharmeasy,11288.62,Healthcare
2025-07-04,transaction at burger king,104.99,Food
2025-12-03,transaction at amazon,14206.76,Online Shopping
2025-04-21,transaction at goibibo,22087.93,Travel
2025-09-10,transaction at irctc,4831.09,Travel
2025-06-28,transaction at puma,6807.54,Clothing
2025-01-16,transaction at netflix,963.96,Entertainment
2025-03-19,transaction at ajio,9612.2,Online Shopping
2025-12-22,transaction at gaana,510.6,Entertainment
2025-02-10,transaction at property tax online,1757.04,Bills
2025-12-19,transaction at apollo hospital,10807.71,Healthcare
2025-09-03,transaction at nykaa,14126.42,Online Shopping
2025-09-14,transaction at airasia,21982.39,Travel
2025-04-04,transaction at ola,1635.97,Transport
2025-10-18,transaction at cloudnine,16282.69,Healthcare
2025-05-07,transaction at indigo,12184.4,Travel
2025-09-20,transaction at bsnl,2991.84,Bills
2025-01-08,transaction at meesho,9256.43,Online Shopping
2025-03-06,transaction at dominos,657.5,Food
2025-03-22,transaction at aster,9501.15,Healthcare
2025-01-04,transaction at lenskart,8910.28,Online Shopping
2025-06-29,transaction at tata cliq,18813.02,Online Shopping
2025-10-30,transaction at metro rail,1090.93,Transport
2025-04-28,transaction at myntra,2999.44,Online Shopping
2025-03-26,transaction at gas agency,4376.74,Bills
2025-08-14,transaction at tneb,1016.78,Bills
2025-12-07,transaction at nilgiris,2155.9,Grocery
2025-10-12,transaction at amazon,11782.88,Online Shopping
2025-09-25,transaction at kauvery,2179.5,Healthcare
2025-05-23,transaction at apollo pharmacy,9747.14,Healthcare
2025-08-26,transaction at croma,101364.36,Electronics
2025-11-13,transaction at kfc,844.53,Food
2025-01-15,transaction at vivo store,68611.46,Electronics
2025-04-01,transaction at cream stone,719.47,Food
2025-08-22,transaction at levis,5627.87,Clothing
2025-05-08,transaction at makemytrip,12454.55,Travel
2025-10-19,transaction at bsnl,351.06,Bills
2025-07-28,transaction at meesho,16544.33,Online Shopping
2025-06-05,transaction at amazon,9108.43,Online Shopping
2025-01-29,transaction at biba,7790.96,Clothing
2025-07-11,transaction at a2b,171.19,Food
2025-11-28,transaction at tneb,2165.98,Bills
2025-09-21,transaction at fortis,11799.17,Healthcare
2025-03-14,transaction at zee5,653.83,Entertainment
2025-01-27,transaction at nature's basket,2888.22,Grocery
2025-09-01,transaction at adidas,4188.29,Clothing
2025-06-25,transaction at oneplus,123907.0,Electronics
2025-07-09,transaction at gaana,956.55,Entertainment
2025-08-03,transaction at act fibernet,2486.97,Bills
2025-05-26,transaction at booking.com,28995.33,Travel
2025-05-16,transaction at reliance fresh,4372.86,Grocery
2025-08-02,transaction at ccd,235.14,Food
2025-12-23,transaction at redbus,1299.33,Transport
2025-02-12,transaction at bmtc,1510.59,Transport
2025-02-08,transaction at zee5,169.38,Entertainment
2025-03-16,transaction at netmeds,11556.73,Healthcare
2025-08-21,transaction at apple music,206.22,Entertainment
2025-01-15,transaction at metro rail,1318.26,Transport
2025-11-20,transaction at gaana,984.79,Entertainment
2025-07-12,transaction at aster,2898.85,Healthcare
2025-07-12,transaction at amazon,6885.28,Online Shopping
2025-10-26,transaction at nykaa,9014.08,Online Shopping
2025-01-13,transaction at flipkart,19775.63,Online Shopping
2025-07-22,transaction at property tax online,404.24,Bills
2025-04-27,transaction at vistara,29561.22,Travel
2025-12-27,transaction at adidas,4040.04,Clothing
2025-06-24,transaction at airtel,3855.81,Bills
2025-12-25,transaction at 1mg,6234.55,Healthcare
2025-08-23,transaction at kauvery,7270.59,Healthcare
2025-02-13,transaction at paradise biryani,141.29,Food
2025-11-02,transaction at saravana bhavan,668.41,Food
2025-03-03,transaction at wrogn,5949.64,Clothing
2025-03-25,transaction at reliance fresh,1319.6,Grocery
2025-06-27,transaction at burger king,1402.68,Food
2025-03-23,transaction at netmeds,19353.19,Healthcare
2025-03-05,transaction at spotify,495.55,Entertainment
2025-09-03,transaction at allen solly,6615.92,Clothing
2025-03-11,transaction at pantaloons,7479.22,Clothing
2025-06-14,transaction at yulu bikes,729.75,Transport
2025-01-15,transaction at makemytrip,29764.79,Travel
2025-03-06,transaction at hotstar,732.77,Entertainment
2025-06-13,transaction at 1mg,8048.87,Healthcare
2025-09-12,transaction at max fashion,5523.12,Clothing
2025-10-07,transaction at reliance fresh,1168.83,Grocery
2025-10-12,transaction at aha,443.24,Entertainment
2025-03-04,transaction at spotify,406.84,Entertainment
2025-02-17,transaction at reliance fresh,3602.97,Grocery
2025-02-17,transaction at act fibernet,229.13,Bills
2025-12-24,transaction at a2b,242.25,Food
2025-08-15,transaction at aha,185.22,Entertainment
2025-04-27,transaction at irctc,4503.95,Travel
2025-04-08,transaction at snapdeal,6742.63,Online Shopping
2025-11-08,transaction at croma,118447.57,Electronics
2025-01-22,transaction at oyo,13509.18,Travel
2025-10-29,transaction at jiomart,4801.98,Grocery
2025-05-31,transaction at star bazaar,615.58,Grocery
2025-01-02,transaction at water board,4973.64,Bills
2025-05-20,transaction at redbus,145.72,Transport
2025-10-28,transaction at snapdeal,13485.12,Online Shopping
2025-10-10,transaction at puma,3533.77,Clothing
2025-05-11,transaction at ajio,14732.43,Online Shopping
2025-11-09,transaction at amazon,10861.5,Online Shopping
2025-06-14,transaction at metro rail,1837.43,Transport
2025-11-10,transaction at saravana bhavan,1322.92,Food
2025-01-25,transaction at apollo hospital,835.1,Healthcare
2025-12-02,transaction at spotify,252.1,Entertainment
2025-02-09,transaction at jio fiber,5043.24,Bills
2025-10-16,transaction at vistara,25232.68,Travel
2025-03-17,transaction at levis,1046.61,Clothing
2025-06-20,transaction at apollo hospital,5708.51,Healthcare
2025-04-26,transaction at irctc,10001.9,Travel
2025-05-02,transaction at dell exclusive,105348.66,Electronics
2025-10-18,transaction at aster,843.92,Healthcare
2025-04-04,transaction at snapdeal,15264.17,Online Shopping
2025-07-17,transaction at property tax online,2341.7,Bills
2025-08-03,transaction at samsung store,110245.4,Electronics
2025-09-22,transaction at burger king,1436.2,Food
2025-01-20,transaction at netmeds,11513.64,Healthcare
2025-03-21,transaction at booking.com,10177.58,Travel
2025-07-21,transaction at wrogn,2858.22,Clothing
2025-01-31,transaction at 1mg,894.49,Healthcare
2025-03-22,transaction at taco bell,1147.84,Food
2025-05-29,transaction at aha,947.52,Entertainment
2025-04-13,transaction at aha,791.57,Entertainment
2025-04-09,transaction at adidas,1595.21,Clothing
2025-11-15,transaction at apollo pharmacy,19854.49,Healthcare
2025-09-15,transaction at sonyliv,99.29,Entertainment
2025-04-12,transaction at asus store,42805.02,Electronics
2025-06-01,transaction at star bazaar,2489.75,Grocery
2025-08-12,transaction at dmart,1783.43,Grocery
2025-05-29,transaction at pantaloons,4875.57,Clothing
2025-03-07,transaction at amazon,4072.49,Online Shopping
2025-08-06,transaction at vodafone idea,1667.63,Bills
2025-10-21,transaction at airasia,6264.29,Travel
2025-09-23,transaction at oyo,15438.54,Travel
2025-11-20,transaction at lenskart,2063.14,Online Shopping
2025-04-02,transaction at nature's basket,869.15,Grocery
2025-08-05,transaction at nature's basket,3065.74,Grocery
2025-11-07,transaction at ajio,19880.82,Online Shopping
2025-06-04,transaction at aha,864.25,Entertainment
2025-10-28,transaction at paradise biryani,488.9,Food
2025-05-09,transaction at bsnl,3228.26,Bills
2025-10-04,transaction at h&m,5560.42,Clothing
2025-07-13,transaction at metro rail,1224.32,Transport
2025-10-24,transaction at yulu bikes,1888.03,Transport
2025-12-23,transaction at star bazaar,2616.98,Grocery
2025-08-28,transaction at flipkart,10407.42,Online Shopping
2025-01-11,transaction at sony center,119718.87,Electronics
2025-09-17,transaction at dominos,100.2,Food
2025-10-07,transaction at more supermarket,931.41,Grocery
2025-07-14,transaction at asus store,137172.55,Electronics
2025-10-14,transaction at us polo,2969.3,Clothing
2025-08-09,transaction at bmtc,233.91,Transport
2025-02-02,transaction at yulu bikes,1304.82,Transport
2025-02-11,transaction at subway,291.13,Food
2025-06-12,transaction at a2b,721.77,Food
2025-01-23,transaction at myntra,2826.55,Online Shopping
2025-07-10,transaction at noise,89602.49,Electronics
2025-03-07,transaction at hotstar,393.0,Entertainment
2025-12-24,transaction at vodafone idea,793.41,Bills
2025-08-09,transaction at star bazaar,1938.52,Grocery
2025-08-11,transaction at rapido,261.82,Transport
2025-09-05,transaction at apollo pharmacy,17482.67,Healthcare
2025-05-04,transaction at levis,5430.6,Clothing
2025-05-22,transaction at property tax online,1792.9,Bills
2025-10-18,transaction at bsnl,5740.9,Bills
2025-06-02,transaction at amazon,135.21,Online Shopping
2025-09-12,transaction at sony center,49786.22,Electronics
2025-11-01,transaction at water board,1593.99,Bills
2025-05-06,transaction at gas agency,2610.32,Bills
2025-08-20,transaction at max fashion,5396.55,Clothing
2025-02-16,transaction at tata cliq,11241.08,Online Shopping
2025-12-03,transaction at ola,1250.99,Transport
2025-05-16,transaction at amazon prime,289.61,Entertainment
2025-03-28,transaction at wrogn,6930.67,Clothing
2025-07-30,transaction at bmtc,1980.28,Transport
2025-03-14,transaction at spotify,299.83,Entertainment
2025-05-12,transaction at jiomart,4057.55,Grocery
2025-02-10,transaction at starbucks,1285.37,Food
2025-02-27,transaction at goibibo,11894.23,Travel
2025-04-26,transaction at fortis,15132.78,Healthcare
2025-07-16,transaction at act fibernet,1605.74,Bills
2025-12-11,transaction at tneb,4540.69,Bills
2025-12-24,transaction at tata cliq,5267.66,Online Shopping
2025-01-19,transaction at zara,1519.45,Clothing
2025-03-22,transaction at apollo pharmacy,18718.63,Healthcare
2025-06-27,transaction at redbus,141.32,Transport
2025-08-25,transaction at mi store,57404.96,Electronics
2025-07-06,transaction at tata cliq,11020.82,Online Shopping
2025-04-06,transaction at spotify,284.27,Entertainment
2025-05-07,transaction at puma,5874.85,Clothing
2025-09-30,transaction at indigo,6247.14,Travel
2025-01-29,transaction at airasia,6893.82,Travel
2025-07-02,transaction at sonyliv,918.18,Entertainment
2025-07-13,transaction at meru cabs,1725.44,Transport
2025-09-21,transaction at hotstar,228.81,Entertainment
2025-09-29,transaction at samsung store,25143.68,Electronics
2025-05-05,transaction at reliance fresh,2391.31,Grocery
2025-04-05,transaction at dell exclusive,127948.78,Electronics
2025-09-20,transaction at airtel,4422.43,Bills
2025-12-05,transaction at zara,6477.98,Clothing
2025-04-23,transaction at vistara,9191.21,Travel
2025-04-20,transaction at hp world,132749.14,Electronics
2025-02-13,transaction at spotify,172.47,Entertainment
2025-08-16,transaction at airasia,28812.73,Travel
2025-02-15,transaction at hotstar,945.91,Entertainment
2025-08-08,transaction at star bazaar,3087.32,Grocery
2025-11-27,transaction at oneplus,32231.86,Electronics
2025-03-19,transaction at ola,649.09,Transport
2025-08-18,transaction at zee5,977.96,Entertainment
2025-01-31,transaction at property tax online,3803.05,Bills
2025-07-16,transaction at tneb,3307.39,Bills
2025-07-09,transaction at oyo,1378.98,Travel
2025-02-27,transaction at allen solly,7845.25,Clothing
2025-08-14,transaction at mcdonalds,1197.28,Food
2025-04-14,transaction at spotify,809.46,Entertainment
2025-03-07,transaction at samsung store,143383.11,Electronics
2025-09-29,transaction at gas agency,3933.89,Bills
2025-04-15,transaction at tata cliq,12215.06,Online Shopping
2025-06-11,transaction at myntra,7995.66,Online Shopping
2025-08-21,transaction at kfc,1206.71,Food
2025-06-07,transaction at hotstar,294.94,Entertainment
2025-05-20,transaction at wrogn,5342.56,Clothing
2025-03-27,transaction at vodafone idea,5570.97,Bills
2025-05-27,transaction at meru cabs,1371.59,Transport
2025-10-08,transaction at ajio,14259.95,Online Shopping
2025-09-21,transaction at sonyliv,715.2,Entertainment
2025-12-17,transaction at water board,3107.07,Bills
2025-12-26,transaction at metro rail,957.15,Transport
2025-05-09,transaction at 1mg,8788.62,Healthcare
2025-10-04,transaction at adidas,1732.18,Clothing
2025-08-12,transaction at ajio,2607.62,Online Shopping
2025-07-14,transaction at a2b,555.8,Food
2025-02-24,transaction at boat lifestyle,29502.88,Electronics
2025-10-03,transaction at water board,2510.78,Bills
2025-01-15,transaction at gaana,719.52,Entertainment
2025-10-27,transaction at reliance digital,133794.03,Electronics
2025-10-20,transaction at water board,2089.15,Bills
2025-04-07,transaction at starbucks,1224.25,Food
2025-10-25,transaction at nature's basket,757.04,Grocery
2025-10-26,transaction at max fashion,3305.68,Clothing
2025-01-09,transaction at booking.com,29587.72,Travel
2025-05-24,transaction at air india,13708.54,Travel
2025-06-07,transaction at fortis,18892.5,Healthcare
2025-06-19,transaction at 1mg,11010.08,Healthcare
2025-06-16,transaction at act fibernet,2191.31,Bills
2025-09-13,transaction at medplus,5490.71,Healthcare
2025-04-06,transaction at adidas,5732.41,Clothing
2025-01-13,transaction at myntra,14567.04,Online Shopping
2025-10-30,transaction at amazon,2942.4,Online Shopping
2025-11-16,transaction at star bazaar,1089.15,Grocery
2025-09-25,transaction at sonyliv,453.61,Entertainment
2025-01-18,transaction at netflix,290.66,Entertainment
2025-03-04,transaction at dmart,4553.73,Grocery
2025-12-11,transaction at more supermarket,1744.58,Grocery
2025-05-23,transaction at samsung store,94742.08,Electronics
2025-12-19,transaction at subway,438.5,Food
2025-11-16,transaction at subway,887.85,Food
2025-01-14,transaction at apple store,19100.71,Electronics
2025-11-29,transaction at metro rail,96.32,Transport
2025-08-03,transaction at jio fiber,2059.22,Bills
2025-05-31,transaction at more supermarket,1693.46,Grocery
2025-04-18,transaction at paradise biryani,991.26,Food
2025-08-19,transaction at nature's basket,1025.13,Grocery
2025-03-14,transaction at nilgiris,2188.11,Grocery
2025-07-24,transaction at spotify,302.55,Entertainment
2025-11-16,transaction at dell exclusive,130987.84,Electronics
2025-08-02,transaction at ccd,1119.26,Food
2025-10-01,transaction at kauvery,15684.14,Healthcare
2025-04-05,transaction at nilgiris,448.83,Grocery
2025-06-09,transaction at metro rail,1404.44,Transport
2025-10-06,transaction at yatra,22039.63,Travel
2025-11-14,transaction at medplus,649.9,Healthcare
2025-12-07,transaction at mcdonalds,914.07,Food
2025-11-30,transaction at levis,5470.35,Clothing
2025-06-23,transaction at sonyliv,871.5,Entertainment
2025-11-27,transaction at kfc,1392.38,Food
2025-08-01,transaction at yatra,22597.09,Travel
2025-09-09,transaction at sony center,143563.92,Electronics
2025-07-28,transaction at makemytrip,7390.41,Travel
2025-04-15,transaction at pantaloons,2986.52,Clothing
2025-05-14,transaction at biba,3885.4,Clothing
2025-08-04,transaction at nilgiris,2451.26,Grocery
2025-05-24,transaction at star bazaar,4195.59,Grocery
2025-04-23,transaction at reliance fresh,2012.91,Grocery
2025-04-11,transaction at starbucks,1326.56,Food
2025-04-04,transaction at airasia,1191.05,Travel
2025-06-05,transaction at asus store,80206.6,Electronics
2025-02-14,transaction at metro rail,301.95,Transport
2025-01-06,transaction at pantaloons,2578.14,Clothing
2025-07-14,transaction at jiomart,4291.75,Grocery
2025-03-26,transaction at gas agency,4014.34,Bills
2025-05-21,transaction at samsung store,67441.44,Electronics
2025-10-01,transaction at tsrtc,1276.02,Transport
2025-04-07,transaction at fortis,13381.99,Healthcare
2025-02-02,transaction at puma,3225.3,Clothing
2025-10-07,transaction at goibibo,15919.14,Travel
2025-06-15,transaction at woodland,5614.75,Clothing
2025-04-29,transaction at star bazaar,4647.47,Grocery
2025-05-24,transaction at lenskart,14442.25,Online Shopping
2025-01-06,transaction at tneb,5850.5,Bills
2025-04-07,transaction at tneb,5440.12,Bills
2025-06-13,transaction at yatra,27346.93,Travel
2025-07-19,transaction at pharmeasy,797.84,Healthcare
2025-06-07,transaction at us polo,3949.99,Clothing
2025-10-20,transaction at allen solly,3984.58,Clothing
2025-08-05,transaction at flipkart,535.02,Online Shopping
2025-08-29,transaction at woodland,2453.91,Clothing
2025-02-27,transaction at gas agency,3851.15,Bills
2025-03-06,transaction at tsrtc,1114.15,Transport
2025-08-31,transaction at oneplus,128008.08,Electronics
2025-02-15,transaction at spencers,3113.72,Grocery
2025-01-22,transaction at allen solly,6414.95,Clothing
2025-03-24,transaction at noise,93292.5,Electronics
2025-02-15,transaction at woodland,4527.72,Clothing
2025-01-10,transaction at barbeque nation,1201.89,Food
2025-09-11,transaction at netflix,375.7,Entertainment
2025-05-01,transaction at apple music,914.72,Entertainment
2025-06-26,transaction at amazon,5070.61,Online Shopping
2025-08-28,transaction at ola,910.98,Transport
2025-09-16,transaction at meru cabs,359.25,Transport
2025-04-18,transaction at puma,6214.75,Clothing
2025-03-21,transaction at youtube premium,806.37,Entertainment
2025-08-27,transaction at nykaa,11573.7,Online Shopping
2025-04-14,transaction at subway,1405.52,Food
2025-09-21,transaction at makemytrip,7606.01,Travel
2025-02-21,transaction at dominos,679.31,Food
2025-07-02,transaction at spencers,2340.75,Grocery
2025-10-10,transaction at dmart,789.93,Grocery
2025-10-31,transaction at pizza hut,552.54,Food
2025-09-04,transaction at h&m,2885.83,Clothing
2025-08-21,transaction at nature's basket,1690.22,Grocery
2025-06-10,transaction at amazon prime,650.89,Entertainment
2025-09-18,transaction at air india,24299.24,Travel
2025-01-30,transaction at flipkart,5517.67,Online Shopping
2025-10-17,transaction at dmart,2974.81,Grocery
2025-01-28,transaction at booking.com,16741.49,Travel
2025-06-04,transaction at pharmeasy,229.14,Healthcare
2025-12-08,transaction at starbucks,360.07,Food
2025-10-17,transaction at mi store,46022.92,Electronics
2025-10-26,transaction at 1mg,8552.84,Healthcare
2025-08-24,transaction at meru cabs,1917.56,Transport
2025-06-05,transaction at asus store,134142.52,Electronics
2025-05-18,transaction at nature's basket,2715.73,Grocery
2025-05-05,transaction at samsung store,106995.32,Electronics
2025-08-03,transaction at irctc,18389.19,Travel
2025-01-02,transaction at flipkart,2700.77,Online Shopping
2025-03-18,transaction at meesho,5880.05,Online Shopping
2025-11-22,transaction at wrogn,7689.12,Clothing
2025-12-02,transaction at aha,675.36,Entertainment
2025-08-24,transaction at barbeque nation,1136.61,Food
2025-04-23,transaction at starbucks,939.0,Food
2025-07-24,transaction at adidas,4932.53,Clothing
2025-03-11,transaction at property tax online,633.31,Bills
2025-03-27,transaction at water board,710.73,Bills
2025-08-09,transaction at makemytrip,28281.93,Travel
2025-06-02,transaction at tsrtc,945.39,Transport
2025-02-26,transaction at apple music,910.35,Entertainment
2025-06-07,transaction at biba,6106.68,Clothing
2025-03-11,transaction at oneplus,58082.4,Electronics
2025-04-05,transaction at wrogn,3495.48,Clothing
2025-12-02,transaction at meru cabs,1806.65,Transport
2025-06-11,transaction at meru cabs,642.97,Transport
2025-07-22,transaction at kauvery,1333.9,Healthcare
2025-10-21,transaction at cloudnine,6178.82,Healthcare
2025-08-21,transaction at chai point,1177.39,Food
2025-10-27,transaction at hp world,68844.26,Electronics
2025-11-02,transaction at tneb,2552.69,Bills
2025-07-05,transaction at kauvery,8988.93,Healthcare
2025-07-11,transaction at lenskart,10118.68,Online Shopping
2025-04-01,transaction at dell exclusive,25012.73,Electronics
2025-06-28,transaction at tata cliq,6711.09,Online Shopping
2025-05-11,transaction at nilgiris,3780.41,Grocery
2025-03-18,transaction at a2b,374.7,Food
2025-04-13,transaction at indigo,23052.22,Travel
2025-12-03,transaction at apple store,27340.64,Electronics
2025-03-10,transaction at nykaa,18138.91,Online Shopping
2025-09-20,transaction at yulu bikes,1748.52,Transport
2025-05-25,transaction at yatra,22270.37,Travel
2025-12-29,transaction at redbus,1498.38,Transport
2025-02-13,transaction at dominos,146.93,Food
2025-08-06,transaction at amazon,11031.92,Online Shopping
2025-07-20,transaction at metro rail,1750.08,Transport
2025-06-28,transaction at irctc,11354.25,Travel
2025-02-17,transaction at gas agency,540.24,Bills
2025-06-11,transaction at vodafone idea,3798.85,Bills
2025-02-21,transaction at reliance fresh,3047.69,Grocery
2025-01-04,transaction at irctc,28350.99,Travel
2025-10-22,transaction at yulu bikes,1974.27,Transport
2025-08-25,transaction at irctc,19840.12,Travel
2025-03-05,transaction at aha,197.28,Entertainment
2025-09-21,transaction at starbucks,333.7,Food
2025-08-21,transaction at bsnl,4121.98,Bills
2025-03-27,transaction at spencers,3878.79,Grocery
2025-11-18,transaction at levis,4822.19,Clothing
2025-01-27,transaction at myntra,9511.15,Online Shopping
2025-01-16,transaction at ccd,719.32,Food
2025-12-08,transaction at dmart,3770.63,Grocery
2025-01-14,transaction at medplus,14126.09,Healthcare
2025-06-30,transaction at kfc,681.2,Food
2025-12-24,transaction at aster,18005.06,Healthcare
2025-03-08,transaction at amazon prime,907.98,Entertainment
2025-08-18,transaction at air india,29177.25,Travel
2025-05-26,transaction at airtel,5028.51,Bills
2025-05-17,transaction at tneb,389.29,Bills
2025-08-12,transaction at dominos,1471.88,Food
2025-11-05,transaction at flipkart,1155.26,Online Shopping
2025-01-31,transaction at tneb,3894.81,Bills
2025-09-10,transaction at max fashion,5006.05,Clothing
2025-02-03,transaction at wrogn,3060.63,Clothing
2025-03-18,transaction at spotify,667.84,Entertainment
2025-03-01,transaction at kfc,1453.89,Food
2025-10-04,transaction at levis,2647.99,Clothing
2025-04-24,transaction at mi store,32642.55,Electronics
2025-10-19,transaction at meesho,8840.19,Online Shopping
2025-07-05,transaction at us polo,634.33,Clothing
2025-07-08,transaction at mi store,84100.33,Electronics
2025-11-17,transaction at spencers,4701.55,Grocery
2025-10-23,transaction at airtel,2757.01,Bills
2025-08-11,transaction at youtube premium,729.35,Entertainment
2025-11-24,transaction at yatra,6475.69,Travel
2025-12-26,transaction at zara,2314.36,Clothing
2025-12-18,transaction at us polo,1069.36,Clothing
2025-03-31,transaction at samsung store,115051.31,Electronics
2025-10-19,transaction at netflix,710.9,Entertainment
2025-08-14,transaction at meru cabs,1256.77,Transport
2025-08-25,transaction at amazon prime,270.14,Entertainment
2025-03-01,transaction at sonyliv,324.25,Entertainment
2025-05-22,transaction at property tax online,1926.59,Bills
2025-10-03,transaction at a2b,1360.7,Food
2025-12-02,transaction at goibibo,3926.27,Travel
2025-11-12,transaction at sonyliv,965.61,Entertainment
2025-07-29,transaction at tata cliq,17164.71,Online Shopping
2025-02-25,transaction at netmeds,10578.04,Healthcare
2025-12-18,transaction at spencers,3079.5,Grocery
2025-04-25,transaction at indigo,11245.17,Travel
2025-08-15,transaction at cloudnine,17382.36,Healthcare
2025-01-16,transaction at aster,9510.22,Healthcare
2025-12-12,transaction at youtube premium,228.77,Entertainment
2025-01-23,transaction at apple music,775.37,Entertainment
2025-12-05,transaction at netflix,717.03,Entertainment
2025-01-23,transaction at burger king,332.59,Food
2025-09-10,transaction at mi store,39680.65,Electronics
2025-09-12,transaction at ola,959.78,Transport
2025-07-30,transaction at irctc,29448.66,Travel
2025-04-27,transaction at hotstar,432.17,Entertainment
2025-09-17,transaction at goibibo,5688.19,Travel
2025-10-31,transaction at oyo,8063.28,Travel
2025-09-17,transaction at spencers,3845.15,Grocery
2025-07-06,transaction at spotify,149.28,Entertainment
2025-10-25,transaction at dmart,1961.44,Grocery
2025-03-14,transaction at meesho,1350.33,Online Shopping
2025-10-23,transaction at wrogn,3961.5,Clothing
2025-07-28,transaction at meesho,8231.37,Online Shopping
2025-08-31,transaction at cloudnine,1720.28,Healthcare
2025-09-16,transaction at nike,4376.28,Clothing
2025-09-24,transaction at apollo pharmacy,6110.39,Healthcare
2025-09-20,transaction at yatra,17524.48,Travel
2025-01-29,transaction at hotstar,975.63,Entertainment
2025-08-29,transaction at vivo store,129057.63,Electronics
2025-12-10,transaction at jiomart,3214.13,Grocery
2025-05-31,transaction at jio fiber,1341.42,Bills
2025-05-31,transaction at aha,582.85,Entertainment
2025-05-16,transaction at tata cliq,10241.62,Online Shopping
2025-09-17,transaction at act fibernet,5937.1,Bills
2025-04-21,transaction at tneb,395.48,Bills
2025-09-26,transaction at pharmeasy,12788.2,Healthcare
2025-09-30,transaction at boat lifestyle,103042.08,Electronics
2025-03-15,transaction at indigo,4589.48,Travel
2025-07-05,transaction at airasia,13126.58,Travel
2025-10-07,transaction at hotstar,435.39,Entertainment
2025-04-04,transaction at kfc,1239.27,Food
2025-10-30,transaction at yulu bikes,1501.93,Transport
2025-11-25,transaction at youtube premium,287.73,Entertainment
2025-09-23,transaction at woodland,7348.22,Clothing
2025-02-18,transaction at spotify,944.8,Entertainment
2025-12-12,transaction at spotify,902.01,Entertainment
2025-03-28,transaction at act fibernet,2149.04,Bills
2025-12-17,transaction at netflix,615.11,Entertainment
2025-10-11,transaction at nike,2201.56,Clothing
2025-12-12,transaction at biba,4672.94,Clothing
2025-06-07,transaction at zara,3617.71,Clothing
2025-08-02,transaction at gas agency,1449.93,Bills
2025-08-03,transaction at vistara,27349.37,Travel
2025-11-05,transaction at bsnl,4550.01,Bills
2025-10-07,transaction at rapido,722.9,Transport
2025-08-22,transaction at biba,4391.2,Clothing
2025-06-13,transaction at netmeds,8358.76,Healthcare
2025-10-01,transaction at metro rail,338.36,Transport
2025-10-25,transaction at samsung store,33026.19,Electronics
2025-06-26,transaction at airtel,3841.65,Bills
2025-11-24,transaction at nilgiris,336.38,Grocery
2025-06-30,transaction at redbus,1825.58,Transport
2025-02-03,transaction at myntra,13487.56,Online Shopping
2025-10-03,transaction at gas agency,2273.43,Bills
2025-07-18,transaction at pantaloons,5245.47,Clothing
2025-01-28,transaction at hp world,60784.59,Electronics
2025-08-24,transaction at dominos,851.16,Food
2025-10-23,transaction at dell exclusive,19012.14,Electronics
2025-10-07,transaction at subway,972.26,Food
2025-01-24,transaction at jio fiber,5108.85,Bills
2025-08-08,transaction at tneb,2419.65,Bills
2025-06-27,transaction at spencers,698.55,Grocery
2025-09-23,transaction at reliance fresh,4398.84,Grocery
2025-04-15,transaction at nilgiris,1765.01,Grocery
2025-09-01,transaction at nature's basket,4970.44,Grocery
2025-01-10,transaction at noise,112052.2,Electronics
2025-02-26,transaction at dominos,864.84,Food
2025-04-16,transaction at spencers,1317.12,Grocery
2025-05-19,transaction at yulu bikes,1117.57,Transport
2025-01-24,transaction at apollo pharmacy,15289.83,Healthcare
2025-05-23,transaction at wrogn,2117.36,Clothing
2025-09-17,transaction at vodafone idea,714.19,Bills
2025-03-24,transaction at apollo pharmacy,455.8,Healthcare
2025-07-23,transaction at property tax online,5484.78,Bills
2025-03-04,transaction at vistara,22779.58,Travel
2025-04-10,transaction at taco bell,620.26,Food
2025-03-13,transaction at act fibernet,724.43,Bills
2025-05-26,transaction at vodafone idea,4582.77,Bills
2025-10-18,transaction at flipkart,17597.98,Online Shopping
2025-11-05,transaction at samsung store,137661.78,Electronics
2025-08-06,transaction at ajio,19766.53,Online Shopping
2025-02-02,transaction at water board,2161.36,Bills
2025-09-18,transaction at hotstar,574.87,Entertainment
2025-07-20,transaction at vivo store,84277.41,Electronics
2025-05-22,transaction at hotstar,606.25,Entertainment
2025-02-22,transaction at spotify,791.64,Entertainment
2025-05-03,transaction at us polo,6101.45,Clothing
2025-07-17,transaction at dmart,3683.41,Grocery
2025-01-26,transaction at cloudnine,18704.37,Healthcare
2025-01-27,transaction at nilgiris,4899.85,Grocery
2025-02-03,transaction at ccd,555.19,Food
2025-08-03,transaction at zee5,675.56,Entertainment
2025-05-19,transaction at vivo store,12497.14,Electronics
2025-09-29,transaction at adidas,6948.77,Clothing
2025-07-16,transaction at snapdeal,8871.77,Online Shopping
2025-09-28,transaction at hp world,121885.3,Electronics
2025-07-22,transaction at ccd,151.77,Food
2025-03-12,transaction at apple music,915.86,Entertainment
2025-11-13,transaction at air india,15201.23,Travel
2025-03-31,transaction at vivo store,10149.01,Electronics
2025-12-26,transaction at starbucks,601.61,Food
2025-04-25,transaction at noise,51474.25,Electronics
2025-05-02,transaction at ola,562.72,Transport
2025-03-06,transaction at apollo hospital,6827.11,Healthcare
2025-11-24,transaction at medplus,13075.5,Healthcare
2025-02-05,transaction at jiomart,3448.32,Grocery
2025-04-11,transaction at myntra,358.23,Online Shopping
2025-12-28,transaction at bigbazaar,2065.26,Grocery
2025-09-24,transaction at bmtc,1374.45,Transport
2025-09-12,transaction at medplus,16308.95,Healthcare
2025-07-30,transaction at yulu bikes,1971.0,Transport
2025-09-20,transaction at nykaa,5203.4,Online Shopping
2025-05-14,transaction at gaana,395.18,Entertainment
2025-04-28,transaction at myntra,10041.72,Online Shopping
2025-03-06,transaction at more supermarket,384.81,Grocery
2025-05-05,transaction at netmeds,15761.07,Healthcare
2025-09-01,transaction at apple music,389.41,Entertainment
2025-03-04,transaction at water board,1886.78,Bills
2025-09-12,transaction at us polo,5342.4,Clothing
2025-06-06,transaction at myntra,6454.94,Online Shopping
2025-12-04,transaction at apollo pharmacy,12884.95,Healthcare
2025-11-14,transaction at fortis,3157.72,Healthcare
2025-12-23,transaction at sony center,55959.46,Electronics
2025-07-26,transaction at cloudnine,16048.63,Healthcare
2025-12-01,transaction at aha,255.9,Entertainment
2025-11-06,transaction at puma,6537.36,Clothing
2025-07-21,transaction at amazon,4345.86,Online Shopping
2025-03-22,transaction at jiomart,4704.47,Grocery
2025-03-18,transaction at hotstar,891.72,Entertainment
2025-12-29,transaction at reliance fresh,1170.13,Grocery
2025-06-18,transaction at gas agency,2624.2,Bills
2025-10-21,transaction at oyo,9808.12,Travel
2025-02-20,transaction at bsnl,5969.56,Bills
2025-04-11,transaction at aster,6936.53,Healthcare
2025-09-12,transaction at reliance fresh,2331.48,Grocery
2025-12-23,transaction at metro rail,1084.62,Transport
2025-05-16,transaction at tsrtc,421.0,Transport
2025-02-13,transaction at 1mg,6211.7,Healthcare
2025-05-27,transaction at aha,438.54,Entertainment
2025-01-31,transaction at kauvery,18518.93,Healthcare
2025-10-27,transaction at yatra,22236.88,Travel
2025-02-09,transaction at cloudnine,11084.01,Healthcare
2025-09-10,transaction at levis,7890.44,Clothing
2025-09-21,transaction at 1mg,17974.06,Healthcare
2025-01-04,transaction at h&m,1759.47,Clothing
2025-11-12,transaction at apple store,93216.76,Electronics
2025-06-15,transaction at more supermarket,3731.28,Grocery
2025-10-26,transaction at pepperfry,15439.66,Online Shopping
2025-10-16,transaction at booking.com,19166.64,Travel
2025-09-20,transaction at saravana bhavan,1132.0,Food
2025-12-07,transaction at lenskart,3927.65,Online Shopping
2025-01-08,transaction at aha,813.43,Entertainment
2025-05-29,transaction at yatra,28348.36,Travel
2025-04-17,transaction at netflix,327.28,Entertainment
2025-02-18,transaction at dell exclusive,90004.42,Electronics
2025-10-22,transaction at myntra,10841.03,Online Shopping
2025-01-03,transaction at gas agency,4214.64,Bills
2025-08-03,transaction at pharmeasy,17942.78,Healthcare
2025-12-31,transaction at property tax online,5647.02,Bills
2025-04-07,transaction at aster,16610.19,Healthcare
2025-12-28,transaction at dmart,738.25,Grocery
2025-07-16,transaction at bigbazaar,4937.79,Grocery
2025-09-09,transaction at apple music,455.14,Entertainment
2025-02-23,transaction at h&m,1597.91,Clothing
2025-08-27,transaction at tata cliq,17249.87,Online Shopping
2025-11-29,transaction at youtube premium,821.11,Entertainment
2025-12-09,transaction at dominos,1206.95,Food
2025-10-03,transaction at netmeds,14141.76,Healthcare
2025-05-08,transaction at bmtc,583.96,Transport
2025-09-09,transaction at oneplus,6165.73,Electronics
2025-06-16,transaction at saravana bhavan,921.11,Food
2025-03-15,transaction at meru cabs,1792.86,Transport
2025-12-07,transaction at aster,4771.37,Healthcare
2025-08-26,transaction at oneplus,134559.88,Electronics
2025-09-25,transaction at redbus,1782.49,Transport
2025-12-25,transaction at cloudnine,204.82,Healthcare
2025-12-11,transaction at lenskart,4084.06,Online Shopping
2025-09-15,transaction at cream stone,498.23,Food
2025-12-09,transaction at air india,1354.0,Travel
2025-12-10,transaction at hp world,61703.51,Electronics
2025-06-11,transaction at booking.com,6719.84,Travel
2025-03-27,transaction at indigo,25222.45,Travel
2025-11-17,transaction at wrogn,6432.09,Clothing
2025-06-06,transaction at a2b,1154.79,Food
2025-07-02,transaction at bigbazaar,2263.64,Grocery
2025-12-27,transaction at adidas,2272.17,Clothing
2025-09-10,transaction at spotify,143.72,Entertainment
2025-03-17,transaction at reliance fresh,470.23,Grocery
2025-08-02,transaction at aster,3569.73,Healthcare
2025-02-01,transaction at adidas,6630.05,Clothing
2025-10-18,transaction at levis,3065.2,Clothing
2025-05-26,transaction at vodafone idea,3436.67,Bills
2025-08-28,transaction at vistara,8413.62,Travel
2025-11-16,transaction at more supermarket,1561.63,Grocery
2025-02-13,transaction at zee5,820.47,Entertainment
2025-02-06,transaction at water board,4971.27,Bills
2025-12-18,transaction at subway,1372.59,Food
2025-08-31,transaction at flipkart,2831.57,Online Shopping
2025-05-06,transaction at vodafone idea,5916.5,Bills
2025-10-27,transaction at yulu bikes,1958.98,Transport
2025-03-19,transaction at spencers,4237.61,Grocery
2025-03-24,transaction at kauvery,5605.01,Healthcare
2025-01-23,transaction at apollo pharmacy,7142.88,Healthcare
2025-10-18,transaction at nykaa,5413.49,Online Shopping
2025-01-30,transaction at irctc,25691.09,Travel
2025-09-19,transaction at yatra,5651.49,Travel
2025-07-01,transaction at reliance digital,145154.61,Electronics
2025-09-21,transaction at us polo,7777.67,Clothing
2025-03-31,transaction at barbeque nation,710.62,Food
2025-09-23,transaction at tsrtc,1378.37,Transport
2025-07-11,transaction at burger king,706.15,Food
2025-10-05,transaction at airasia,20048.06,Travel
2025-07-01,transaction at uber,408.46,Transport
2025-02-09,transaction at netmeds,16471.19,Healthcare
2025-06-22,transaction at nykaa,3101.85,Online Shopping
2025-05-10,transaction at rapido,1550.44,Transport
2025-09-22,transaction at vivo store,28781.82,Electronics
2025-09-02,transaction at vivo store,60555.74,Electronics
2025-01-16,transaction at pantaloons,5660.21,Clothing
2025-05-02,transaction at tneb,1267.58,Bills
2025-12-06,transaction at asus store,98067.54,Electronics
2025-09-26,transaction at jiomart,1664.95,Grocery
2025-01-07,transaction at a2b,1100.17,Food
2025-12-30,transaction at apollo pharmacy,19710.87,Healthcare
2025-10-31,transaction at us polo,6780.32,Clothing
2025-08-29,transaction at jiomart,234.85,Grocery
2025-06-13,transaction at air india,8244.95,Travel
2025-02-15,transaction at bmtc,1079.33,Transport
2025-07-26,transaction at bmtc,1967.36,Transport
2025-09-23,transaction at boat lifestyle,23836.79,Electronics
2025-06-19,transaction at star bazaar,630.24,Grocery
2025-05-16,transaction at snapdeal,3847.17,Online Shopping
2025-03-08,transaction at vodafone idea,4301.2,Bills
2025-10-28,transaction at tsrtc,1888.28,Transport
2025-08-07,transaction at redbus,902.34,Transport
2025-10-31,transaction at adidas,918.35,Clothing
2025-07-06,transaction at uber,1261.43,Transport
2025-02-02,transaction at wrogn,7851.53,Clothing
2025-02-10,transaction at indigo,6578.52,Travel
2025-08-08,transaction at cloudnine,3056.02,Healthcare
2025-03-09,transaction at fortis,15705.09,Healthcare
2025-03-07,transaction at tneb,1537.11,Bills
2025-05-05,transaction at us polo,3035.4,Clothing
2025-07-25,transaction at irctc,25951.36,Travel
2025-03-25,transaction at yulu bikes,1944.14,Transport
2025-06-03,transaction at saravana bhavan,202.53,Food
2025-06-27,transaction at rapido,635.27,Transport
2025-08-16,transaction at uber,1730.7,Transport
2025-12-30,transaction at airasia,23907.58,Travel
2025-04-26,transaction at booking.com,7881.71,Travel
2025-12-04,transaction at boat lifestyle,5188.31,Electronics
2025-09-12,transaction at pepperfry,10015.24,Online Shopping
2025-04-16,transaction at pharmeasy,11542.52,Healthcare
2025-05-24,transaction at ajio,14997.18,Online Shopping
2025-08-23,transaction at gas agency,3791.39,Bills
2025-06-08,transaction at netflix,181.82,Entertainment
2025-02-12,transaction at dell exclusive,93964.84,Electronics
2025-02-28,transaction at metro rail,500.84,Transport
2025-10-17,transaction at mcdonalds,1138.95,Food
2025-01-21,transaction at spencers,2149.39,Grocery
2025-05-08,transaction at bigbazaar,559.4,Grocery
2025-02-06,transaction at apollo hospital,18029.64,Healthcare
2025-04-08,transaction at meesho,2882.7,Online Shopping
2025-10-22,transaction at subway,1388.78,Food
2025-03-26,transaction at spencers,4380.87,Grocery
2025-01-24,transaction at lenskart,12185.49,Online Shopping
2025-03-16,transaction at wrogn,5812.05,Clothing
2025-11-08,transaction at reliance digital,134237.14,Electronics
2025-03-17,transaction at vivo store,118813.93,Electronics
2025-08-20,transaction at apollo hospital,11873.23,Healthcare
2025-11-13,transaction at fortis,9419.57,Healthcare
2025-02-09,transaction at reliance digital,111656.5,Electronics
2025-06-29,transaction at oyo,2463.55,Travel
2025-12-12,transaction at air india,8145.84,Travel
2025-10-06,transaction at lenskart,3700.12,Online Shopping
2025-05-02,transaction at us polo,1169.4,Clothing
2025-03-04,transaction at apple music,915.83,Entertainment
2025-07-08,transaction at fortis,17855.46,Healthcare
2025-01-11,transaction at irctc,20708.49,Travel
2025-05-12,transaction at wrogn,7326.9,Clothing
2025-08-27,transaction at asus store,113397.91,Electronics
2025-11-13,transaction at asus store,64662.26,Electronics
2025-06-17,transaction at levis,4318.17,Clothing
2025-07-16,transaction at metro rail,296.09,Transport
2025-07-22,transaction at metro rail,731.96,Transport
2025-01-14,transaction at starbucks,911.22,Food
2025-04-25,transaction at cloudnine,2732.77,Healthcare
2025-08-28,transaction at sony center,124338.93,Electronics
2025-12-12,transaction at fortis,18743.14,Healthcare
2025-01-11,transaction at airasia,14884.4,Travel
2025-03-23,transaction at us polo,7972.54,Clothing
2025-05-25,transaction at lenskart,19998.58,Online Shopping
2025-07-14,transaction at irctc,6151.16,Travel
2025-02-20,transaction at amazon prime,972.35,Entertainment
2025-03-23,transaction at medplus,19507.27,Healthcare
2025-05-27,transaction at hotstar,169.06,Entertainment
2025-05-30,transaction at kfc,475.37,Food
2025-12-19,transaction at puma,1823.94,Clothing
2025-05-06,transaction at h&m,6038.05,Clothing
2025-08-02,transaction at rapido,330.81,Transport
2025-03-14,transaction at property tax online,3602.04,Bills
2025-06-02,transaction at nykaa,14741.2,Online Shopping
2025-06-01,transaction at airasia,20685.12,Travel
2025-02-18,transaction at flipkart,5469.17,Online Shopping
2025-02-23,transaction at spencers,4069.94,Grocery
2025-04-27,transaction at meru cabs,1558.49,Transport
2025-11-11,transaction at nike,2669.31,Clothing
2025-03-23,transaction at netflix,435.63,Entertainment
2025-10-31,transaction at medplus,7575.0,Healthcare
2025-11-26,transaction at tneb,488.88,Bills
2025-05-14,transaction at uber,1106.72,Transport
2025-04-27,transaction at makemytrip,25726.22,Travel
2025-09-12,transaction at irctc,4581.37,Travel
2025-03-16,transaction at amazon prime,813.52,Entertainment
2025-08-01,transaction at lenskart,7034.19,Online Shopping
2025-12-29,transaction at myntra,18968.34,Online Shopping
2025-02-25,transaction at pharmeasy,9071.62,Healthcare
2025-08-18,transaction at act fibernet,3295.42,Bills
2025-03-09,transaction at medplus,18023.35,Healthcare
2025-06-11,transaction at property tax online,5776.58,Bills
2025-11-03,transaction at water board,5778.28,Bills
2025-04-09,transaction at jio fiber,2092.96,Bills
2025-01-25,transaction at dell exclusive,47531.86,Electronics
2025-09-09,transaction at reliance fresh,3091.96,Grocery
2025-12-15,transaction at ola,753.37,Transport
2025-12-09,transaction at allen solly,7527.88,Clothing
2025-06-27,transaction at mi store,24977.79,Electronics
2025-03-29,transaction at starbucks,762.48,Food
2025-01-07,transaction at nature's basket,2131.26,Grocery
2025-09-25,transaction at booking.com,14852.11,Travel
2025-09-08,transaction at netmeds,5143.21,Healthcare
2025-09-09,transaction at mi store,109718.08,Electronics
2025-06-20,transaction at nature's basket,4721.67,Grocery
2025-06-15,transaction at aster,14353.34,Healthcare
2025-10-10,transaction at ccd,358.25,Food
2025-06-28,transaction at noise,134473.05,Electronics
2025-04-22,transaction at 1mg,15255.24,Healthcare
2025-11-05,transaction at aster,12539.87,Healthcare
2025-06-06,transaction at lenskart,16490.94,Online Shopping
2025-07-11,transaction at flipkart,12217.77,Online Shopping
2025-11-04,transaction at nilgiris,845.9,Grocery
2025-06-14,transaction at yulu bikes,1689.01,Transport
2025-04-06,transaction at water board,4610.75,Bills
2025-03-24,transaction at sony center,82404.31,Electronics
2025-10-01,transaction at bmtc,89.58,Transport
2025-05-29,transaction at indigo,1031.77,Travel
2025-10-13,transaction at irctc,8676.83,Travel
2025-12-01,transaction at vodafone idea,5706.91,Bills
2025-01-11,transaction at youtube premium,138.26,Entertainment
2025-11-30,transaction at croma,88491.56,Electronics
2025-07-28,transaction at spotify,473.71,Entertainment
2025-05-30,transaction at mcdonalds,837.56,Food
2025-11-24,transaction at bmtc,1156.63,Transport
2025-05-07,transaction at sonyliv,636.3,Entertainment
2025-06-15,transaction at woodland,1036.96,Clothing
2025-11-09,transaction at noise,129745.54,Electronics
2025-08-29,transaction at oneplus,149807.19,Electronics
2025-08-25,transaction at tata cliq,18951.51,Online Shopping
2025-12-12,transaction at saravana bhavan,741.06,Food
2025-07-26,transaction at tsrtc,1269.91,Transport
2025-12-02,transaction at zee5,779.95,Entertainment
2025-10-16,transaction at sonyliv,251.69,Entertainment
2025-08-23,transaction at lenskart,9629.62,Online Shopping
2025-07-20,transaction at meru cabs,758.23,Transport
2025-09-10,transaction at amazon,12260.48,Online Shopping
2025-09-22,transaction at pepperfry,9213.84,Online Shopping
2025-09-24,transaction at zee5,884.87,Entertainment
2025-11-14,transaction at star bazaar,1689.47,Grocery
2025-10-23,transaction at fortis,19041.19,Healthcare
2025-06-10,transaction at metro rail,1948.37,Transport
2025-05-08,transaction at nature's basket,3159.21,Grocery
2025-07-16,transaction at boat lifestyle,98231.05,Electronics
2025-04-22,transaction at amazon prime,926.79,Entertainment
2025-10-23,transaction at reliance digital,44198.72,Electronics
2025-11-27,transaction at yatra,10773.49,Travel
2025-05-16,transaction at meru cabs,61.22,Transport
2025-06-15,transaction at oneplus,125739.8,Electronics
2025-09-10,transaction at sonyliv,407.32,Entertainment
2025-08-08,transaction at netmeds,15673.02,Healthcare
2025-11-16,transaction at cream stone,654.92,Food
2025-04-28,transaction at metro rail,1783.19,Transport
2025-07-14,transaction at h&m,1242.66,Clothing
2025-08-29,transaction at vodafone idea,2776.47,Bills
2025-12-17,transaction at asus store,18811.93,Electronics
2025-09-14,transaction at zara,7344.28,Clothing
2025-12-06,transaction at ola,1618.54,Transport
2025-04-18,transaction at irctc,7342.38,Travel
2025-09-04,transaction at 1mg,2953.06,Healthcare
2025-12-22,transaction at more supermarket,1429.96,Grocery
2025-09-14,transaction at ola,1527.78,Transport
2025-03-11,transaction at burger king,1259.99,Food
2025-05-25,transaction at amazon,16910.3,Online Shopping
2025-06-22,transaction at hp world,89433.45,Electronics
2025-10-11,transaction at pharmeasy,11195.07,Healthcare
2025-05-01,transaction at yatra,9964.33,Travel
2025-10-24,transaction at aha,915.96,Entertainment
2025-03-09,transaction at bsnl,4097.87,Bills
2025-01-26,transaction at pepperfry,18890.05,Online Shopping
2025-10-10,transaction at pizza hut,1018.93,Food
2025-04-09,transaction at medplus,19451.26,Healthcare
2025-11-25,transaction at sony center,17028.6,Electronics
2025-07-19,transaction at ajio,4276.61,Online Shopping
2025-12-08,transaction at pepperfry,14041.65,Online Shopping
2025-09-16,transaction at vivo store,68964.88,Electronics
2025-12-26,transaction at ccd,904.19,Food
2025-08-07,transaction at dell exclusive,148322.3,Electronics
2025-06-01,transaction at booking.com,6850.96,Travel
2025-10-09,transaction at woodland,4460.11,Clothing
2025-11-17,transaction at ajio,343.12,Online Shopping
2025-12-14,transaction at irctc,7561.16,Travel
2025-01-03,transaction at nike,1227.97,Clothing
2025-10-04,transaction at yulu bikes,1615.47,Transport
2025-12-01,transaction at metro rail,1414.38,Transport
2025-08-21,transaction at uber,1031.67,Transport
2025-06-27,transaction at star bazaar,2994.68,Grocery
2025-07-02,transaction at hotstar,994.09,Entertainment
2025-02-25,transaction at hotstar,148.69,Entertainment
2025-09-21,transaction at nature's basket,2680.36,Grocery
2025-04-11,transaction at aster,3378.14,Healthcare
2025-06-29,transaction at pepperfry,15312.87,Online Shopping
2025-05-06,transaction at apple store,108225.16,Electronics
2025-07-30,transaction at amazon,709.72,Online Shopping
2025-11-02,transaction at vivo store,27778.16,Electronics
2025-10-09,transaction at snapdeal,19028.78,Online Shopping
2025-01-09,transaction at indigo,1305.74,Travel
2025-06-08,transaction at sony center,88595.97,Electronics
2025-08-23,transaction at yatra,1084.12,Travel
2025-08-31,transaction at pepperfry,13391.29,Online Shopping
2025-10-06,transaction at saravana bhavan,1346.46,Food
2025-02-23,transaction at property tax online,5957.43,Bills
2025-12-28,transaction at nilgiris,1922.29,Grocery
2025-12-21,transaction at sony center,23026.81,Electronics
2025-01-07,transaction at apple music,377.91,Entertainment
2025-07-07,transaction at meru cabs,1554.12,Transport
2025-06-23,transaction at rapido,1222.82,Transport
2025-06-03,transaction at asus store,111891.45,Electronics
2025-04-10,transaction at tneb,3760.52,Bills
2025-09-15,transaction at property tax online,2904.84,Bills
2025-02-26,transaction at reliance fresh,4439.42,Grocery
2025-03-02,transaction at aster,8167.18,Healthcare
2025-03-04,transaction at adidas,5222.41,Clothing
2025-04-13,transaction at metro rail,596.59,Transport
2025-05-08,transaction at vistara,18148.08,Travel
2025-06-21,transaction at jio fiber,1248.11,Bills
2025-04-05,transaction at cream stone,544.14,Food
2025-02-27,transaction at asus store,148528.0,Electronics
2025-07-12,transaction at aha,268.65,Entertainment
2025-05-31,transaction at kfc,791.41,Food
2025-08-28,transaction at apollo hospital,12949.56,Healthcare
2025-09-08,transaction at 1mg,19890.8,Healthcare
2025-05-16,transaction at tata cliq,3437.43,Online Shopping
2025-05-09,transaction at croma,46229.06,Electronics
2025-02-28,transaction at paradise biryani,665.88,Food
2025-11-10,transaction at airtel,4554.71,Bills
2025-08-26,transaction at mcdonalds,1339.1,Food
2025-04-26,transaction at asus store,138433.54,Electronics
2025-12-07,transaction at oneplus,79444.26,Electronics
2025-03-18,transaction at nilgiris,3714.96,Grocery
2025-08-29,transaction at aha,169.05,Entertainment
2025-04-15,transaction at jio fiber,3422.69,Bills
2025-08-11,transaction at jiomart,2046.07,Grocery
2025-03-24,transaction at medplus,14254.49,Healthcare
2025-07-07,transaction at booking.com,29793.73,Travel
2025-09-20,transaction at pharmeasy,7736.13,Healthcare
2025-11-15,transaction at aha,532.71,Entertainment
2025-01-29,transaction at yulu bikes,1298.64,Transport
2025-08-26,transaction at starbucks,1409.08,Food
2025-12-13,transaction at oyo,16425.74,Travel
2025-03-02,transaction at apple music,744.99,Entertainment
2025-05-07,transaction at max fashion,3694.7,Clothing
2025-09-30,transaction at jiomart,3887.21,Grocery
2025-05-04,transaction at pepperfry,7346.53,Online Shopping
2025-07-07,transaction at oyo,4124.99,Travel
2025-02-10,transaction at nykaa,4287.96,Online Shopping
2025-07-29,transaction at apple music,293.12,Entertainment
2025-09-29,transaction at spencers,1287.27,Grocery
2025-03-05,transaction at biba,3613.79,Clothing
2025-08-25,transaction at pharmeasy,4283.52,Healthcare
2025-03-20,transaction at youtube premium,150.36,Entertainment
2025-11-15,transaction at yatra,29064.49,Travel
2025-10-01,transaction at bsnl,1511.0,Bills
2025-06-03,transaction at apple music,732.61,Entertainment
2025-01-25,transaction at spencers,1623.39,Grocery
2025-03-27,transaction at cloudnine,19583.83,Healthcare
2025-08-26,transaction at pizza hut,776.27,Food
2025-08-24,transaction at amazon prime,284.19,Entertainment
2025-01-08,transaction at pantaloons,1785.27,Clothing
2025-03-18,transaction at reliance digital,97571.08,Electronics
2025-07-18,transaction at lenskart,3152.56,Online Shopping
2025-06-03,transaction at makemytrip,21890.91,Travel
2025-01-16,transaction at spencers,2009.72,Grocery
2025-12-07,transaction at netflix,820.05,Entertainment
2025-12-30,transaction at uber,774.38,Transport
2025-03-11,transaction at zee5,587.03,Entertainment
2025-08-02,transaction at tneb,1045.71,Bills
2025-10-22,transaction at h&m,4157.41,Clothing
2025-11-21,transaction at nature's basket,566.56,Grocery
2025-02-18,transaction at airasia,22624.32,Travel
2025-01-01,transaction at uber,214.49,Transport
2025-10-27,transaction at saravana bhavan,1284.29,Food
2025-09-22,transaction at cream stone,711.9,Food
2025-04-26,transaction at aster,15635.28,Healthcare
2025-09-21,transaction at youtube premium,792.65,Entertainment
2025-08-28,transaction at more supermarket,810.68,Grocery
2025-10-16,transaction at airasia,5134.31,Travel
2025-09-28,transaction at allen solly,5399.46,Clothing
2025-02-25,transaction at makemytrip,608.24,Travel
2025-06-16,transaction at oneplus,120953.82,Electronics
2025-08-09,transaction at a2b,385.85,Food
2025-10-04,transaction at amazon,2061.06,Online Shopping
2025-06-22,transaction at irctc,18935.2,Travel
2025-05-05,transaction at kauvery,9296.76,Healthcare
2025-03-30,transaction at subway,707.13,Food
2025-04-20,transaction at chai point,1027.58,Food
2025-02-03,transaction at goibibo,9181.19,Travel
2025-05-15,transaction at redbus,901.03,Transport
2025-07-06,transaction at bsnl,4997.44,Bills
2025-02-28,transaction at air india,27192.7,Travel
2025-06-13,transaction at meru cabs,625.66,Transport
2025-09-05,transaction at sonyliv,923.61,Entertainment
2025-09-16,transaction at cloudnine,8277.85,Healthcare
2025-06-05,transaction at mi store,128851.64,Electronics
2025-02-26,transaction at jiomart,2936.8,Grocery
2025-06-08,transaction at more supermarket,1607.71,Grocery
2025-12-22,transaction at reliance fresh,3132.89,Grocery
2025-03-28,transaction at tata cliq,19090.44,Online Shopping
2025-12-22,transaction at nature's basket,2547.22,Grocery
2025-01-21,transaction at myntra,3421.72,Online Shopping
2025-07-24,transaction at airtel,3924.57,Bills
2025-06-18,transaction at bsnl,3451.3,Bills
2025-06-28,transaction at nature's basket,4380.02,Grocery
2025-10-12,transaction at spencers,1707.01,Grocery
2025-07-14,transaction at adidas,5193.14,Clothing
2025-12-02,transaction at ccd,141.4,Food
2025-08-30,transaction at barbeque nation,1211.82,Food
2025-03-19,transaction at subway,1020.85,Food
2025-02-08,transaction at metro rail,153.98,Transport
2025-09-29,transaction at amazon prime,257.64,Entertainment
2025-07-17,transaction at irctc,7579.13,Travel
2025-06-03,transaction at gaana,137.93,Entertainment
2025-07-01,transaction at pizza hut,786.29,Food
2025-02-14,transaction at water board,2229.23,Bills
2025-11-16,transaction at saravana bhavan,1193.94,Food
2025-07-16,transaction at kauvery,19486.47,Healthcare
2025-04-30,transaction at meesho,9739.79,Online Shopping
2025-09-24,transaction at metro rail,1417.2,Transport
2025-02-06,transaction at max fashion,690.85,Clothing
2025-03-06,transaction at ajio,15695.48,Online Shopping
2025-10-25,transaction at flipkart,6022.22,Online Shopping
2025-11-14,transaction at booking.com,24078.41,Travel
2025-10-25,transaction at taco bell,441.24,Food
2025-05-16,transaction at netmeds,15438.07,Healthcare
2025-02-01,transaction at 1mg,6670.6,Healthcare
2025-08-10,transaction at spencers,2296.78,Grocery
2025-08-03,transaction at reliance fresh,1263.07,Grocery
2025-01-01,transaction at aha,312.62,Entertainment
2025-04-13,transaction at netflix,789.41,Entertainment
2025-06-24,transaction at reliance digital,88781.75,Electronics
2025-12-24,transaction at youtube premium,169.5,Entertainment
2025-06-26,transaction at jiomart,463.23,Grocery
2025-04-02,transaction at oyo,12974.23,Travel
2025-12-01,transaction at yatra,29241.51,Travel
2025-07-23,transaction at yulu bikes,493.63,Transport
2025-05-24,transaction at pharmeasy,8364.08,Healthcare
2025-07-15,transaction at jio fiber,2986.52,Bills
2025-05-11,transaction at pepperfry,9485.66,Online Shopping
2025-07-05,transaction at tata cliq,910.01,Online Shopping
2025-04-05,transaction at indigo,9251.44,Travel
2025-06-14,transaction at vodafone idea,950.86,Bills
2025-02-25,transaction at kauvery,19329.11,Healthcare
2025-02-03,transaction at myntra,3207.13,Online Shopping
2025-11-20,transaction at max fashion,1452.01,Clothing
2025-03-15,transaction at goibibo,13262.02,Travel
2025-10-14,transaction at apollo hospital,7322.86,Healthcare
2025-06-17,transaction at woodland,4565.83,Clothing
2025-07-12,transaction at netmeds,14456.73,Healthcare
2025-12-23,transaction at barbeque nation,989.79,Food
2025-09-06,transaction at snapdeal,19131.32,Online Shopping
2025-05-20,transaction at puma,5214.33,Clothing
2025-11-09,transaction at lenskart,12146.67,Online Shopping
2025-12-22,transaction at mi store,5029.2,Electronics
2025-05-19,transaction at youtube premium,555.94,Entertainment
2025-07-19,transaction at sonyliv,625.41,Entertainment
2025-01-10,transaction at jio fiber,1669.09,Bills
2025-07-16,transaction at saravana bhavan,1315.33,Food
2025-12-26,transaction at uber,675.08,Transport
2025-01-08,transaction at kauvery,9668.49,Healthcare
2025-06-27,transaction at max fashion,4205.84,Clothing
2025-11-13,transaction at ajio,18968.51,Online Shopping
2025-09-05,transaction at pizza hut,1440.95,Food
2025-07-29,transaction at subway,1419.34,Food
2025-07-03,transaction at makemytrip,10914.3,Travel
2025-08-29,transaction at irctc,29460.09,Travel
2025-05-08,transaction at woodland,6473.68,Clothing
2025-10-19,transaction at apollo pharmacy,7259.05,Healthcare
2025-08-05,transaction at wrogn,852.92,Clothing
2025-05-16,transaction at apollo hospital,6945.11,Healthcare
2025-09-18,transaction at youtube premium,668.14,Entertainment
2025-05-02,transaction at yulu bikes,111.19,Transport
2025-12-11,transaction at youtube premium,792.68,Entertainment
2025-04-03,transaction at hp world,54775.62,Electronics
2025-01-21,transaction at metro rail,107.73,Transport
2025-04-25,transaction at dmart,1361.33,Grocery
2025-09-12,transaction at spotify,857.91,Entertainment
2025-06-10,transaction at yulu bikes,668.02,Transport
2025-09-11,transaction at vistara,27502.48,Travel
2025-03-16,transaction at water board,3063.92,Bills
2025-09-21,transaction at jio fiber,804.03,Bills
2025-10-08,transaction at metro rail,1345.63,Transport
2025-07-08,transaction at oyo,21392.93,Travel
2025-04-07,transaction at hotstar,295.81,Entertainment
2025-07-13,transaction at irctc,3339.88,Travel
2025-04-12,transaction at more supermarket,613.59,Grocery
2025-03-09,transaction at biba,6870.53,Clothing
2025-04-15,transaction at ccd,422.77,Food
2025-11-14,transaction at reliance fresh,3668.97,Grocery
2025-11-04,transaction at apple store,121152.14,Electronics
2025-07-18,transaction at gaana,513.32,Entertainment
2025-10-18,transaction at airasia,14117.42,Travel
2025-03-13,transaction at rapido,1028.29,Transport
2025-10-24,transaction at pizza hut,136.18,Food
2025-05-12,transaction at metro rail,670.08,Transport
2025-10-18,transaction at pepperfry,883.4,Online Shopping
2025-11-27,transaction at uber,1541.25,Transport
2025-10-16,transaction at airtel,1359.11,Bills
2025-06-06,transaction at biba,2384.89,Clothing
2025-09-20,transaction at fortis,19392.1,Healthcare
2025-04-30,transaction at property tax online,4676.99,Bills
2025-08-07,transaction at amazon prime,625.55,Entertainment
2025-11-25,transaction at barbeque nation,317.88,Food
2025-07-17,transaction at starbucks,1349.21,Food
2025-09-16,transaction at mi store,9409.13,Electronics
2025-01-23,transaction at yulu bikes,1655.63,Transport
2025-02-21,transaction at meru cabs,367.99,Transport
2025-07-05,transaction at ajio,12190.15,Online Shopping
2025-12-31,transaction at booking.com,4400.96,Travel
2025-10-20,transaction at bsnl,578.03,Bills
2025-02-25,transaction at apple music,553.89,Entertainment
2025-10-15,transaction at reliance fresh,1099.13,Grocery
2025-05-19,transaction at star bazaar,3951.56,Grocery
2025-12-27,transaction at starbucks,1153.68,Food
2025-05-24,transaction at medplus,16585.3,Healthcare
2025-07-10,transaction at tneb,518.77,Bills
2025-03-21,transaction at yatra,12453.98,Travel
2025-08-08,transaction at netflix,846.32,Entertainment
2025-03-24,transaction at reliance digital,123021.28,Electronics
2025-03-25,transaction at vodafone idea,1686.56,Bills
2025-07-30,transaction at redbus,1823.09,Transport
2025-03-24,transaction at yatra,20032.25,Travel
2025-08-09,transaction at air india,21884.87,Travel
2025-09-05,transaction at croma,55415.99,Electronics
2025-03-20,transaction at woodland,1663.07,Clothing
2025-01-09,transaction at tata cliq,2990.69,Online Shopping
2025-10-02,transaction at dmart,1266.45,Grocery
2025-08-31,transaction at pharmeasy,1731.01,Healthcare
2025-11-11,transaction at metro rail,1889.08,Transport
2025-01-27,transaction at netmeds,4936.52,Healthcare
2025-08-02,transaction at dell exclusive,40166.13,Electronics
2025-05-29,transaction at sonyliv,938.95,Entertainment
2025-03-27,transaction at rapido,1907.37,Transport
2025-06-23,transaction at aster,2650.14,Healthcare
2025-08-25,transaction at oyo,22715.54,Travel
2025-08-30,transaction at adidas,6636.12,Clothing
2025-02-10,transaction at biba,643.57,Clothing
2025-12-26,transaction at more supermarket,2915.88,Grocery
2025-09-27,transaction at flipkart,2124.98,Online Shopping
2025-12-26,transaction at sonyliv,131.94,Entertainment
2025-04-21,transaction at allen solly,1332.73,Clothing
2025-06-15,transaction at rapido,1944.47,Transport
2025-12-18,transaction at aha,651.18,Entertainment
2025-05-06,transaction at subway,100.6,Food
2025-02-07,transaction at irctc,14669.39,Travel
2025-02-08,transaction at youtube premium,159.63,Entertainment
2025-06-24,transaction at lenskart,15966.03,Online Shopping
2025-10-08,transaction at uber,1408.74,Transport
2025-12-31,transaction at spencers,207.76,Grocery
2025-09-27,transaction at pharmeasy,188.55,Healthcare
2025-03-18,transaction at tneb,4372.43,Bills
2025-03-17,transaction at vodafone idea,1644.86,Bills
2025-03-09,transaction at amazon,4178.62,Online Shopping
2025-02-15,transaction at adidas,7379.04,Clothing
2025-09-16,transaction at vodafone idea,4874.2,Bills
2025-07-01,transaction at air india,4755.72,Travel
2025-03-15,transaction at jio fiber,5899.91,Bills
2025-10-12,transaction at pantaloons,3803.1,Clothing
2025-05-04,transaction at biba,2380.37,Clothing
2025-02-04,transaction at zee5,976.84,Entertainment
2025-07-23,transaction at ajio,12931.48,Online Shopping
2025-08-17,transaction at airasia,18646.22,Travel
2025-12-06,transaction at reliance digital,45247.01,Electronics
2025-01-28,transaction at cloudnine,9416.16,Healthcare
2025-06-27,transaction at woodland,7597.02,Clothing
2025-12-20,transaction at myntra,2552.57,Online Shopping
2025-04-17,transaction at apple store,45607.63,Electronics
2025-10-06,transaction at ola,1686.03,Transport
2025-02-28,transaction at ajio,15084.49,Online Shopping
2025-09-14,transaction at samsung store,94308.41,Electronics
2025-07-12,transaction at starbucks,1237.26,Food
2025-10-15,transaction at dmart,3114.78,Grocery
2025-10-13,transaction at apple music,310.72,Entertainment
2025-12-21,transaction at saravana bhavan,561.1,Food
2025-10-10,transaction at vodafone idea,703.29,Bills
2025-07-28,transaction at flipkart,3912.86,Online Shopping
2025-03-28,transaction at tneb,5290.36,Bills
2025-03-01,transaction at boat lifestyle,31193.55,Electronics
2025-09-24,transaction at tata cliq,3877.02,Online Shopping
2025-09-16,transaction at youtube premium,151.63,Entertainment
2025-06-25,transaction at gaana,829.77,Entertainment
2025-09-16,transaction at star bazaar,4213.22,Grocery
2025-07-29,transaction at gaana,183.9,Entertainment
2025-12-17,transaction at yulu bikes,508.52,Transport
2025-03-07,transaction at tsrtc,1996.41,Transport
2025-02-09,transaction at hotstar,922.3,Entertainment
2025-03-19,transaction at fortis,7085.08,Healthcare
2025-05-15,transaction at property tax online,1938.68,Bills
2025-07-14,transaction at bigbazaar,2875.38,Grocery
2025-02-04,transaction at kfc,1153.64,Food
2025-09-14,transaction at sony center,14177.44,Electronics
2025-09-25,transaction at croma,77822.93,Electronics
2025-10-23,transaction at amazon,5876.37,Online Shopping
2025-06-22,transaction at jio fiber,2586.7,Bills
2025-07-30,transaction at makemytrip,27903.66,Travel
2025-12-30,transaction at sonyliv,166.01,Entertainment
2025-08-25,transaction at oyo,18518.03,Travel
2025-10-04,transaction at starbucks,831.16,Food
2025-08-15,transaction at taco bell,494.28,Food
2025-03-10,transaction at asus store,120546.32,Electronics
2025-08-09,transaction at hotstar,381.15,Entertainment
2025-10-24,transaction at barbeque nation,486.86,Food
2025-01-15,transaction at youtube premium,757.57,Entertainment
2025-03-19,transaction at jiomart,2962.05,Grocery
2025-05-22,transaction at act fibernet,3647.6,Bills
2025-11-01,transaction at gas agency,5916.43,Bills
2025-09-09,transaction at max fashion,6198.09,Clothing
2025-12-31,transaction at oyo,13812.92,Travel
2025-06-06,transaction at bigbazaar,716.13,Grocery
2025-02-08,transaction at saravana bhavan,1177.64,Food
2025-03-28,transaction at hp world,92425.17,Electronics
2025-09-13,transaction at star bazaar,4550.27,Grocery
2025-10-16,transaction at 1mg,9261.35,Healthcare
2025-02-28,transaction at dmart,1874.67,Grocery
2025-10-11,transaction at oyo,22636.62,Travel
2025-06-04,transaction at amazon,6033.58,Online Shopping
2025-01-11,transaction at nature's basket,4408.14,Grocery
2025-09-25,transaction at goibibo,19209.41,Travel
2025-12-21,transaction at ccd,1075.9,Food
2025-02-11,transaction at air india,15467.13,Travel
2025-04-16,transaction at metro rail,874.88,Transport
2025-07-09,transaction at cream stone,307.99,Food
2025-06-04,transaction at airtel,3609.1,Bills
2025-10-31,transaction at nike,1900.53,Clothing
2025-01-26,transaction at air india,6154.26,Travel
2025-03-16,transaction at jiomart,382.49,Grocery
2025-04-23,transaction at flipkart,1042.45,Online Shopping
2025-11-24,transaction at vivo store,131294.82,Electronics
2025-01-21,transaction at aster,16579.35,Healthcare
2025-04-29,transaction at tata cliq,670.23,Online Shopping
2025-06-09,transaction at meru cabs,938.22,Transport
2025-06-13,transaction at spotify,190.64,Entertainment
2025-11-07,transaction at meesho,9577.91,Online Shopping
2025-06-17,transaction at makemytrip,23456.98,Travel
2025-12-09,transaction at kauvery,11814.99,Healthcare
2025-08-04,transaction at irctc,20612.82,Travel
2025-04-20,transaction at max fashion,5712.73,Clothing
2025-04-09,transaction at ajio,18604.06,Online Shopping
2025-09-14,transaction at subway,1271.86,Food
2025-07-29,transaction at kauvery,7158.58,Healthcare
2025-02-17,transaction at meru cabs,1175.04,Transport
2025-08-09,transaction at redbus,189.39,Transport
2025-10-04,transaction at spencers,3583.56,Grocery
2025-10-25,transaction at woodland,3622.92,Clothing
2025-10-30,transaction at nykaa,11109.14,Online Shopping
2025-04-20,transaction at jiomart,3834.72,Grocery
2025-08-26,transaction at dell exclusive,75286.09,Electronics
2025-01-01,transaction at rapido,1428.32,Transport
2025-10-12,transaction at water board,4244.44,Bills
2025-11-14,transaction at pizza hut,626.46,Food
2025-11-17,transaction at booking.com,24175.46,Travel
2025-09-16,transaction at pizza hut,1402.54,Food
2025-12-29,transaction at jio fiber,1541.91,Bills
2025-01-11,transaction at tneb,3437.82,Bills
2025-04-08,transaction at kauvery,18388.08,Healthcare
2025-05-08,transaction at samsung store,67800.02,Electronics
2025-09-25,transaction at saravana bhavan,663.93,Food
2025-05-27,transaction at tata cliq,4127.73,Online Shopping
2025-07-06,transaction at property tax online,1353.32,Bills
2025-06-11,transaction at lenskart,1755.89,Online Shopping
2025-03-16,transaction at rapido,119.67,Transport
2025-07-04,transaction at barbeque nation,1361.8,Food
2025-01-06,transaction at reliance fresh,3096.88,Grocery
2025-09-21,transaction at ajio,16538.27,Online Shopping
2025-07-01,transaction at spotify,707.35,Entertainment
2025-05-11,transaction at samsung store,28612.1,Electronics
2025-12-16,transaction at samsung store,65165.12,Electronics
2025-01-11,transaction at h&m,1109.73,Clothing
2025-04-24,transaction at kauvery,18542.17,Healthcare
2025-03-04,transaction at irctc,6078.19,Travel
2025-10-31,transaction at ccd,900.73,Food
2025-05-06,transaction at hotstar,623.11,Entertainment
2025-07-05,transaction at puma,7087.1,Clothing
2025-09-05,transaction at airasia,11361.09,Travel
2025-01-07,transaction at snapdeal,12342.2,Online Shopping
2025-11-20,transaction at max fashion,4191.03,Clothing
2025-03-16,transaction at max fashion,3116.65,Clothing
2025-11-25,transaction at taco bell,329.5,Food
2025-02-04,transaction at asus store,79899.92,Electronics
2025-10-08,transaction at ccd,1133.08,Food
2025-08-28,transaction at apple music,961.23,Entertainment
2025-04-01,transaction at uber,500.09,Transport
2025-11-29,transaction at netflix,873.93,Entertainment
2025-03-24,transaction at aha,897.78,Entertainment
2025-03-29,transaction at reliance digital,141229.13,Electronics
2025-12-24,transaction at youtube premium,590.46,Entertainment
2025-04-27,transaction at act fibernet,836.11,Bills
2025-08-13,transaction at jiomart,2453.83,Grocery
2025-09-27,transaction at cloudnine,9554.31,Healthcare
2025-11-21,transaction at amazon,14760.41,Online Shopping
2025-02-11,transaction at levis,7586.09,Clothing
2025-09-15,transaction at hp world,91024.07,Electronics
2025-06-27,transaction at flipkart,2532.62,Online Shopping
2025-11-13,transaction at 1mg,13045.28,Healthcare
2025-09-04,transaction at indigo,11234.61,Travel
2025-03-23,transaction at max fashion,1288.64,Clothing
2025-12-24,transaction at samsung store,106358.79,Electronics
2025-09-09,transaction at asus store,76796.3,Electronics
2025-11-04,transaction at hp world,51438.9,Electronics
2025-12-12,transaction at yatra,23699.21,Travel
2025-06-21,transaction at nykaa,16570.51,Online Shopping
2025-02-10,transaction at netflix,228.46,Entertainment
2025-05-02,transaction at pizza hut,1186.31,Food
2025-07-22,transaction at netflix,279.18,Entertainment
2025-06-03,transaction at star bazaar,4203.64,Grocery
2025-07-31,transaction at makemytrip,26018.06,Travel
2025-12-23,transaction at tsrtc,310.96,Transport
2025-01-21,transaction at dmart,549.18,Grocery
2025-01-24,transaction at bmtc,628.58,Transport
2025-01-07,transaction at dmart,2621.3,Grocery
2025-05-01,transaction at spotify,708.44,Entertainment
2025-08-26,transaction at sonyliv,534.64,Entertainment
2025-07-19,transaction at apollo pharmacy,1544.61,Healthcare
2025-12-17,transaction at woodland,1343.65,Clothing
2025-10-21,transaction at tsrtc,1222.28,Transport
2025-06-08,transaction at h&m,2579.45,Clothing
2025-05-11,transaction at nike,2049.36,Clothing
2025-05-15,transaction at aha,454.69,Entertainment
2025-08-14,transaction at amazon,17944.06,Online Shopping
2025-02-19,transaction at act fibernet,5153.24,Bills
2025-08-17,transaction at rapido,59.48,Transport
2025-12-21,transaction at star bazaar,3804.53,Grocery
2025-06-29,transaction at kauvery,9302.16,Healthcare
2025-01-10,transaction at nilgiris,217.85,Grocery
2025-08-16,transaction at us polo,7821.25,Clothing
2025-12-22,transaction at noise,37044.58,Electronics
2025-04-06,transaction at yulu bikes,1617.91,Transport
2025-02-03,transaction at croma,59673.32,Electronics
2025-08-05,transaction at aster,4100.19,Healthcare
2025-11-19,transaction at air india,23389.28,Travel
2025-08-09,transaction at jio fiber,2856.12,Bills
2025-01-12,transaction at tsrtc,1738.11,Transport
2025-03-14,transaction at sony center,4561.05,Electronics
2025-11-29,transaction at nature's basket,4983.8,Grocery
2025-01-23,transaction at oneplus,121238.54,Electronics
2025-08-13,transaction at netflix,536.68,Entertainment
2025-01-20,transaction at fortis,1634.73,Healthcare
2025-03-10,transaction at myntra,17349.03,Online Shopping
2025-10-28,transaction at airasia,8771.47,Travel
2025-03-03,transaction at ola,1363.23,Transport
2025-05-18,transaction at paradise biryani,909.83,Food
2025-01-22,transaction at tsrtc,1552.91,Transport
2025-10-09,transaction at apple music,516.14,Entertainment
2025-03-04,transaction at act fibernet,330.22,Bills
2025-06-01,transaction at nilgiris,2879.31,Grocery
2025-05-19,transaction at allen solly,4157.38,Clothing
2025-05-02,transaction at meesho,15898.66,Online Shopping
2025-10-08,transaction at vodafone idea,5746.74,Bills
2025-12-14,transaction at jio fiber,3602.34,Bills
2025-06-05,transaction at oyo,17056.07,Travel
2025-06-07,transaction at burger king,781.4,Food
2025-08-08,transaction at dell exclusive,91964.11,Electronics
2025-02-06,transaction at adidas,3177.24,Clothing
2025-07-26,transaction at hp world,58886.97,Electronics
2025-10-22,transaction at meru cabs,549.35,Transport
2025-04-11,transaction at yatra,26509.57,Travel
2025-03-20,transaction at nike,1048.46,Clothing
2025-06-12,transaction at redbus,1516.84,Transport
2025-04-19,transaction at amazon prime,562.79,Entertainment
2025-10-24,transaction at kauvery,4897.9,Healthcare
2025-07-08,transaction at pharmeasy,11789.7,Healthcare
2025-06-20,transaction at saravana bhavan,1113.9,Food
2025-11-27,transaction at yulu bikes,1446.97,Transport
2025-06-19,transaction at bmtc,531.53,Transport
2025-11-03,transaction at nykaa,17021.38,Online Shopping
2025-06-17,transaction at asus store,71571.52,Electronics
2025-05-20,transaction at kfc,568.46,Food
2025-12-07,transaction at vivo store,94017.51,Electronics
2025-11-18,transaction at pepperfry,12278.68,Online Shopping
2025-03-22,transaction at cream stone,251.09,Food
2025-09-20,transaction at aha,470.16,Entertainment
2025-12-08,transaction at makemytrip,10212.35,Travel
2025-07-08,transaction at aster,18414.59,Healthcare
2025-12-10,transaction at vodafone idea,1373.64,Bills
2025-03-17,transaction at h&m,2830.56,Clothing
2025-02-02,transaction at property tax online,4016.36,Bills
2025-07-07,transaction at goibibo,1328.46,Travel
2025-10-05,transaction at amazon prime,560.99,Entertainment
2025-09-03,transaction at more supermarket,1506.04,Grocery
2025-04-20,transaction at kauvery,2633.15,Healthcare
2025-05-04,transaction at hotstar,262.03,Entertainment
2025-10-11,transaction at cream stone,577.18,Food
2025-05-20,transaction at goibibo,786.46,Travel
2025-02-02,transaction at indigo,13358.19,Travel
2025-02-28,transaction at biba,6397.39,Clothing
2025-09-06,transaction at netmeds,7147.86,Healthcare
2025-09-27,transaction at zara,973.48,Clothing
2025-03-18,transaction at jiomart,2687.39,Grocery
2025-12-02,transaction at oyo,26373.99,Travel
2025-12-25,transaction at meesho,14623.56,Online Shopping
2025-06-15,transaction at more supermarket,1404.16,Grocery
2025-03-31,transaction at gas agency,4519.94,Bills
2025-12-18,transaction at dominos,369.19,Food
2025-03-28,transaction at redbus,1854.51,Transport
2025-10-03,transaction at spotify,903.12,Entertainment
2025-06-20,transaction at uber,1029.23,Transport
2025-01-18,transaction at bigbazaar,2979.82,Grocery
2025-05-02,transaction at meru cabs,1992.3,Transport
2025-09-06,transaction at reliance fresh,1744.76,Grocery
2025-11-08,transaction at star bazaar,1809.78,Grocery
2025-09-07,transaction at bmtc,1100.93,Transport
2025-06-05,transaction at flipkart,6929.14,Online Shopping
2025-07-16,transaction at chai point,970.37,Food
2025-07-21,transaction at croma,29804.41,Electronics
2025-05-29,transaction at kauvery,13216.84,Healthcare
2025-02-25,transaction at property tax online,2581.9,Bills
2025-01-04,transaction at irctc,24646.35,Travel
2025-03-20,transaction at nilgiris,3557.42,Grocery
2025-01-31,transaction at burger king,297.27,Food
2025-09-12,transaction at apollo pharmacy,7612.94,Healthcare
2025-05-15,transaction at irctc,19563.72,Travel
2025-04-05,transaction at vistara,18127.17,Travel
2025-01-28,transaction at redbus,1863.66,Transport
2025-03-25,transaction at jiomart,824.85,Grocery
2025-01-10,transaction at wrogn,2994.24,Clothing
2025-09-21,transaction at apollo pharmacy,3886.4,Healthcare
2025-11-13,transaction at reliance digital,94624.55,Electronics
2025-06-11,transaction at asus store,96888.6,Electronics
2025-11-09,transaction at water board,4641.14,Bills
2025-08-08,transaction at taco bell,1215.74,Food
2025-01-06,transaction at bmtc,1913.96,Transport
2025-09-06,transaction at ola,1021.77,Transport
2025-06-05,transaction at goibibo,3150.81,Travel
2025-02-05,transaction at pharmeasy,4960.4,Healthcare
2025-02-22,transaction at oneplus,89493.87,Electronics
2025-12-27,transaction at samsung store,30397.9,Electronics
2025-11-13,transaction at medplus,15819.89,Healthcare
2025-10-09,transaction at pepperfry,5406.02,Online Shopping
2025-05-02,transaction at tneb,396.58,Bills
2025-11-11,transaction at nykaa,18250.04,Online Shopping
2025-01-07,transaction at sonyliv,986.17,Entertainment
2025-01-23,transaction at burger king,804.6,Food
2025-08-12,transaction at booking.com,17551.18,Travel
2025-02-05,transaction at jio fiber,1763.77,Bills
2025-07-27,transaction at more supermarket,3592.27,Grocery
2025-09-08,transaction at water board,5542.57,Bills
2025-04-25,transaction at subway,881.17,Food
2025-10-11,transaction at flipkart,11547.52,Online Shopping
2025-01-07,transaction at bsnl,4468.07,Bills
2025-09-12,transaction at rapido,73.7,Transport
2025-06-15,transaction at kauvery,10872.93,Healthcare
2025-05-11,transaction at burger king,795.54,Food
2025-08-06,transaction at apollo hospital,18502.66,Healthcare
2025-05-19,transaction at rapido,1281.97,Transport
2025-01-15,transaction at apollo pharmacy,18916.0,Healthcare
2025-02-26,transaction at aster,19956.88,Healthcare
2025-02-17,transaction at apple store,111714.93,Electronics
2025-01-14,transaction at tsrtc,506.18,Transport
2025-01-17,transaction at rapido,503.5,Transport
2025-07-01,transaction at dell exclusive,104424.46,Electronics
2025-02-22,transaction at bsnl,2891.42,Bills
2025-12-15,transaction at bigbazaar,2846.46,Grocery
2025-08-16,transaction at biba,5102.11,Clothing
2025-02-20,transaction at yulu bikes,1837.56,Transport
2025-08-07,transaction at chai point,544.56,Food
2025-12-30,transaction at amazon,16513.7,Online Shopping
2025-11-11,transaction at goibibo,7061.66,Travel
2025-10-22,transaction at reliance digital,35177.41,Electronics
2025-11-18,transaction at fortis,14083.56,Healthcare
2025-12-10,transaction at act fibernet,636.48,Bills
2025-06-11,transaction at netmeds,11065.43,Healthcare
2025-05-17,transaction at medplus,19020.21,Healthcare
2025-08-28,transaction at asus store,63323.78,Electronics
2025-12-19,transaction at max fashion,4426.76,Clothing
2025-12-01,transaction at pantaloons,2981.72,Clothing
2025-03-17,transaction at boat lifestyle,70661.66,Electronics
2025-11-10,transaction at irctc,9180.06,Travel
2025-06-09,transaction at tsrtc,1648.58,Transport
2025-06-21,transaction at netmeds,5612.62,Healthcare
2025-03-26,transaction at cream stone,1232.86,Food
2025-06-26,transaction at metro rail,1460.49,Transport
2025-10-08,transaction at snapdeal,7573.38,Online Shopping
2025-01-31,transaction at yulu bikes,1320.19,Transport
2025-06-08,transaction at sony center,39047.04,Electronics
2025-08-04,transaction at hotstar,532.5,Entertainment
2025-02-19,transaction at amazon,17575.25,Online Shopping
2025-09-16,transaction at max fashion,6255.12,Clothing
2025-08-01,transaction at meru cabs,1393.73,Transport
2025-07-09,transaction at air india,19747.8,Travel
2025-01-08,transaction at kauvery,17242.25,Healthcare
2025-08-26,transaction at gaana,892.28,Entertainment
2025-04-24,transaction at vistara,26785.1,Travel
2025-03-30,transaction at pharmeasy,1404.46,Healthcare
2025-02-10,transaction at star bazaar,3867.55,Grocery
2025-06-11,transaction at pharmeasy,527.9,Healthcare
2025-06-07,transaction at h&m,6753.3,Clothing
2025-03-31,transaction at tsrtc,1109.7,Transport
2025-08-06,transaction at dmart,1387.62,Grocery
2025-04-07,transaction at tsrtc,1254.18,Transport
2025-04-29,transaction at gas agency,2629.83,Bills
2025-11-18,transaction at jiomart,891.86,Grocery
2025-07-08,transaction at spotify,832.28,Entertainment
2025-11-05,transaction at sony center,82377.85,Electronics
2025-04-06,transaction at apollo pharmacy,18127.88,Healthcare
2025-07-08,transaction at gaana,462.52,Entertainment
2025-01-01,transaction at vodafone idea,3039.47,Bills
2025-06-10,transaction at makemytrip,12729.13,Travel
2025-12-05,transaction at tneb,5577.19,Bills
2025-11-06,transaction at mcdonalds,922.83,Food
2025-08-25,transaction at biba,7201.67,Clothing
2025-03-19,transaction at cloudnine,4775.49,Healthcare
2025-06-02,transaction at air india,8855.92,Travel
2025-09-23,transaction at zara,6360.69,Clothing
2025-10-01,transaction at nature's basket,613.55,Grocery
2025-05-18,transaction at water board,5579.89,Bills
2025-05-08,transaction at water board,1604.13,Bills
2025-07-24,transaction at pantaloons,639.02,Clothing
2025-06-15,transaction at h&m,3386.73,Clothing
2025-11-05,transaction at vodafone idea,5745.05,Bills
2025-09-24,transaction at property tax online,2937.77,Bills
2025-11-21,transaction at goibibo,17183.27,Travel
2025-02-25,transaction at asus store,62089.62,Electronics
2025-07-17,transaction at netmeds,15524.66,Healthcare
2025-11-07,transaction at biba,2093.78,Clothing
2025-04-05,transaction at act fibernet,1712.18,Bills
2025-03-19,transaction at pepperfry,5576.27,Online Shopping
2025-09-25,transaction at rapido,1130.44,Transport
2025-05-27,transaction at gas agency,3201.91,Bills
2025-09-06,transaction at barbeque nation,693.37,Food
2025-02-27,transaction at woodland,4955.41,Clothing
2025-02-01,transaction at subway,1155.63,Food
2025-02-25,transaction at oneplus,109679.59,Electronics
2025-04-19,transaction at apollo hospital,2383.82,Healthcare
2025-04-14,transaction at nature's basket,2320.96,Grocery
2025-10-29,transaction at dominos,1109.68,Food
2025-06-22,transaction at pepperfry,11730.61,Online Shopping
2025-12-21,transaction at apple music,372.08,Entertainment
2025-10-14,transaction at act fibernet,4443.81,Bills
2025-05-09,transaction at gas agency,835.03,Bills
2025-09-26,transaction at croma,133802.26,Electronics
2025-03-15,transaction at taco bell,1229.73,Food
2025-03-27,transaction at amazon prime,580.32,Entertainment
2025-11-07,transaction at allen solly,1278.16,Clothing
2025-09-07,transaction at jiomart,2753.29,Grocery
2025-05-04,transaction at water board,1304.87,Bills
2025-01-28,transaction at mi store,14674.4,Electronics
2025-12-18,transaction at star bazaar,1405.26,Grocery
2025-12-05,transaction at redbus,1235.74,Transport
2025-02-13,transaction at yatra,18885.42,Travel
2025-09-29,transaction at chai point,1230.17,Food
2025-06-06,transaction at nilgiris,1774.08,Grocery
2025-11-14,transaction at cloudnine,6432.41,Healthcare
2025-12-09,transaction at indigo,2167.01,Travel
2025-02-26,transaction at burger king,333.23,Food
2025-09-25,transaction at property tax online,5253.41,Bills
2025-01-12,transaction at bigbazaar,4298.44,Grocery
2025-07-18,transaction at dell exclusive,79142.09,Electronics
2025-03-03,transaction at subway,196.01,Food
2025-05-30,transaction at oneplus,110160.79,Electronics
2025-06-24,transaction at act fibernet,2735.66,Bills
2025-06-15,transaction at dell exclusive,5663.02,Electronics
2025-06-07,transaction at oyo,25954.04,Travel
2025-12-11,transaction at netflix,919.95,Entertainment
2025-04-22,transaction at rapido,1466.76,Transport
2025-01-28,transaction at goibibo,15799.37,Travel
2025-05-25,transaction at youtube premium,957.03,Entertainment
2025-06-12,transaction at gas agency,671.32,Bills
2025-10-16,transaction at boat lifestyle,94392.84,Electronics
2025-06-18,transaction at mi store,66902.61,Electronics
2025-11-21,transaction at ajio,14074.83,Online Shopping
2025-09-26,transaction at fortis,14868.78,Healthcare
2025-01-16,transaction at bigbazaar,2048.33,Grocery
2025-02-23,transaction at yulu bikes,996.17,Transport
2025-05-27,transaction at apple store,127437.04,Electronics
2025-08-25,transaction at vivo store,35858.09,Electronics
2025-06-18,transaction at act fibernet,5533.84,Bills
2025-09-09,transaction at us polo,6109.83,Clothing
2025-02-04,transaction at vistara,24045.41,Travel
2025-01-06,transaction at myntra,6505.16,Online Shopping
2025-04-25,transaction at jio fiber,3803.25,Bills
2025-11-27,transaction at puma,2531.71,Clothing
2025-05-11,transaction at ajio,9621.1,Online Shopping
2025-04-06,transaction at zee5,128.74,Entertainment
2025-04-10,transaction at more supermarket,3531.04,Grocery
2025-04-03,transaction at goibibo,3407.04,Travel
2025-10-12,transaction at dell exclusive,57128.4,Electronics
2025-02-18,transaction at dell exclusive,137369.44,Electronics
2025-05-15,transaction at pepperfry,13325.67,Online Shopping
2025-02-10,transaction at zee5,907.81,Entertainment
2025-04-30,transaction at chai point,521.91,Food
2025-12-06,transaction at boat lifestyle,13620.95,Electronics
2025-12-16,transaction at vivo store,95656.11,Electronics
2025-03-13,transaction at yatra,5101.31,Travel
2025-12-26,transaction at tsrtc,1314.82,Transport
2025-03-22,transaction at dmart,1851.37,Grocery
2025-11-27,transaction at nilgiris,1862.7,Grocery
2025-10-17,transaction at tsrtc,648.0,Transport
2025-04-12,transaction at netmeds,12772.29,Healthcare
2025-02-22,transaction at sonyliv,694.8,Entertainment
2025-05-14,transaction at jiomart,878.0,Grocery
2025-11-24,transaction at redbus,1501.58,Transport
2025-02-07,transaction at aha,408.15,Entertainment
2025-01-07,transaction at redbus,753.44,Transport
2025-04-02,transaction at rapido,1926.84,Transport
2025-10-29,transaction at vistara,14424.61,Travel
2025-07-25,transaction at dominos,1218.36,Food
2025-01-13,transaction at bsnl,3646.2,Bills
2025-07-20,transaction at indigo,16076.93,Travel
2025-11-19,transaction at starbucks,1493.72,Food
2025-08-18,transaction at ajio,3148.55,Online Shopping
2025-09-01,transaction at oyo,25555.81,Travel
2025-08-28,transaction at adidas,811.8,Clothing
2025-05-28,transaction at puma,5595.64,Clothing
2025-09-09,transaction at nature's basket,4228.35,Grocery
2025-03-31,transaction at jiomart,1476.6,Grocery
2025-08-27,transaction at taco bell,683.86,Food
2025-12-17,transaction at oyo,687.08,Travel
2025-10-13,transaction at netflix,486.54,Entertainment
2025-11-16,transaction at kauvery,13757.09,Healthcare
2025-01-23,transaction at noise,14290.52,Electronics
2025-03-04,transaction at indigo,28052.17,Travel
2025-01-26,transaction at booking.com,6919.87,Travel
2025-08-24,transaction at pepperfry,12401.36,Online Shopping
2025-08-24,transaction at apollo hospital,17328.32,Healthcare
2025-06-14,transaction at sonyliv,945.53,Entertainment
2025-07-11,transaction at puma,7063.09,Clothing
2025-03-28,transaction at gaana,340.7,Entertainment
2025-10-24,transaction at apollo pharmacy,8885.16,Healthcare
2025-02-28,transaction at h&m,6631.32,Clothing
2025-01-19,transaction at subway,1064.01,Food
2025-05-28,transaction at nature's basket,3549.22,Grocery
2025-11-19,transaction at bsnl,4683.39,Bills
2025-03-03,transaction at pepperfry,4881.81,Online Shopping
2025-07-21,transaction at vodafone idea,2673.21,Bills
2025-01-02,transaction at medplus,18613.73,Healthcare
2025-05-21,transaction at noise,74631.11,Electronics
2025-04-30,transaction at fortis,3873.28,Healthcare
2025-07-13,transaction at hotstar,441.13,Entertainment
2025-07-19,transaction at vistara,16503.47,Travel
2025-06-16,transaction at flipkart,11131.27,Online Shopping
2025-03-13,transaction at medplus,4493.18,Healthcare
2025-12-07,transaction at spencers,4779.55,Grocery
2025-02-23,transaction at property tax online,5389.33,Bills
2025-10-28,transaction at metro rail,446.76,Transport
2025-10-16,transaction at apollo pharmacy,13960.19,Healthcare
2025-07-20,transaction at redbus,874.89,Transport
2025-06-07,transaction at indigo,13901.29,Travel
2025-05-04,transaction at makemytrip,4230.67,Travel
2025-09-16,transaction at kauvery,19482.34,Healthcare
2025-04-18,transaction at samsung store,105364.83,Electronics
2025-06-08,transaction at netmeds,7085.45,Healthcare
2025-01-07,transaction at apple music,398.21,Entertainment
2025-02-15,transaction at 1mg,3473.35,Healthcare
2025-05-07,transaction at reliance fresh,2750.16,Grocery
2025-05-05,transaction at gas agency,5576.12,Bills
2025-08-06,transaction at burger king,1006.98,Food
2025-09-26,transaction at vodafone idea,352.78,Bills
2025-03-27,transaction at snapdeal,12068.79,Online Shopping
2025-01-16,transaction at nykaa,19176.6,Online Shopping
2025-11-16,transaction at meesho,4206.11,Online Shopping
2025-01-01,transaction at aster,18076.33,Healthcare
2025-05-26,transaction at apple store,149836.1,Electronics
2025-08-22,transaction at h&m,1670.74,Clothing
2025-12-02,transaction at puma,2139.64,Clothing
2025-07-10,transaction at pizza hut,1126.37,Food
2025-03-03,transaction at fortis,10998.17,Healthcare
2025-01-01,transaction at sony center,128155.58,Electronics
2025-06-19,transaction at vodafone idea,5548.84,Bills
2025-07-14,transaction at air india,15526.67,Travel
2025-12-19,transaction at more supermarket,4531.55,Grocery
2025-02-13,transaction at yulu bikes,1941.09,Transport
2025-01-03,transaction at star bazaar,4631.51,Grocery
2025-05-30,transaction at pharmeasy,17889.89,Healthcare
2025-10-07,transaction at star bazaar,3843.41,Grocery
2025-02-06,transaction at nike,1266.72,Clothing
2025-11-17,transaction at burger king,700.4,Food
2025-03-15,transaction at air india,22586.47,Travel
2025-03-06,transaction at bmtc,1912.83,Transport
2025-02-16,transaction at zee5,692.39,Entertainment
2025-03-16,transaction at pizza hut,720.36,Food
2025-08-14,transaction at us polo,6109.49,Clothing
2025-07-16,transaction at water board,5670.83,Bills
2025-04-30,transaction at bigbazaar,3836.63,Grocery
2025-07-06,transaction at tneb,4682.0,Bills
2025-02-11,transaction at property tax online,4385.84,Bills
2025-07-06,transaction at nykaa,13436.98,Online Shopping
2025-12-15,transaction at bigbazaar,767.31,Grocery
2025-08-25,transaction at hotstar,259.26,Entertainment
2025-03-31,transaction at fortis,18416.8,Healthcare
2025-11-12,transaction at spencers,4478.31,Grocery
2025-06-15,transaction at ajio,3277.7,Online Shopping
2025-06-24,transaction at netflix,713.94,Entertainment
2025-05-21,transaction at gas agency,3039.18,Bills
2025-04-10,transaction at nykaa,3549.71,Online Shopping
2025-03-27,transaction at rapido,175.46,Transport
2025-11-16,transaction at woodland,2103.33,Clothing
2025-02-06,transaction at hp world,103515.72,Electronics
2025-09-17,transaction at starbucks,1447.75,Food
2025-06-04,transaction at a2b,1472.07,Food
2025-02-10,transaction at nike,5510.55,Clothing
2025-05-13,transaction at woodland,4775.98,Clothing
2025-12-07,transaction at jio fiber,472.91,Bills
2025-04-05,transaction at bsnl,2716.84,Bills
2025-11-26,transaction at air india,15563.43,Travel
2025-08-27,transaction at asus store,116947.62,Electronics
2025-06-12,transaction at nilgiris,1925.86,Grocery
2025-08-13,transaction at pepperfry,13154.28,Online Shopping
2025-04-09,transaction at goibibo,8302.65,Travel
2025-07-17,transaction at amazon prime,528.66,Entertainment
2025-08-02,transaction at chai point,866.42,Food
2025-01-26,transaction at tsrtc,1155.57,Transport
2025-03-21,transaction at booking.com,18429.28,Travel
2025-01-16,transaction at nilgiris,1742.94,Grocery
2025-09-21,transaction at myntra,19357.98,Online Shopping
2025-10-24,transaction at sonyliv,737.85,Entertainment
2025-08-07,transaction at zara,1131.84,Clothing
2025-01-05,transaction at hotstar,752.05,Entertainment
2025-04-07,transaction at tsrtc,1217.14,Transport
2025-11-03,transaction at nilgiris,2956.99,Grocery
2025-09-13,transaction at apple store,73701.2,Electronics
2025-02-26,transaction at meru cabs,398.1,Transport
2025-07-05,transaction at bmtc,1087.06,Transport
2025-08-28,transaction at medplus,5737.82,Healthcare
2025-02-24,transaction at burger king,106.47,Food
2025-07-29,transaction at gas agency,5465.16,Bills
2025-03-09,transaction at samsung store,147821.18,Electronics
2025-01-22,transaction at taco bell,414.62,Food
2025-02-10,transaction at gaana,960.61,Entertainment
2025-08-02,transaction at barbeque nation,1342.51,Food
2025-08-05,transaction at aha,387.0,Entertainment
2025-12-27,transaction at apple music,955.57,Entertainment
2025-09-29,transaction at bmtc,732.92,Transport
2025-06-12,transaction at jio fiber,2311.81,Bills
2025-05-26,transaction at burger king,624.72,Food
2025-09-18,transaction at star bazaar,208.97,Grocery
2025-02-08,transaction at subway,465.57,Food
2025-06-03,transaction at meru cabs,1500.54,Transport
2025-02-26,transaction at metro rail,1788.48,Transport
2025-01-14,transaction at apollo pharmacy,5222.92,Healthcare
2025-09-02,transaction at pharmeasy,10887.53,Healthcare
2025-03-29,transaction at lenskart,10464.92,Online Shopping
2025-09-21,transaction at metro rail,1732.49,Transport
2025-02-06,transaction at mi store,51071.8,Electronics
2025-08-07,transaction at pepperfry,3084.79,Online Shopping
2025-10-20,transaction at saravana bhavan,966.47,Food
2025-01-28,transaction at flipkart,2863.76,Online Shopping
2025-08-29,transaction at tsrtc,67.81,Transport
2025-03-21,transaction at more supermarket,3141.62,Grocery
2025-04-30,transaction at h&m,7807.6,Clothing
2025-08-29,transaction at booking.com,29892.1,Travel
2025-11-08,transaction at vistara,14240.7,Travel
2025-06-21,transaction at pantaloons,3009.76,Clothing
2025-10-05,transaction at bsnl,355.15,Bills
2025-11-21,transaction at croma,49311.07,Electronics
2025-08-26,transaction at cream stone,161.15,Food
2025-12-04,transaction at spotify,111.66,Entertainment
2025-02-08,transaction at yulu bikes,1037.02,Transport
2025-04-09,transaction at vodafone idea,2373.61,Bills
2025-04-30,transaction at apollo hospital,17583.4,Healthcare
2025-06-19,transaction at sony center,91322.94,Electronics
2025-04-09,transaction at zara,6667.33,Clothing
2025-10-26,transaction at pepperfry,13683.51,Online Shopping
2025-02-03,transaction at ola,740.35,Transport
2025-07-22,transaction at woodland,1397.07,Clothing
2025-08-14,transaction at tsrtc,816.57,Transport
2025-01-29,transaction at amazon,15657.06,Online Shopping
2025-02-06,transaction at zee5,668.45,Entertainment
2025-07-22,transaction at noise,29918.66,Electronics
2025-04-07,transaction at uber,1504.38,Transport
2025-02-12,transaction at jiomart,1422.55,Grocery
2025-01-03,transaction at wrogn,4923.9,Clothing
2025-12-30,transaction at gas agency,1182.3,Bills
2025-04-13,transaction at tneb,806.33,Bills
2025-05-06,transaction at jiomart,4013.33,Grocery
2025-08-06,transaction at puma,556.68,Clothing
2025-01-22,transaction at dell exclusive,33547.38,Electronics
2025-12-08,transaction at apollo hospital,4178.6,Healthcare
2025-07-29,transaction at pantaloons,6163.22,Clothing
2025-02-09,transaction at burger king,940.04,Food
2025-01-16,transaction at dominos,470.22,Food
2025-12-08,transaction at bmtc,891.04,Transport
2025-08-11,transaction at amazon,17902.16,Online Shopping
2025-07-05,transaction at nature's basket,4447.49,Grocery
2025-11-17,transaction at amazon,15390.15,Online Shopping
2025-10-07,transaction at saravana bhavan,1149.74,Food
2025-08-11,transaction at pepperfry,11692.5,Online Shopping
2025-11-19,transaction at puma,2483.25,Clothing
2025-01-08,transaction at tsrtc,486.17,Transport
2025-10-25,transaction at redbus,848.89,Transport
2025-08-08,transaction at irctc,9669.11,Travel
2025-12-17,transaction at apollo hospital,2348.27,Healthcare
2025-01-03,transaction at more supermarket,4191.02,Grocery
2025-02-08,transaction at aha,178.23,Entertainment
2025-07-20,transaction at meru cabs,1375.14,Transport
2025-04-17,transaction at zara,7896.27,Clothing
2025-05-23,transaction at jiomart,2722.68,Grocery
2025-01-28,transaction at lenskart,9033.12,Online Shopping
2025-07-27,transaction at spotify,191.05,Entertainment
2025-08-06,transaction at act fibernet,1314.81,Bills
2025-12-13,transaction at a2b,1366.04,Food
2025-01-11,transaction at yulu bikes,472.44,Transport
2025-01-14,transaction at boat lifestyle,52956.89,Electronics
2025-09-19,transaction at irctc,7645.6,Travel
2025-01-18,transaction at a2b,1344.98,Food
2025-02-23,transaction at apollo hospital,3817.04,Healthcare
2025-07-10,transaction at hp world,45953.74,Electronics
2025-10-11,transaction at sonyliv,413.08,Entertainment
2025-03-06,transaction at meesho,12349.36,Online Shopping
2025-06-30,transaction at airasia,13546.82,Travel
2025-11-29,transaction at 1mg,14982.07,Healthcare
2025-08-23,transaction at property tax online,951.97,Bills
2025-02-26,transaction at aster,3210.97,Healthcare
2025-07-26,transaction at paradise biryani,435.8,Food
2025-01-26,transaction at nature's basket,983.86,Grocery
2025-08-12,transaction at reliance fresh,1715.96,Grocery
2025-05-16,transaction at zee5,746.22,Entertainment
2025-02-13,transaction at property tax online,2220.29,Bills
2025-01-21,transaction at spencers,4735.14,Grocery
2025-12-19,transaction at nature's basket,4973.25,Grocery
2025-05-08,transaction at reliance digital,84330.9,Electronics
2025-07-29,transaction at yulu bikes,414.97,Transport
2025-05-05,transaction at a2b,1253.76,Food
2025-04-27,transaction at air india,27990.79,Travel
2025-02-11,transaction at barbeque nation,230.07,Food
2025-01-31,transaction at bsnl,964.91,Bills
2025-09-25,transaction at rapido,1911.7,Transport
2025-09-25,transaction at spencers,1690.97,Grocery
2025-01-17,transaction at zee5,792.35,Entertainment
2025-08-24,transaction at subway,493.97,Food
2025-01-14,transaction at mcdonalds,1475.14,Food
2025-01-29,transaction at gas agency,4716.53,Bills
2025-12-19,transaction at boat lifestyle,120286.86,Electronics
2025-04-28,transaction at nilgiris,4116.07,Grocery
2025-06-16,transaction at hp world,50615.14,Electronics
2025-08-10,transaction at gaana,755.23,Entertainment
2025-05-12,transaction at apple music,610.57,Entertainment
2025-02-01,transaction at cream stone,1217.13,Food
2025-04-11,transaction at tneb,4027.08,Bills
2025-04-14,transaction at tata cliq,16522.35,Online Shopping
2025-06-26,transaction at redbus,778.58,Transport
2025-04-01,transaction at chai point,1463.69,Food
2025-11-06,transaction at amazon,6358.14,Online Shopping
2025-10-05,transaction at gas agency,750.65,Bills
2025-03-19,transaction at noise,63406.99,Electronics
2025-12-02,transaction at a2b,1188.1,Food
2025-01-06,transaction at gas agency,4627.62,Bills
2025-08-17,transaction at more supermarket,4692.25,Grocery
2025-08-22,transaction at bsnl,563.56,Bills
2025-06-23,transaction at ola,552.0,Transport
2025-01-21,transaction at property tax online,2695.37,Bills
2025-12-05,transaction at adidas,2902.99,Clothing
2025-12-15,transaction at aster,17486.09,Healthcare
2025-03-24,transaction at metro rail,934.32,Transport
2025-05-16,transaction at zee5,998.75,Entertainment
2025-12-26,transaction at tsrtc,1353.9,Transport
2025-10-18,transaction at pantaloons,7335.58,Clothing
2025-11-29,transaction at bmtc,528.16,Transport
2025-07-20,transaction at meesho,15425.01,Online Shopping
2025-08-07,transaction at airtel,373.31,Bills
2025-07-21,transaction at hotstar,573.32,Entertainment
2025-09-09,transaction at paradise biryani,1053.43,Food
2025-08-25,transaction at h&m,1290.08,Clothing
2025-06-18,transaction at jio fiber,5772.13,Bills
2025-02-03,transaction at nilgiris,1332.19,Grocery
2025-02-21,transaction at irctc,10863.08,Travel
2025-04-25,transaction at vodafone idea,5688.98,Bills
2025-11-17,transaction at spotify,180.11,Entertainment
2025-03-09,transaction at zee5,559.74,Entertainment
2025-08-20,transaction at amazon,13846.3,Online Shopping
2025-08-04,transaction at vistara,21569.35,Travel
2025-05-31,transaction at vodafone idea,1027.05,Bills
2025-09-26,transaction at star bazaar,4271.15,Grocery
2025-02-22,transaction at 1mg,7098.15,Healthcare
2025-10-17,transaction at levis,3716.27,Clothing
2025-06-04,transaction at 1mg,19086.61,Healthcare
2025-03-09,transaction at tsrtc,1642.04,Transport
2025-05-29,transaction at oyo,20542.81,Travel
2025-08-24,transaction at netflix,464.03,Entertainment
2025-05-14,transaction at cloudnine,10954.89,Healthcare
2025-08-21,transaction at more supermarket,460.41,Grocery
2025-10-23,transaction at barbeque nation,660.28,Food
2025-12-02,transaction at makemytrip,27102.43,Travel
2025-06-02,transaction at myntra,1535.2,Online Shopping
2025-04-02,transaction at star bazaar,2556.16,Grocery
2025-10-14,transaction at youtube premium,771.28,Entertainment
2025-01-17,transaction at dell exclusive,11295.98,Electronics
2025-04-01,transaction at reliance fresh,4766.7,Grocery
2025-05-09,transaction at us polo,2691.77,Clothing
2025-10-18,transaction at cream stone,1454.25,Food
2025-10-05,transaction at nilgiris,4714.2,Grocery
2025-07-02,transaction at spotify,922.04,Entertainment
2025-08-12,transaction at taco bell,835.06,Food
2025-11-13,transaction at makemytrip,21546.5,Travel
2025-05-21,transaction at a2b,1314.92,Food
2025-03-06,transaction at nike,908.57,Clothing
2025-10-06,transaction at apollo hospital,8758.74,Healthcare
2025-12-28,transaction at jio fiber,4989.09,Bills
2025-01-30,transaction at spencers,4824.53,Grocery
2025-01-17,transaction at samsung store,79769.83,Electronics
2025-08-05,transaction at tata cliq,3550.43,Online Shopping
2025-05-19,transaction at nature's basket,1396.5,Grocery
2025-07-23,transaction at yatra,19808.36,Travel
2025-07-31,transaction at subway,1281.49,Food
2025-05-02,transaction at h&m,2972.73,Clothing
2025-08-09,transaction at yatra,19915.47,Travel
2025-07-08,transaction at vistara,24813.44,Travel
2025-07-17,transaction at lenskart,6744.25,Online Shopping
2025-04-12,transaction at airtel,4563.77,Bills
2025-08-22,transaction at yulu bikes,1505.29,Transport
2025-09-10,transaction at pepperfry,12376.97,Online Shopping
2025-10-30,transaction at property tax online,4717.43,Bills
2025-03-31,transaction at max fashion,3960.05,Clothing
2025-09-20,transaction at medplus,5071.59,Healthcare
2025-02-26,transaction at pizza hut,954.3,Food
2025-12-21,transaction at reliance digital,113707.88,Electronics
2025-09-07,transaction at kauvery,16200.21,Healthcare
2025-10-02,transaction at apollo hospital,8933.42,Healthcare
2025-11-03,transaction at amazon,9178.18,Online Shopping
2025-12-04,transaction at meesho,1616.55,Online Shopping
2025-11-14,transaction at allen solly,6372.78,Clothing
2025-06-09,transaction at spotify,641.69,Entertainment
2025-04-23,transaction at paradise biryani,1118.37,Food
2025-02-04,transaction at bsnl,5727.99,Bills
2025-02-17,transaction at ola,1358.39,Transport
2025-06-10,transaction at airasia,19378.18,Travel
2025-09-15,transaction at 1mg,13834.03,Healthcare
2025-06-13,transaction at jio fiber,5616.71,Bills
2025-12-04,transaction at meru cabs,204.93,Transport
2025-07-15,transaction at adidas,4343.95,Clothing
2025-12-14,transaction at youtube premium,435.93,Entertainment
2025-03-22,transaction at apple music,487.46,Entertainment
2025-01-09,transaction at chai point,122.67,Food
2025-04-26,transaction at pepperfry,13710.93,Online Shopping
2025-07-02,transaction at bigbazaar,2836.4,Grocery
2025-05-27,transaction at irctc,5044.06,Travel
2025-11-14,transaction at cloudnine,11011.02,Healthcare
2025-11-02,transaction at airasia,4782.41,Travel
2025-11-30,transaction at sonyliv,428.03,Entertainment
2025-03-05,transaction at allen solly,6428.35,Clothing
2025-11-21,transaction at noise,33091.23,Electronics
2025-12-31,transaction at jiomart,4103.67,Grocery
2025-10-17,transaction at gaana,641.8,Entertainment
2025-05-21,transaction at reliance digital,31262.56,Electronics
2025-09-19,transaction at booking.com,20415.44,Travel
2025-11-11,transaction at a2b,433.52,Food
2025-02-03,transaction at metro rail,1835.57,Transport
2025-12-02,transaction at sonyliv,942.2,Entertainment
2025-04-09,transaction at act fibernet,3883.9,Bills
2025-01-12,transaction at booking.com,2585.81,Travel
2025-07-26,transaction at taco bell,946.66,Food
2025-01-29,transaction at airasia,22949.75,Travel
2025-05-20,transaction at amazon,3223.38,Online Shopping
2025-09-20,transaction at zee5,371.29,Entertainment
2025-11-08,transaction at rapido,78.01,Transport
2025-12-15,transaction at pizza hut,216.23,Food
2025-12-12,transaction at cream stone,788.97,Food
2025-05-12,transaction at nike,1618.37,Clothing
2025-11-11,transaction at yatra,23942.1,Travel
2025-01-24,transaction at amazon,2942.83,Online Shopping
2025-04-14,transaction at netflix,526.66,Entertainment
2025-09-24,transaction at ola,1846.88,Transport
2025-04-16,transaction at youtube premium,675.13,Entertainment
2025-02-21,transaction at max fashion,5029.14,Clothing
2025-08-19,transaction at max fashion,7966.03,Clothing
2025-05-25,transaction at apollo hospital,19716.28,Healthcare
2025-01-14,transaction at water board,3959.34,Bills
2025-05-30,transaction at jiomart,2707.89,Grocery
2025-05-31,transaction at subway,1156.55,Food
2025-12-01,transaction at bigbazaar,2107.99,Grocery
2025-06-07,transaction at airtel,2339.86,Bills
2025-03-30,transaction at mcdonalds,1121.87,Food
2025-01-12,transaction at mcdonalds,503.35,Food
2025-12-18,transaction at noise,132983.79,Electronics
2025-09-05,transaction at snapdeal,14238.09,Online Shopping
2025-06-23,transaction at adidas,5402.06,Clothing
2025-02-28,transaction at meesho,12807.35,Online Shopping
2025-03-08,transaction at uber,1042.48,Transport
2025-04-10,transaction at hotstar,108.6,Entertainment
2025-12-22,transaction at flipkart,4527.37,Online Shopping
2025-04-10,transaction at aha,297.62,Entertainment
2025-09-19,transaction at ccd,1475.95,Food
2025-11-18,transaction at aster,5988.39,Healthcare
2025-09-09,transaction at pharmeasy,16958.41,Healthcare
2025-11-18,transaction at reliance fresh,1297.41,Grocery
2025-04-04,transaction at tsrtc,614.46,Transport
2025-03-21,transaction at indigo,19343.15,Travel
2025-12-29,transaction at aha,116.68,Entertainment
2025-03-19,transaction at hp world,75283.47,Electronics
2025-11-30,transaction at netflix,856.09,Entertainment
2025-09-16,transaction at flipkart,13215.36,Online Shopping
2025-01-20,transaction at tsrtc,1510.85,Transport
2025-10-04,transaction at irctc,10331.02,Travel
2025-04-22,transaction at irctc,20367.6,Travel
2025-09-25,transaction at myntra,13078.26,Online Shopping
2025-10-26,transaction at biba,1194.85,Clothing
2025-01-11,transaction at subway,794.79,Food
2025-03-16,transaction at nykaa,6162.79,Online Shopping
2025-06-28,transaction at asus store,127648.12,Electronics
2025-02-13,transaction at redbus,1272.53,Transport
2025-10-28,transaction at snapdeal,2338.78,Online Shopping
2025-03-23,transaction at rapido,323.46,Transport
2025-02-18,transaction at snapdeal,9772.6,Online Shopping
2025-01-30,transaction at jiomart,3073.1,Grocery
2025-08-21,transaction at nykaa,12118.68,Online Shopping
2025-11-05,transaction at kauvery,8555.09,Healthcare
2025-12-04,transaction at zee5,758.6,Entertainment
2025-09-08,transaction at redbus,1123.58,Transport
2025-05-27,transaction at nike,962.0,Clothing
2025-04-12,transaction at samsung store,16602.59,Electronics
2025-09-22,transaction at dmart,2102.28,Grocery
2025-01-16,transaction at metro rail,926.51,Transport
2025-12-08,transaction at apollo hospital,13258.06,Healthcare
2025-08-12,transaction at apollo hospital,19125.2,Healthcare
2025-03-04,transaction at vodafone idea,5731.95,Bills
2025-09-27,transaction at mi store,58581.56,Electronics
2025-09-20,transaction at flipkart,566.87,Online Shopping
2025-08-26,transaction at metro rail,745.89,Transport
2025-07-04,transaction at more supermarket,4929.1,Grocery
2025-07-18,transaction at uber,1311.53,Transport
2025-03-23,transaction at pharmeasy,17197.62,Healthcare
2025-06-02,transaction at boat lifestyle,38238.26,Electronics
2025-06-02,transaction at pepperfry,7542.11,Online Shopping
2025-07-28,transaction at dell exclusive,31707.19,Electronics
2025-07-11,transaction at puma,1649.96,Clothing
2025-01-31,transaction at apollo hospital,19833.79,Healthcare
2025-03-25,transaction at paradise biryani,518.26,Food
2025-08-02,transaction at jiomart,3823.39,Grocery
2025-06-04,transaction at nature's basket,4779.51,Grocery
2025-10-25,transaction at bigbazaar,4073.54,Grocery
2025-10-15,transaction at puma,2389.46,Clothing
2025-08-13,transaction at act fibernet,2465.76,Bills
2025-05-17,transaction at zara,1412.52,Clothing
2025-12-06,transaction at apple music,607.69,Entertainment
2025-03-24,transaction at jio fiber,3604.11,Bills
2025-04-16,transaction at mcdonalds,1301.23,Food
2025-03-18,transaction at act fibernet,2752.93,Bills
2025-07-08,transaction at oyo,23059.53,Travel
2025-12-05,transaction at hp world,14877.76,Electronics
2025-07-23,transaction at us polo,4850.75,Clothing
2025-07-09,transaction at meru cabs,477.9,Transport
2025-09-27,transaction at oyo,24801.03,Travel
2025-10-22,transaction at flipkart,286.76,Online Shopping
2025-11-19,transaction at dmart,4783.12,Grocery
2025-03-01,transaction at dmart,3152.52,Grocery
2025-10-23,transaction at hp world,101116.47,Electronics
2025-06-11,transaction at a2b,1116.87,Food
2025-07-06,transaction at apple music,488.23,Entertainment
2025-11-21,transaction at sonyliv,524.95,Entertainment
2025-10-06,transaction at amazon,11223.33,Online Shopping
2025-05-22,transaction at aster,16352.63,Healthcare
2025-01-16,transaction at redbus,1971.01,Transport
2025-11-12,transaction at amazon prime,535.24,Entertainment
2025-01-11,transaction at star bazaar,3159.43,Grocery
2025-06-10,transaction at makemytrip,640.84,Travel
2025-07-05,transaction at indigo,28206.88,Travel
2025-06-09,transaction at reliance fresh,2198.81,Grocery
2025-12-28,transaction at vivo store,4935.16,Electronics
2025-12-11,transaction at bmtc,1673.93,Transport
2025-02-27,transaction at nature's basket,1159.72,Grocery
2025-09-05,transaction at burger king,821.55,Food
2025-10-18,transaction at amazon prime,176.3,Entertainment
2025-09-20,transaction at irctc,3978.95,Travel
2025-02-27,transaction at act fibernet,5296.41,Bills
2025-02-13,transaction at wrogn,2251.02,Clothing
2025-08-14,transaction at jio fiber,1730.49,Bills
2025-03-29,transaction at jio fiber,1374.86,Bills
2025-07-08,transaction at kauvery,7809.54,Healthcare
2025-03-23,transaction at bmtc,655.93,Transport
2025-07-31,transaction at hotstar,851.05,Entertainment
2025-06-29,transaction at allen solly,939.33,Clothing
2025-11-11,transaction at rapido,498.47,Transport
2025-04-26,transaction at zee5,234.22,Entertainment
2025-09-15,transaction at youtube premium,691.42,Entertainment
2025-05-19,transaction at dell exclusive,79491.82,Electronics
2025-09-20,transaction at boat lifestyle,146331.65,Electronics
2025-07-19,transaction at fortis,1297.44,Healthcare
2025-01-28,transaction at tsrtc,1651.99,Transport
2025-12-23,transaction at medplus,3550.2,Healthcare
2025-04-20,transaction at water board,5928.27,Bills
2025-05-21,transaction at uber,1209.25,Transport
2025-06-12,transaction at spencers,2999.86,Grocery
2025-03-16,transaction at youtube premium,484.4,Entertainment
2025-08-06,transaction at tata cliq,8840.36,Online Shopping
2025-12-25,transaction at gas agency,209.64,Bills
2025-12-01,transaction at netflix,790.81,Entertainment
2025-09-07,transaction at yulu bikes,1098.48,Transport
2025-11-23,transaction at levis,3014.29,Clothing
2025-07-31,transaction at samsung store,50016.88,Electronics
2025-07-31,transaction at youtube premium,253.51,Entertainment
2025-02-23,transaction at saravana bhavan,310.8,Food
2025-03-21,transaction at allen solly,5466.37,Clothing
2025-03-06,transaction at kauvery,7040.07,Healthcare
2025-09-29,transaction at zee5,607.1,Entertainment
2025-03-11,transaction at hotstar,749.91,Entertainment
2025-07-28,transaction at yatra,5642.0,Travel
2025-07-19,transaction at netmeds,631.93,Healthcare
2025-10-08,transaction at sonyliv,589.94,Entertainment
2025-07-28,transaction at netflix,578.47,Entertainment
2025-05-15,transaction at tsrtc,522.06,Transport
2025-08-01,transaction at netflix,537.56,Entertainment
2025-09-01,transaction at nilgiris,3891.9,Grocery
2025-04-05,transaction at vistara,14203.67,Travel
2025-07-26,transaction at bsnl,468.96,Bills
2025-04-14,transaction at pharmeasy,5037.71,Healthcare
2025-06-02,transaction at zee5,425.49,Entertainment
2025-05-16,transaction at yulu bikes,190.7,Transport
2025-02-21,transaction at bigbazaar,1816.51,Grocery
2025-04-06,transaction at makemytrip,11530.4,Travel
2025-01-15,transaction at levis,1520.24,Clothing
2025-01-21,transaction at puma,5466.06,Clothing
2025-07-19,transaction at bmtc,349.03,Transport
2025-07-21,transaction at jiomart,909.13,Grocery
2025-01-19,transaction at water board,5152.11,Bills
2025-03-30,transaction at nature's basket,457.84,Grocery
2025-07-10,transaction at tsrtc,285.51,Transport
2025-06-20,transaction at saravana bhavan,965.8,Food
2025-11-30,transaction at spotify,773.0,Entertainment
2025-08-29,transaction at pantaloons,4596.03,Clothing
2025-08-16,transaction at mcdonalds,1341.12,Food
2025-01-18,transaction at noise,135639.59,Electronics
2025-12-17,transaction at mi store,108589.35,Electronics
2025-12-05,transaction at pepperfry,5348.52,Online Shopping
2025-07-13,transaction at jio fiber,1887.68,Bills
2025-07-21,transaction at adidas,879.51,Clothing
2025-05-01,transaction at kfc,1286.83,Food
2025-08-20,transaction at spotify,646.66,Entertainment
2025-04-21,transaction at 1mg,143.98,Healthcare
2025-12-26,transaction at gaana,681.09,Entertainment
2025-11-30,transaction at samsung store,142335.33,Electronics
2025-12-12,transaction at airtel,4867.06,Bills
2025-09-04,transaction at dell exclusive,108503.42,Electronics
2025-05-02,transaction at rapido,1706.19,Transport
2025-04-11,transaction at netflix,576.59,Entertainment
2025-07-16,transaction at redbus,107.32,Transport
2025-05-15,transaction at barbeque nation,164.68,Food
2025-12-18,transaction at metro rail,760.93,Transport
2025-09-30,transaction at vodafone idea,2807.76,Bills
2025-07-25,transaction at airtel,4482.73,Bills
2025-08-27,transaction at noise,92164.99,Electronics
2025-01-23,transaction at sonyliv,587.47,Entertainment
2025-03-19,transaction at airtel,3858.0,Bills
2025-02-13,transaction at ola,66.7,Transport
2025-04-07,transaction at uber,1814.75,Transport
2025-12-11,transaction at gas agency,5382.03,Bills
2025-09-08,transaction at amazon prime,169.81,Entertainment
2025-01-13,transaction at metro rail,1297.2,Transport
2025-09-21,transaction at levis,4447.13,Clothing
2025-07-03,transaction at metro rail,854.7,Transport
2025-08-17,transaction at act fibernet,5309.96,Bills
2025-12-03,transaction at apple music,775.61,Entertainment
2025-08-26,transaction at hotstar,550.41,Entertainment
2025-11-12,transaction at spencers,2613.92,Grocery
2025-06-14,transaction at yatra,9915.56,Travel
2025-12-25,transaction at aha,850.46,Entertainment
2025-08-20,transaction at jiomart,2852.53,Grocery
2025-10-24,transaction at sony center,53961.41,Electronics
2025-09-03,transaction at meru cabs,826.16,Transport
2025-10-20,transaction at act fibernet,5029.87,Bills
2025-05-02,transaction at kauvery,12716.61,Healthcare
2025-04-27,transaction at h&m,7129.58,Clothing
2025-03-05,transaction at mcdonalds,759.62,Food
2025-12-28,transaction at snapdeal,358.96,Online Shopping
2025-03-02,transaction at bmtc,1509.21,Transport
2025-08-03,transaction at irctc,1859.33,Travel
2025-06-28,transaction at sonyliv,889.59,Entertainment
2025-02-09,transaction at vivo store,66136.49,Electronics
2025-08-17,transaction at water board,1019.65,Bills
2025-01-16,transaction at vivo store,92748.59,Electronics
2025-01-28,transaction at booking.com,25533.41,Travel
2025-11-14,transaction at air india,1130.03,Travel
2025-06-04,transaction at mi store,55246.56,Electronics
2025-05-07,transaction at sonyliv,859.35,Entertainment
2025-01-11,transaction at dell exclusive,14122.69,Electronics
2025-08-28,transaction at ccd,1060.84,Food
2025-08-05,transaction at max fashion,5945.68,Clothing
2025-08-30,transaction at vivo store,127722.09,Electronics
2025-04-20,transaction at flipkart,2433.45,Online Shopping
2025-11-28,transaction at vodafone idea,3175.29,Bills
2025-03-18,transaction at paradise biryani,483.57,Food
2025-06-12,transaction at apollo pharmacy,4264.4,Healthcare
2025-12-24,transaction at yatra,2658.22,Travel
2025-07-18,transaction at act fibernet,5600.23,Bills
2025-09-06,transaction at pizza hut,704.03,Food
2025-07-19,transaction at star bazaar,1712.0,Grocery
2025-03-10,transaction at netflix,650.49,Entertainment
2025-09-28,transaction at tsrtc,1832.42,Transport
2025-10-13,transaction at vistara,24941.9,Travel
2025-08-28,transaction at amazon prime,294.2,Entertainment
2025-12-07,transaction at croma,133441.33,Electronics
2025-05-31,transaction at max fashion,6567.11,Clothing
2025-06-07,transaction at asus store,36950.21,Electronics
2025-05-08,transaction at zara,5294.32,Clothing
2025-08-10,transaction at mi store,67650.08,Electronics
2025-09-24,transaction at property tax online,1439.73,Bills
2025-07-11,transaction at ola,381.13,Transport
2025-01-28,transaction at zara,7427.75,Clothing
2025-03-11,transaction at apple store,94787.15,Electronics
2025-09-25,transaction at ccd,320.24,Food
2025-09-09,transaction at apollo pharmacy,9056.75,Healthcare
2025-03-21,transaction at oneplus,42520.16,Electronics
2025-08-29,transaction at indigo,24634.82,Travel
2025-10-29,transaction at yulu bikes,783.3,Transport
2025-07-21,transaction at nike,3589.14,Clothing
2025-04-15,transaction at sony center,130769.25,Electronics
2025-06-27,transaction at flipkart,14249.83,Online Shopping
2025-08-27,transaction at tata cliq,5130.67,Online Shopping
2025-04-26,transaction at reliance fresh,2210.33,Grocery
2025-12-20,transaction at jio fiber,3379.39,Bills
2025-06-26,transaction at netflix,323.89,Entertainment
2025-05-01,transaction at saravana bhavan,1373.49,Food
2025-01-11,transaction at mcdonalds,832.06,Food
2025-01-03,transaction at metro rail,1198.27,Transport
2025-05-22,transaction at youtube premium,682.19,Entertainment
2025-04-28,transaction at vivo store,23595.43,Electronics
2025-06-07,transaction at 1mg,8503.35,Healthcare
2025-09-25,transaction at nature's basket,464.29,Grocery
2025-07-05,transaction at redbus,185.62,Transport
2025-12-10,transaction at star bazaar,878.85,Grocery
2025-09-01,transaction at pepperfry,6602.31,Online Shopping
2025-05-13,transaction at goibibo,19512.95,Travel
2025-11-30,transaction at h&m,3660.58,Clothing
2025-11-13,transaction at bigbazaar,283.91,Grocery
2025-10-28,transaction at rapido,1611.78,Transport
2025-02-05,transaction at goibibo,20562.67,Travel
2025-01-21,transaction at 1mg,4372.62,Healthcare
2025-08-05,transaction at spencers,4757.68,Grocery
2025-07-20,transaction at amazon prime,547.65,Entertainment
2025-06-20,transaction at bsnl,2952.37,Bills
2025-03-18,transaction at medplus,4821.2,Healthcare
2025-10-31,transaction at noise,124289.1,Electronics
2025-09-08,transaction at amazon,9011.81,Online Shopping
2025-05-02,transaction at nilgiris,205.84,Grocery
2025-08-11,transaction at aha,859.26,Entertainment
2025-03-02,transaction at netmeds,11498.46,Healthcare
2025-08-10,transaction at amazon,17755.57,Online Shopping
2025-10-05,transaction at apollo hospital,9134.79,Healthcare
2025-08-03,transaction at jiomart,4216.61,Grocery
2025-11-14,transaction at rapido,499.69,Transport
2025-01-21,transaction at makemytrip,14252.88,Travel
2025-08-08,transaction at yatra,9989.62,Travel
2025-10-15,transaction at dmart,1666.05,Grocery
2025-02-28,transaction at burger king,405.39,Food
2025-10-01,transaction at nilgiris,4853.78,Grocery
2025-06-20,transaction at water board,553.91,Bills
2025-05-25,transaction at jiomart,1512.5,Grocery
2025-06-28,transaction at reliance digital,144078.13,Electronics
2025-04-28,transaction at mi store,56109.46,Electronics
2025-07-17,transaction at apple store,50233.05,Electronics
2025-02-23,transaction at tata cliq,19851.25,Online Shopping
2025-01-06,transaction at nykaa,7049.25,Online Shopping
2025-07-04,transaction at indigo,7819.07,Travel
2025-10-22,transaction at makemytrip,8415.36,Travel
2025-08-08,transaction at pepperfry,19219.37,Online Shopping
2025-11-24,transaction at kfc,1290.28,Food
2025-10-04,transaction at dominos,437.35,Food
2025-09-08,transaction at airasia,26793.52,Travel
2025-10-11,transaction at oneplus,88734.45,Electronics
2025-10-01,transaction at rapido,1870.68,Transport
2025-06-16,transaction at samsung store,42400.58,Electronics
2025-08-11,transaction at gas agency,1534.07,Bills
2025-01-31,transaction at uber,1923.06,Transport
2025-10-14,transaction at nykaa,1185.47,Online Shopping
2025-04-08,transaction at puma,929.92,Clothing
2025-01-15,transaction at sonyliv,533.46,Entertainment
2025-11-02,transaction at meru cabs,1694.09,Transport
2025-08-27,transaction at samsung store,135305.43,Electronics
2025-12-18,transaction at meesho,12643.0,Online Shopping
2025-04-29,transaction at fortis,10604.59,Healthcare
2025-08-30,transaction at bsnl,4223.78,Bills
2025-11-09,transaction at puma,3579.47,Clothing
2025-08-20,transaction at allen solly,4545.81,Clothing
2025-04-23,transaction at indigo,28427.3,Travel
2025-05-19,transaction at property tax online,2607.26,Bills
2025-07-22,transaction at vodafone idea,1078.03,Bills
2025-05-17,transaction at aster,2910.19,Healthcare
2025-11-08,transaction at pantaloons,2350.47,Clothing
2025-12-15,transaction at lenskart,6917.11,Online Shopping
2025-11-25,transaction at aha,124.71,Entertainment
2025-06-05,transaction at lenskart,11815.71,Online Shopping
2025-04-03,transaction at medplus,12811.89,Healthcare
2025-07-11,transaction at us polo,6257.24,Clothing
2025-02-22,transaction at 1mg,4218.64,Healthcare
2025-05-11,transaction at levis,4866.36,Clothing
2025-05-25,transaction at vodafone idea,1998.65,Bills
2025-03-19,transaction at kauvery,7454.69,Healthcare
2025-09-21,transaction at burger king,696.54,Food
2025-11-26,transaction at dmart,944.6,Grocery
2025-11-15,transaction at pantaloons,4576.88,Clothing
2025-03-28,transaction at air india,26465.55,Travel
2025-08-18,transaction at zee5,943.39,Entertainment
2025-12-02,transaction at yulu bikes,384.45,Transport
2025-02-13,transaction at dell exclusive,13275.14,Electronics
2025-01-22,transaction at samsung store,13940.59,Electronics
2025-12-03,transaction at zara,1727.17,Clothing
2025-03-23,transaction at puma,2279.28,Clothing
2025-10-13,transaction at irctc,9639.1,Travel
2025-03-11,transaction at nilgiris,2398.55,Grocery
2025-06-03,transaction at asus store,86163.84,Electronics
2025-06-13,transaction at hp world,111282.19,Electronics
2025-10-08,transaction at bigbazaar,3365.54,Grocery
2025-07-04,transaction at boat lifestyle,130222.15,Electronics
2025-04-15,transaction at reliance fresh,2632.12,Grocery
2025-11-28,transaction at fortis,3482.26,Healthcare
2025-05-23,transaction at rapido,616.19,Transport
2025-12-15,transaction at apollo hospital,19668.04,Healthcare
2025-06-30,transaction at bmtc,806.24,Transport
2025-02-10,transaction at tsrtc,1918.24,Transport
2025-02-24,transaction at asus store,16273.23,Electronics
2025-08-14,transaction at dell exclusive,137861.13,Electronics
2025-01-18,transaction at nykaa,4621.93,Online Shopping
2025-01-21,transaction at sonyliv,485.8,Entertainment
2025-01-18,transaction at youtube premium,319.57,Entertainment
2025-09-30,transaction at myntra,3989.52,Online Shopping
2025-04-15,transaction at zee5,866.9,Entertainment
2025-12-06,transaction at burger king,848.66,Food
2025-06-22,transaction at air india,9039.33,Travel
2025-09-11,transaction at hotstar,713.45,Entertainment
2025-05-09,transaction at yatra,28053.2,Travel
2025-07-03,transaction at reliance fresh,2972.75,Grocery
2025-05-02,transaction at meru cabs,1034.54,Transport
2025-03-28,transaction at boat lifestyle,130878.31,Electronics
2025-08-04,transaction at apple store,121281.21,Electronics
2025-09-19,transaction at aha,906.79,Entertainment
2025-03-19,transaction at act fibernet,3114.42,Bills
2025-06-10,transaction at indigo,15811.57,Travel
2025-01-18,transaction at pharmeasy,17579.58,Healthcare
2025-05-05,transaction at zee5,944.71,Entertainment
2025-05-26,transaction at boat lifestyle,30941.12,Electronics
2025-09-23,transaction at nilgiris,4114.69,Grocery
2025-07-07,transaction at indigo,10686.84,Travel
2025-06-25,transaction at flipkart,16637.23,Online Shopping
2025-07-24,transaction at airtel,3137.48,Bills
2025-06-13,transaction at samsung store,76007.97,Electronics
2025-08-30,transaction at tneb,3380.87,Bills
2025-05-01,transaction at star bazaar,1177.37,Grocery
2025-09-13,transaction at spencers,1458.15,Grocery
2025-10-02,transaction at uber,1132.2,Transport
2025-06-18,transaction at max fashion,3511.29,Clothing
2025-12-01,transaction at ola,253.6,Transport
2025-02-09,transaction at oyo,4022.34,Travel
2025-04-25,transaction at booking.com,7938.85,Travel
2025-04-18,transaction at jiomart,953.63,Grocery
2025-04-08,transaction at tata cliq,6378.67,Online Shopping
2025-03-07,transaction at 1mg,13258.71,Healthcare
2025-05-17,transaction at nike,7571.87,Clothing
2025-04-01,transaction at redbus,719.38,Transport
2025-08-30,transaction at meru cabs,1996.63,Transport
2025-01-22,transaction at starbucks,1063.59,Food
2025-06-18,transaction at saravana bhavan,755.39,Food
2025-04-25,transaction at nike,1374.84,Clothing
2025-07-30,transaction at act fibernet,1453.81,Bills
2025-02-13,transaction at water board,1101.52,Bills
2025-03-02,transaction at star bazaar,605.55,Grocery
2025-07-21,transaction at bmtc,1586.46,Transport
2025-10-06,transaction at apple music,472.0,Entertainment
2025-03-27,transaction at uber,377.95,Transport
2025-10-19,transaction at spencers,2782.74,Grocery
2025-06-26,transaction at amazon,10718.93,Online Shopping
2025-06-30,transaction at oneplus,52662.59,Electronics
2025-05-17,transaction at ccd,334.85,Food
2025-01-12,transaction at goibibo,7622.82,Travel
2025-09-17,transaction at spencers,1954.96,Grocery
2025-10-19,transaction at pantaloons,3376.6,Clothing
2025-05-23,transaction at metro rail,1171.69,Transport
2025-09-11,transaction at amazon prime,348.28,Entertainment
2025-01-28,transaction at 1mg,19647.12,Healthcare
2025-12-14,transaction at bigbazaar,1790.99,Grocery
2025-12-02,transaction at hotstar,253.94,Entertainment
2025-12-09,transaction at airtel,262.08,Bills
2025-12-25,transaction at 1mg,17519.65,Healthcare
2025-03-08,transaction at reliance digital,85222.62,Electronics
2025-08-17,transaction at h&m,5927.61,Clothing
2025-07-25,transaction at metro rail,1655.87,Transport
2025-12-17,transaction at jio fiber,5738.35,Bills
2025-01-28,transaction at tneb,4851.88,Bills
2025-01-25,transaction at cloudnine,324.01,Healthcare
2025-01-25,transaction at pepperfry,7142.65,Online Shopping
2025-11-21,transaction at ccd,474.74,Food
2025-04-23,transaction at netflix,597.74,Entertainment
2025-01-24,transaction at wrogn,2762.96,Clothing
2025-04-14,transaction at ola,571.06,Transport
2025-01-31,transaction at booking.com,21983.23,Travel
2025-09-10,transaction at adidas,5039.96,Clothing
2025-08-31,transaction at pizza hut,860.87,Food
2025-04-29,transaction at mcdonalds,1195.86,Food
2025-01-18,transaction at bsnl,1985.56,Bills
2025-11-14,transaction at air india,6837.32,Travel
2025-02-25,transaction at ajio,17317.51,Online Shopping
2025-07-10,transaction at cream stone,829.23,Food
2025-08-07,transaction at apple store,68606.18,Electronics
2025-10-09,transaction at reliance digital,59659.25,Electronics
2025-06-29,transaction at adidas,5626.87,Clothing
2025-08-22,transaction at nilgiris,720.88,Grocery
2025-12-28,transaction at apple store,107710.79,Electronics
2025-03-13,transaction at chai point,158.17,Food
2025-06-08,transaction at pepperfry,6077.15,Online Shopping
2025-04-17,transaction at yulu bikes,935.7,Transport
2025-04-05,transaction at boat lifestyle,129838.71,Electronics
2025-09-06,transaction at puma,6605.5,Clothing
2025-08-12,transaction at cloudnine,12257.07,Healthcare
2025-12-22,transaction at cream stone,965.4,Food
2025-08-14,transaction at 1mg,18751.65,Healthcare
2025-04-24,transaction at star bazaar,347.72,Grocery
2025-03-30,transaction at aster,17752.43,Healthcare
2025-08-18,transaction at makemytrip,15380.45,Travel
2025-02-06,transaction at act fibernet,472.02,Bills
2025-01-04,transaction at ola,457.38,Transport
2025-08-09,transaction at star bazaar,3273.11,Grocery
2025-09-25,transaction at dominos,1178.81,Food
2025-05-20,transaction at tsrtc,597.44,Transport
2025-09-18,transaction at youtube premium,615.44,Entertainment
2025-05-19,transaction at kfc,1453.0,Food
2025-03-29,transaction at vodafone idea,3962.22,Bills
2025-06-21,transaction at vistara,24608.91,Travel
2025-11-13,transaction at apple store,22777.65,Electronics
2025-12-10,transaction at noise,67605.71,Electronics
2025-09-23,transaction at flipkart,12256.15,Online Shopping
2025-01-10,transaction at meru cabs,1579.39,Transport
2025-08-20,transaction at jio fiber,3999.16,Bills
2025-10-12,transaction at pharmeasy,14753.31,Healthcare
2025-08-22,transaction at booking.com,7381.07,Travel
2025-04-20,transaction at rapido,1505.29,Transport
2025-03-06,transaction at cloudnine,1550.7,Healthcare
2025-06-11,transaction at apollo hospital,14183.56,Healthcare
2025-02-17,transaction at spencers,3201.66,Grocery
2025-06-11,transaction at pepperfry,424.82,Online Shopping
2025-10-10,transaction at property tax online,5213.97,Bills
2025-07-16,transaction at nilgiris,2877.93,Grocery
2025-05-24,transaction at vivo store,109340.31,Electronics
2025-02-24,transaction at booking.com,22509.82,Travel
2025-01-14,transaction at netmeds,8968.21,Healthcare
2025-04-11,transaction at redbus,1219.11,Transport
2025-09-30,transaction at pizza hut,1297.94,Food
2025-04-13,transaction at nike,3897.94,Clothing
2025-10-29,transaction at tsrtc,1307.97,Transport
2025-06-03,transaction at burger king,216.23,Food
2025-07-06,transaction at act fibernet,5869.12,Bills
2025-05-18,transaction at noise,114743.01,Electronics
2025-12-01,transaction at reliance fresh,2740.91,Grocery
2025-07-27,transaction at lenskart,19530.43,Online Shopping
2025-09-18,transaction at burger king,979.72,Food
2025-11-11,transaction at bigbazaar,3535.7,Grocery
2025-04-29,transaction at tata cliq,15588.18,Online Shopping
2025-06-02,transaction at metro rail,63.7,Transport
2025-09-27,transaction at subway,857.46,Food
2025-01-09,transaction at a2b,1013.95,Food
2025-11-19,transaction at cloudnine,4343.22,Healthcare
2025-06-20,transaction at boat lifestyle,61030.43,Electronics
2025-02-23,transaction at barbeque nation,1003.14,Food
2025-05-18,transaction at reliance digital,133932.78,Electronics
2025-09-05,transaction at kauvery,9389.85,Healthcare
2025-11-14,transaction at us polo,1185.75,Clothing
2025-03-09,transaction at saravana bhavan,1325.94,Food
2025-12-22,transaction at gaana,464.89,Entertainment
2025-04-27,transaction at netflix,833.04,Entertainment
2025-06-27,transaction at myntra,12430.23,Online Shopping
2025-03-02,transaction at snapdeal,12748.07,Online Shopping
2025-11-10,transaction at woodland,6977.13,Clothing
2025-03-03,transaction at ccd,1076.89,Food
2025-06-28,transaction at amazon prime,451.16,Entertainment
2025-01-29,transaction at youtube premium,707.97,Entertainment
2025-10-29,transaction at bmtc,266.49,Transport
2025-07-24,transaction at woodland,3562.18,Clothing
2025-08-01,transaction at lenskart,11971.09,Online Shopping
2025-12-07,transaction at levis,5516.14,Clothing
2025-11-18,transaction at tneb,4623.56,Bills
2025-01-17,transaction at netflix,769.57,Entertainment
2025-05-14,transaction at netmeds,15397.97,Healthcare
2025-10-01,transaction at vodafone idea,2309.54,Bills
2025-04-21,transaction at indigo,26593.08,Travel
2025-03-10,transaction at uber,419.49,Transport
2025-09-07,transaction at jio fiber,2230.22,Bills
2025-03-16,transaction at tneb,5833.66,Bills
2025-10-29,transaction at apollo hospital,15800.99,Healthcare
2025-10-31,transaction at pizza hut,137.13,Food
2025-02-28,transaction at snapdeal,15867.55,Online Shopping
2025-04-13,transaction at spencers,3400.35,Grocery
2025-08-28,transaction at cream stone,349.79,Food
2025-05-03,transaction at hp world,112728.73,Electronics
2025-04-26,transaction at starbucks,927.66,Food
2025-07-10,transaction at nike,588.6,Clothing
2025-03-19,transaction at metro rail,690.11,Transport
2025-03-19,transaction at star bazaar,3328.29,Grocery
2025-05-16,transaction at zara,2503.97,Clothing
2025-03-08,transaction at gaana,878.44,Entertainment
2025-09-21,transaction at puma,1899.67,Clothing
2025-04-27,transaction at paradise biryani,1218.52,Food
2025-03-03,transaction at wrogn,2807.77,Clothing
2025-09-21,transaction at apollo hospital,12307.85,Healthcare
2025-01-28,transaction at air india,27017.71,Travel
2025-05-31,transaction at jio fiber,5297.86,Bills
2025-12-15,transaction at tsrtc,1551.74,Transport
2025-10-13,transaction at yulu bikes,154.95,Transport
2025-03-31,transaction at lenskart,13619.91,Online Shopping
2025-06-14,transaction at gas agency,3820.89,Bills
2025-07-02,transaction at pepperfry,6851.61,Online Shopping
2025-03-28,transaction at reliance fresh,1688.13,Grocery
2025-05-26,transaction at metro rail,1927.43,Transport
2025-03-09,transaction at yulu bikes,853.17,Transport
2025-06-19,transaction at apple store,80607.73,Electronics
2025-10-29,transaction at tata cliq,5429.89,Online Shopping
2025-06-22,transaction at airasia,7592.29,Travel
2025-03-30,transaction at star bazaar,1232.51,Grocery
2025-04-13,transaction at meesho,9983.64,Online Shopping
2025-08-20,transaction at oyo,28542.97,Travel
2025-11-08,transaction at uber,909.95,Transport
2025-05-10,transaction at apple music,497.89,Entertainment
2025-07-26,transaction at airtel,1309.84,Bills
2025-05-17,transaction at myntra,3452.25,Online Shopping
2025-10-12,transaction at cream stone,804.52,Food
2025-01-28,transaction at taco bell,1071.87,Food
2025-11-08,transaction at nature's basket,4983.93,Grocery
2025-07-30,transaction at zara,5166.44,Clothing
2025-08-28,transaction at sonyliv,269.44,Entertainment
2025-12-04,transaction at vivo store,13710.93,Electronics
2025-04-10,transaction at lenskart,10162.11,Online Shopping
2025-03-23,transaction at tneb,5381.99,Bills
2025-09-03,transaction at apollo pharmacy,19202.67,Healthcare
2025-05-28,transaction at nature's basket,2537.1,Grocery
2025-09-15,transaction at pharmeasy,7546.04,Healthcare
2025-02-02,transaction at nature's basket,3266.79,Grocery
2025-09-28,transaction at h&m,630.17,Clothing
2025-07-06,transaction at barbeque nation,259.35,Food
2025-12-29,transaction at apollo hospital,8706.88,Healthcare
2025-05-01,transaction at jiomart,1246.39,Grocery
2025-06-05,transaction at gaana,894.0,Entertainment
2025-03-02,transaction at oneplus,97789.2,Electronics
2025-10-11,transaction at wrogn,1925.96,Clothing
2025-07-19,transaction at kfc,444.67,Food
2025-08-06,transaction at netmeds,1884.51,Healthcare
2025-10-16,transaction at gaana,781.06,Entertainment
2025-04-01,transaction at vivo store,94107.4,Electronics
2025-03-19,transaction at gas agency,5815.26,Bills
2025-02-22,transaction at woodland,1949.57,Clothing
2025-04-26,transaction at spotify,354.1,Entertainment
2025-11-03,transaction at netflix,407.32,Entertainment
2025-10-25,transaction at lenskart,11883.2,Online Shopping
2025-06-07,transaction at lenskart,19214.11,Online Shopping
2025-09-24,transaction at act fibernet,3926.34,Bills
2025-12-14,transaction at jiomart,1561.0,Grocery
2025-01-21,transaction at pharmeasy,19414.47,Healthcare
2025-11-11,transaction at snapdeal,15075.17,Online Shopping
2025-09-24,transaction at nature's basket,260.86,Grocery
2025-10-28,transaction at tneb,785.25,Bills
2025-07-21,transaction at cream stone,639.1,Food
2025-12-19,transaction at meesho,14621.3,Online Shopping
2025-07-29,transaction at woodland,2572.64,Clothing
2025-10-26,transaction at nilgiris,1690.2,Grocery
2025-03-18,transaction at act fibernet,1926.48,Bills
2025-03-12,transaction at flipkart,12531.42,Online Shopping
2025-04-02,transaction at spencers,2247.59,Grocery
2025-09-02,transaction at hotstar,580.52,Entertainment
2025-08-30,transaction at tneb,5814.86,Bills
2025-10-08,transaction at nature's basket,2091.85,Grocery
2025-09-25,transaction at mcdonalds,1168.67,Food
2025-04-18,transaction at mi store,135013.48,Electronics
2025-02-03,transaction at property tax online,4963.66,Bills
2025-09-26,transaction at hp world,89771.51,Electronics
2025-04-01,transaction at flipkart,8923.43,Online Shopping
2025-12-04,transaction at youtube premium,571.25,Entertainment
2025-05-01,transaction at mi store,52876.14,Electronics
2025-07-01,transaction at tneb,5387.3,Bills
2025-12-03,transaction at reliance fresh,1043.15,Grocery
2025-02-04,transaction at hp world,17150.19,Electronics
2025-01-08,transaction at aster,9836.8,Healthcare
2025-12-26,transaction at tsrtc,255.94,Transport
2025-07-15,transaction at levis,6472.55,Clothing
2025-11-07,transaction at rapido,1461.28,Transport
2025-02-28,transaction at spotify,542.49,Entertainment
2025-01-06,transaction at zee5,889.64,Entertainment
2025-06-29,transaction at spotify,274.84,Entertainment
2025-03-14,transaction at booking.com,20138.79,Travel
2025-12-26,transaction at nykaa,12502.98,Online Shopping
2025-07-16,transaction at adidas,2955.93,Clothing
2025-05-25,transaction at gaana,244.2,Entertainment
2025-07-19,transaction at goibibo,20404.24,Travel
2025-01-08,transaction at fortis,4313.28,Healthcare
2025-01-19,transaction at pharmeasy,18988.72,Healthcare
2025-08-11,transaction at nilgiris,4079.37,Grocery
2025-03-18,transaction at tsrtc,1076.4,Transport
2025-04-01,transaction at jio fiber,3938.66,Bills
2025-10-18,transaction at vistara,6502.89,Travel
2025-09-10,transaction at star bazaar,1450.74,Grocery
2025-08-03,transaction at gaana,665.43,Entertainment
2025-05-11,transaction at croma,22031.05,Electronics
2025-04-07,transaction at flipkart,14998.43,Online Shopping
2025-07-25,transaction at boat lifestyle,140136.15,Electronics
2025-05-05,transaction at oyo,16908.45,Travel
2025-03-12,transaction at dominos,640.21,Food
2025-04-17,transaction at aster,595.03,Healthcare
2025-02-13,transaction at jio fiber,250.58,Bills
2025-04-26,transaction at barbeque nation,799.35,Food
2025-10-09,transaction at zee5,996.44,Entertainment
2025-05-24,transaction at reliance fresh,2095.95,Grocery
2025-02-26,transaction at netmeds,12736.28,Healthcare
2025-09-02,transaction at lenskart,18399.14,Online Shopping
2025-03-28,transaction at snapdeal,4568.44,Online Shopping
2025-05-23,transaction at apollo pharmacy,8224.19,Healthcare
2025-12-14,transaction at nature's basket,4812.56,Grocery
2025-02-18,transaction at more supermarket,2737.33,Grocery
2025-05-05,transaction at dell exclusive,11715.27,Electronics
2025-12-13,transaction at netmeds,13949.88,Healthcare
2025-04-29,transaction at puma,2905.73,Clothing
2025-01-07,transaction at starbucks,994.92,Food
2025-09-13,transaction at irctc,29064.27,Travel
2025-09-13,transaction at myntra,13488.98,Online Shopping
2025-11-13,transaction at ajio,6414.89,Online Shopping
2025-11-06,transaction at levis,7136.27,Clothing
2025-04-01,transaction at yulu bikes,721.93,Transport
2025-11-05,transaction at reliance fresh,3825.55,Grocery
2025-06-24,transaction at spotify,705.51,Entertainment
2025-05-26,transaction at pantaloons,6237.02,Clothing
2025-10-11,transaction at zee5,300.07,Entertainment
2025-11-26,transaction at bmtc,1475.04,Transport
2025-08-03,transaction at woodland,4993.45,Clothing
2025-04-19,transaction at snapdeal,13227.06,Online Shopping
2025-11-11,transaction at ajio,11141.03,Online Shopping
2025-01-12,transaction at oneplus,100422.25,Electronics
2025-08-20,transaction at netmeds,13883.15,Healthcare
2025-11-20,transaction at ola,1285.91,Transport
2025-07-29,transaction at goibibo,22144.04,Travel
2025-05-31,transaction at makemytrip,23459.81,Travel
2025-12-28,transaction at fortis,8108.46,Healthcare
2025-12-23,transaction at reliance digital,51298.36,Electronics
2025-04-01,transaction at max fashion,7202.35,Clothing
2025-11-04,transaction at jio fiber,3241.37,Bills
2025-11-03,transaction at flipkart,3080.65,Online Shopping
2025-12-05,transaction at vistara,10399.09,Travel
2025-02-14,transaction at nykaa,3569.39,Online Shopping
2025-06-25,transaction at sonyliv,917.54,Entertainment
2025-06-17,transaction at aha,389.38,Entertainment
2025-02-05,transaction at airasia,26963.02,Travel
2025-02-20,transaction at hotstar,151.65,Entertainment
2025-01-06,transaction at sony center,65315.68,Electronics
2025-01-02,transaction at tsrtc,1400.82,Transport
2025-02-07,transaction at a2b,1492.08,Food
2025-12-20,transaction at croma,95646.1,Electronics
2025-09-26,transaction at samsung store,28673.15,Electronics
2025-06-29,transaction at water board,1563.47,Bills
2025-07-06,transaction at gas agency,633.61,Bills
2025-03-24,transaction at act fibernet,5752.49,Bills
2025-07-02,transaction at star bazaar,4725.38,Grocery
2025-08-05,transaction at 1mg,7402.97,Healthcare
2025-05-18,transaction at more supermarket,3870.5,Grocery
2025-05-01,transaction at ajio,6143.51,Online Shopping
2025-07-29,transaction at dell exclusive,59745.71,Electronics
2025-12-25,transaction at kauvery,16756.93,Healthcare
2025-02-16,transaction at more supermarket,1879.26,Grocery
2025-06-15,transaction at apollo pharmacy,15451.66,Healthcare
2025-11-09,transaction at aster,144.16,Healthcare
2025-02-09,transaction at wrogn,6484.38,Clothing
2025-01-24,transaction at vistara,6190.34,Travel
2025-11-15,transaction at dmart,2404.45,Grocery
2025-08-18,transaction at bsnl,1987.38,Bills
2025-06-10,transaction at chai point,1274.19,Food
2025-10-02,transaction at amazon,6433.75,Online Shopping
2025-10-28,transaction at sony center,10957.26,Electronics
2025-01-29,transaction at burger king,577.81,Food
2025-03-09,transaction at vistara,14143.03,Travel
2025-08-18,transaction at booking.com,13671.0,Travel
2025-01-23,transaction at nature's basket,3212.51,Grocery
2025-08-23,transaction at spencers,3898.01,Grocery
2025-06-04,transaction at meesho,13556.07,Online Shopping
2025-11-30,transaction at mcdonalds,1230.32,Food
2025-06-21,transaction at makemytrip,1718.55,Travel
2025-12-01,transaction at cloudnine,13883.41,Healthcare
2025-08-25,transaction at apollo hospital,3657.69,Healthcare
2025-08-02,transaction at cloudnine,15892.38,Healthcare
2025-01-31,transaction at indigo,15924.65,Travel
2025-02-22,transaction at goibibo,24250.56,Travel
2025-10-13,transaction at yulu bikes,867.64,Transport
2025-08-28,transaction at ajio,8902.32,Online Shopping
2025-02-04,transaction at goibibo,6301.12,Travel
2025-04-22,transaction at kfc,620.26,Food
2025-07-20,transaction at apple store,36269.36,Electronics
2025-08-08,transaction at gas agency,5004.44,Bills
2025-10-07,transaction at fortis,1467.77,Healthcare
2025-05-25,transaction at burger king,1474.91,Food
2025-04-16,transaction at netflix,792.6,Entertainment
2025-06-18,transaction at us polo,7248.93,Clothing
2025-03-11,transaction at 1mg,18350.66,Healthcare
2025-02-22,transaction at pharmeasy,8683.2,Healthcare
2025-02-21,transaction at samsung store,118113.13,Electronics
2025-06-06,transaction at hp world,107537.16,Electronics
2025-05-07,transaction at adidas,1880.8,Clothing
2025-01-29,transaction at puma,5033.97,Clothing
2025-08-21,transaction at saravana bhavan,314.54,Food
2025-02-02,transaction at pharmeasy,19772.72,Healthcare
2025-07-12,transaction at ola,1673.07,Transport
2025-07-19,transaction at dmart,1194.63,Grocery
2025-10-30,transaction at oneplus,96493.98,Electronics
2025-06-08,transaction at us polo,5840.7,Clothing
2025-12-23,transaction at reliance digital,124561.33,Electronics
2025-01-14,transaction at spotify,232.72,Entertainment
2025-10-27,transaction at oyo,17278.34,Travel
2025-12-12,transaction at nykaa,12970.53,Online Shopping
2025-07-30,transaction at barbeque nation,289.69,Food
2025-07-04,transaction at ccd,1080.35,Food
2025-03-23,transaction at snapdeal,7642.88,Online Shopping
2025-04-24,transaction at dmart,2246.71,Grocery
2025-04-23,transaction at aster,16776.2,Healthcare
2025-05-30,transaction at vistara,15332.82,Travel
2025-01-17,transaction at bmtc,177.26,Transport
2025-05-28,transaction at noise,18067.0,Electronics
2025-10-03,transaction at oneplus,73937.47,Electronics
2025-09-20,transaction at boat lifestyle,114285.92,Electronics
2025-04-27,transaction at tata cliq,14489.34,Online Shopping
2025-06-13,transaction at water board,447.12,Bills
2025-10-21,transaction at saravana bhavan,306.46,Food
2025-05-10,transaction at aha,124.09,Entertainment
2025-10-31,transaction at biba,1306.65,Clothing
2025-10-15,transaction at ajio,4482.29,Online Shopping
2025-05-15,transaction at amazon,6816.61,Online Shopping
2025-06-26,transaction at mcdonalds,590.89,Food
2025-12-19,transaction at h&m,5305.84,Clothing
2025-07-25,transaction at apollo hospital,14740.35,Healthcare
2025-05-12,transaction at croma,13524.12,Electronics
2025-06-01,transaction at croma,138557.16,Electronics
2025-09-09,transaction at ola,1607.41,Transport
2025-06-22,transaction at pantaloons,7803.51,Clothing
2025-11-29,transaction at youtube premium,649.14,Entertainment
2025-06-28,transaction at lenskart,11166.54,Online Shopping
2025-02-17,transaction at samsung store,28206.0,Electronics
2025-05-24,transaction at goibibo,10177.08,Travel
2025-02-04,transaction at tata cliq,9986.03,Online Shopping
2025-05-05,transaction at property tax online,4924.38,Bills
2025-02-19,transaction at reliance fresh,4479.54,Grocery
2025-06-05,transaction at hp world,148880.57,Electronics
2025-03-09,transaction at us polo,1725.88,Clothing
2025-01-31,transaction at snapdeal,18276.61,Online Shopping
2025-11-23,transaction at apollo pharmacy,11558.83,Healthcare
2025-07-09,transaction at ajio,18804.0,Online Shopping
2025-03-24,transaction at flipkart,18493.62,Online Shopping
2025-04-18,transaction at netflix,757.53,Entertainment
2025-12-07,transaction at bmtc,1525.38,Transport
2025-04-25,transaction at kfc,1112.01,Food
2025-09-17,transaction at amazon,18803.98,Online Shopping
2025-07-14,transaction at croma,149593.13,Electronics
2025-03-14,transaction at us polo,7587.1,Clothing
2025-05-19,transaction at air india,4727.39,Travel
2025-09-02,transaction at saravana bhavan,583.89,Food
2025-09-01,transaction at water board,3679.02,Bills
2025-08-08,transaction at goibibo,5018.5,Travel
2025-09-05,transaction at gaana,120.73,Entertainment
2025-02-20,transaction at pantaloons,826.94,Clothing
2025-09-01,transaction at adidas,7308.22,Clothing
2025-03-28,transaction at lenskart,14181.0,Online Shopping
2025-04-06,transaction at asus store,126529.62,Electronics
2025-03-04,transaction at hotstar,231.84,Entertainment
2025-11-26,transaction at aha,229.89,Entertainment
2025-04-26,transaction at chai point,800.04,Food
2025-03-21,transaction at nike,2489.94,Clothing
2025-01-17,transaction at cloudnine,9532.38,Healthcare
2025-05-10,transaction at air india,28566.19,Travel
2025-07-06,transaction at sonyliv,222.85,Entertainment
2025-02-12,transaction at nature's basket,3716.86,Grocery
2025-05-27,transaction at yatra,17116.99,Travel
2025-07-31,transaction at 1mg,11134.31,Healthcare
2025-05-29,transaction at boat lifestyle,12137.62,Electronics
2025-12-22,transaction at vodafone idea,3159.96,Bills
2025-01-22,transaction at aster,496.73,Healthcare
2025-03-28,transaction at ola,941.31,Transport
2025-12-30,transaction at bsnl,3209.71,Bills
2025-07-17,transaction at pharmeasy,15309.57,Healthcare
2025-10-20,transaction at nature's basket,3823.68,Grocery
2025-09-06,transaction at kfc,541.01,Food
2025-03-27,transaction at more supermarket,2120.71,Grocery
2025-08-25,transaction at apollo hospital,785.0,Healthcare
2025-09-30,transaction at 1mg,14582.07,Healthcare
2025-10-23,transaction at rapido,1911.37,Transport
2025-09-02,transaction at act fibernet,5705.34,Bills
2025-02-15,transaction at pantaloons,1000.59,Clothing
2025-11-27,transaction at woodland,4323.63,Clothing
2025-09-30,transaction at youtube premium,270.47,Entertainment
2025-07-29,transaction at 1mg,3670.41,Healthcare
2025-06-22,transaction at sonyliv,996.14,Entertainment
2025-04-01,transaction at meru cabs,1330.9,Transport
2025-05-08,transaction at youtube premium,492.12,Entertainment
2025-01-27,transaction at woodland,3037.51,Clothing
2025-08-23,transaction at youtube premium,448.78,Entertainment
2025-05-09,transaction at nilgiris,1984.03,Grocery
2025-08-21,transaction at ajio,495.2,Online Shopping
2025-07-29,transaction at 1mg,5966.86,Healthcare
2025-04-12,transaction at woodland,6077.79,Clothing
2025-06-11,transaction at paradise biryani,1091.28,Food
2025-07-16,transaction at nilgiris,1903.08,Grocery
2025-06-08,transaction at air india,26694.78,Travel
2025-07-01,transaction at h&m,1225.15,Clothing
2025-03-05,transaction at pantaloons,2574.11,Clothing
2025-05-18,transaction at jio fiber,3620.32,Bills
2025-05-31,transaction at flipkart,12282.51,Online Shopping
2025-02-09,transaction at gas agency,5615.83,Bills
2025-12-01,transaction at kauvery,12388.0,Healthcare
2025-02-06,transaction at spencers,3347.79,Grocery
2025-07-31,transaction at air india,9980.26,Travel
2025-10-30,transaction at aster,6307.37,Healthcare
2025-12-26,transaction at a2b,1061.67,Food
2025-10-12,transaction at bigbazaar,444.84,Grocery
2025-07-31,transaction at youtube premium,336.09,Entertainment
2025-11-21,transaction at jio fiber,978.61,Bills
2025-04-05,transaction at ola,721.83,Transport
2025-01-01,transaction at more supermarket,3025.08,Grocery
2025-11-24,transaction at us polo,2118.96,Clothing
2025-02-15,transaction at sony center,77877.7,Electronics
2025-01-24,transaction at pepperfry,672.53,Online Shopping
2025-09-04,transaction at dominos,444.4,Food
2025-10-01,transaction at apollo hospital,13171.88,Healthcare
2025-04-19,transaction at fortis,6903.73,Healthcare
2025-11-03,transaction at samsung store,35067.78,Electronics
2025-08-07,transaction at zara,6095.3,Clothing
2025-06-02,transaction at netmeds,9767.87,Healthcare
2025-06-22,transaction at flipkart,3579.59,Online Shopping
2025-05-15,transaction at yulu bikes,848.88,Transport
2025-04-15,transaction at amazon prime,907.18,Entertainment
2025-05-11,transaction at saravana bhavan,483.77,Food
2025-11-28,transaction at nykaa,1614.22,Online Shopping
2025-08-19,transaction at metro rail,887.57,Transport
2025-05-28,transaction at tsrtc,741.71,Transport
2025-01-23,transaction at meesho,2291.27,Online Shopping
2025-03-14,transaction at tata cliq,10871.57,Online Shopping
2025-04-02,transaction at bsnl,5271.77,Bills
2025-05-12,transaction at bsnl,4713.24,Bills
2025-09-03,transaction at 1mg,9094.59,Healthcare
2025-03-01,transaction at croma,112609.25,Electronics
2025-02-16,transaction at jio fiber,4415.83,Bills
2025-03-16,transaction at bigbazaar,4168.64,Grocery
2025-05-28,transaction at water board,1075.87,Bills
2025-03-06,transaction at samsung store,121541.52,Electronics
2025-04-19,transaction at oyo,2924.72,Travel
2025-09-27,transaction at netmeds,10397.24,Healthcare
2025-04-18,transaction at aster,10797.11,Healthcare
2025-09-19,transaction at burger king,466.37,Food
2025-07-20,transaction at kfc,395.42,Food
2025-02-12,transaction at air india,21065.82,Travel
2025-06-27,transaction at bsnl,2344.67,Bills
2025-04-17,transaction at biba,5205.98,Clothing
2025-03-16,transaction at irctc,8160.58,Travel
2025-02-20,transaction at bigbazaar,4917.56,Grocery
2025-04-30,transaction at yatra,14834.64,Travel
2025-02-13,transaction at a2b,345.43,Food
2025-03-29,transaction at hotstar,632.75,Entertainment
2025-05-09,transaction at aha,263.64,Entertainment
2025-03-27,transaction at redbus,526.74,Transport
2025-06-20,transaction at burger king,712.88,Food
2025-12-11,transaction at indigo,18219.06,Travel
2025-01-30,transaction at pizza hut,1022.11,Food
2025-07-18,transaction at goibibo,7982.16,Travel
2025-02-22,transaction at apollo pharmacy,8579.84,Healthcare
2025-10-28,transaction at spotify,375.8,Entertainment
2025-03-29,transaction at yulu bikes,650.37,Transport
2025-08-31,transaction at pharmeasy,6970.24,Healthcare
2025-08-20,transaction at 1mg,7207.73,Healthcare
2025-03-04,transaction at netmeds,8860.5,Healthcare
2025-12-26,transaction at netmeds,14849.22,Healthcare
2025-10-30,transaction at aster,19804.34,Healthcare
2025-03-22,transaction at aha,609.42,Entertainment
2025-08-03,transaction at aha,114.14,Entertainment
2025-03-22,transaction at hotstar,151.37,Entertainment
2025-01-03,transaction at gaana,680.57,Entertainment
2025-11-27,transaction at kfc,860.4,Food
2025-05-15,transaction at puma,5863.93,Clothing
2025-05-10,transaction at kauvery,11263.37,Healthcare
2025-11-14,transaction at starbucks,338.06,Food
2025-09-15,transaction at asus store,47388.62,Electronics
2025-06-14,transaction at hotstar,737.84,Entertainment
2025-08-23,transaction at amazon prime,960.71,Entertainment
2025-03-12,transaction at apple music,431.04,Entertainment
2025-04-18,transaction at tsrtc,553.14,Transport
2025-05-16,transaction at h&m,5039.41,Clothing
2025-01-29,transaction at dell exclusive,99280.4,Electronics
2025-02-24,transaction at myntra,5371.26,Online Shopping
2025-05-14,transaction at aster,2699.63,Healthcare
2025-08-18,transaction at metro rail,1162.99,Transport
2025-02-26,transaction at booking.com,9820.03,Travel
2025-05-07,transaction at ajio,12544.96,Online Shopping
2025-08-25,transaction at dominos,482.19,Food
2025-04-27,transaction at samsung store,39903.69,Electronics
2025-04-26,transaction at indigo,15245.47,Travel
2025-03-20,transaction at apple store,123940.66,Electronics
2025-01-31,transaction at bsnl,341.27,Bills
2025-03-12,transaction at tata cliq,4065.72,Online Shopping
2025-08-01,transaction at tneb,3242.79,Bills
2025-05-14,transaction at meesho,12969.3,Online Shopping
2025-09-26,transaction at dominos,1318.19,Food
2025-09-20,transaction at oyo,7445.81,Travel
2025-06-06,transaction at jio fiber,1305.65,Bills
2025-03-27,transaction at nature's basket,2522.84,Grocery
2025-03-04,transaction at a2b,307.1,Food
2025-03-01,transaction at bsnl,1111.62,Bills
2025-02-01,transaction at dmart,1304.12,Grocery
2025-10-12,transaction at nike,6574.14,Clothing
2025-05-05,transaction at apple music,986.71,Entertainment
2025-12-08,transaction at sony center,142056.21,Electronics
2025-03-17,transaction at mi store,21490.12,Electronics
2025-06-02,transaction at star bazaar,4964.93,Grocery
2025-06-29,transaction at nature's basket,1245.26,Grocery
2025-09-02,transaction at reliance digital,58198.82,Electronics
2025-11-02,transaction at oneplus,110248.5,Electronics
2025-12-26,transaction at pizza hut,624.91,Food
2025-05-25,transaction at pepperfry,11115.73,Online Shopping
2025-02-28,transaction at spotify,385.51,Entertainment
2025-07-20,transaction at booking.com,29023.05,Travel
2025-04-16,transaction at bmtc,908.32,Transport
2025-05-04,transaction at aster,3796.92,Healthcare
2025-05-13,transaction at aster,2375.84,Healthcare
2025-05-08,transaction at dmart,2158.85,Grocery
2025-06-22,transaction at kauvery,4846.6,Healthcare
2025-12-19,transaction at hotstar,803.19,Entertainment
2025-10-24,transaction at medplus,15391.0,Healthcare
2025-02-06,transaction at vivo store,21489.9,Electronics
2025-07-30,transaction at nike,7739.9,Clothing
2025-07-07,transaction at mcdonalds,467.53,Food
2025-06-08,transaction at dmart,4424.72,Grocery
2025-03-31,transaction at apple store,148561.26,Electronics
2025-08-13,transaction at aha,231.22,Entertainment
2025-08-18,transaction at boat lifestyle,48827.09,Electronics
2025-06-12,transaction at nykaa,6968.62,Online Shopping
2025-03-07,transaction at ajio,13112.23,Online Shopping
2025-07-19,transaction at pharmeasy,7459.84,Healthcare
2025-12-11,transaction at redbus,343.44,Transport
2025-01-17,transaction at more supermarket,3857.46,Grocery
2025-02-19,transaction at ola,1498.28,Transport
2025-01-07,transaction at paradise biryani,592.3,Food
2025-08-25,transaction at netflix,108.24,Entertainment
2025-11-14,transaction at saravana bhavan,878.04,Food
2025-07-11,transaction at water board,3144.87,Bills
2025-01-02,transaction at jio fiber,2515.66,Bills
2025-10-23,transaction at cream stone,906.34,Food
2025-12-27,transaction at sonyliv,416.98,Entertainment
2025-09-29,transaction at youtube premium,383.96,Entertainment
2025-05-20,transaction at bsnl,1047.88,Bills
2025-09-19,transaction at apple music,845.62,Entertainment
2025-11-25,transaction at meru cabs,1320.65,Transport
2025-11-25,transaction at puma,2695.61,Clothing
2025-10-08,transaction at aster,1192.32,Healthcare
2025-08-27,transaction at myntra,18180.97,Online Shopping
2025-04-22,transaction at apollo hospital,15198.37,Healthcare
2025-01-30,transaction at netflix,156.21,Entertainment
2025-12-19,transaction at pantaloons,4597.53,Clothing
2025-05-06,transaction at kfc,522.46,Food
2025-02-07,transaction at hotstar,793.2,Entertainment
2025-08-10,transaction at gaana,446.57,Entertainment
2025-08-28,transaction at cloudnine,15834.14,Healthcare
2025-01-19,transaction at adidas,1798.5,Clothing
2025-12-10,transaction at property tax online,3592.68,Bills
2025-12-30,transaction at bsnl,3990.39,Bills
2025-02-24,transaction at kauvery,10309.67,Healthcare
2025-05-13,transaction at subway,1169.58,Food
2025-02-04,transaction at asus store,111699.19,Electronics
2025-08-01,transaction at pharmeasy,17808.22,Healthcare
2025-12-26,transaction at pantaloons,2317.99,Clothing
2025-03-15,transaction at taco bell,839.78,Food
2025-04-26,transaction at redbus,1568.78,Transport
2025-09-08,transaction at metro rail,1907.45,Transport
2025-11-10,transaction at pharmeasy,5290.71,Healthcare
2025-03-31,transaction at youtube premium,634.24,Entertainment
2025-10-27,transaction at apollo hospital,9357.7,Healthcare
2025-12-09,transaction at adidas,1353.49,Clothing
2025-04-01,transaction at paradise biryani,1135.72,Food
2025-04-20,transaction at saravana bhavan,358.75,Food
2025-04-17,transaction at bmtc,699.68,Transport
2025-11-06,transaction at bsnl,1266.88,Bills
2025-07-29,transaction at zee5,258.96,Entertainment
2025-01-18,transaction at dell exclusive,118132.96,Electronics
2025-04-03,transaction at pharmeasy,13808.61,Healthcare
2025-07-23,transaction at ccd,728.79,Food
2025-03-18,transaction at sony center,108094.4,Electronics
2025-05-13,transaction at snapdeal,7801.0,Online Shopping
2025-04-01,transaction at aha,727.1,Entertainment
2025-10-20,transaction at vistara,16640.76,Travel
2025-07-24,transaction at nilgiris,687.74,Grocery
2025-12-18,transaction at zee5,369.97,Entertainment
2025-11-27,transaction at property tax online,827.51,Bills
2025-01-18,transaction at sonyliv,970.44,Entertainment
2025-10-04,transaction at yulu bikes,1833.97,Transport
2025-06-30,transaction at property tax online,883.96,Bills
2025-12-05,transaction at lenskart,8797.59,Online Shopping
2025-10-19,transaction at goibibo,6511.05,Travel
2025-03-08,transaction at medplus,11760.51,Healthcare
2025-12-27,transaction at pepperfry,16640.33,Online Shopping
2025-04-06,transaction at noise,120504.79,Electronics
2025-12-06,transaction at airtel,5558.59,Bills
2025-03-09,transaction at sonyliv,527.67,Entertainment
2025-08-18,transaction at subway,1015.66,Food
2025-02-16,transaction at wrogn,4954.95,Clothing
2025-08-19,transaction at meru cabs,447.91,Transport
2025-04-15,transaction at ola,1271.31,Transport
2025-03-28,transaction at barbeque nation,553.83,Food
2025-12-20,transaction at star bazaar,3439.36,Grocery
2025-06-26,transaction at redbus,1098.82,Transport
2025-08-25,transaction at medplus,11321.18,Healthcare
2025-06-28,transaction at oyo,17611.91,Travel
2025-07-05,transaction at burger king,321.77,Food
2025-02-09,transaction at meru cabs,1770.42,Transport
2025-03-14,transaction at youtube premium,330.43,Entertainment
2025-12-28,transaction at mcdonalds,575.4,Food
2025-11-01,transaction at uber,1112.87,Transport
2025-01-09,transaction at zee5,612.57,Entertainment
2025-01-23,transaction at yulu bikes,1373.24,Transport
2025-10-25,transaction at dell exclusive,4495.65,Electronics
2025-09-08,transaction at property tax online,5743.73,Bills
2025-03-13,transaction at goibibo,6383.6,Travel
2025-11-21,transaction at vistara,27693.69,Travel
2025-07-13,transaction at ola,1462.74,Transport
2025-11-02,transaction at amazon,4425.76,Online Shopping
2025-11-09,transaction at jiomart,3385.09,Grocery
2025-03-28,transaction at flipkart,6339.73,Online Shopping
2025-11-02,transaction at aster,6075.29,Healthcare
2025-06-30,transaction at lenskart,3813.31,Online Shopping
2025-09-26,transaction at star bazaar,4098.19,Grocery
2025-08-19,transaction at oyo,19274.05,Travel
2025-07-27,transaction at allen solly,7031.59,Clothing
2025-10-28,transaction at cloudnine,17157.54,Healthcare
2025-01-06,transaction at saravana bhavan,908.77,Food
2025-03-31,transaction at asus store,141439.95,Electronics
2025-02-17,transaction at amazon,14363.27,Online Shopping
2025-07-13,transaction at meesho,18048.14,Online Shopping
2025-03-09,transaction at chai point,1180.26,Food
2025-02-12,transaction at us polo,1577.46,Clothing
2025-02-21,transaction at star bazaar,1147.12,Grocery
2025-03-09,transaction at asus store,83614.7,Electronics
2025-10-07,transaction at bsnl,2156.31,Bills
2025-04-20,transaction at noise,113497.6,Electronics
2025-12-18,transaction at chai point,475.39,Food
2025-02-08,transaction at bsnl,201.57,Bills
2025-09-01,transaction at yulu bikes,1657.09,Transport
2025-02-19,transaction at ajio,14643.59,Online Shopping
2025-12-05,transaction at tata cliq,6354.54,Online Shopping
2025-10-16,transaction at reliance fresh,2530.51,Grocery
2025-06-29,transaction at booking.com,4914.36,Travel
2025-09-05,transaction at saravana bhavan,445.35,Food
2025-07-09,transaction at gas agency,5927.08,Bills
2025-11-23,transaction at vodafone idea,366.57,Bills
2025-03-18,transaction at redbus,1872.59,Transport
2025-07-20,transaction at snapdeal,4564.3,Online Shopping
2025-10-05,transaction at allen solly,5554.66,Clothing
2025-09-20,transaction at yulu bikes,313.01,Transport
2025-04-08,transaction at hotstar,900.5,Entertainment
2025-05-28,transaction at apollo hospital,18126.77,Healthcare
2025-12-16,transaction at gaana,346.64,Entertainment
2025-12-04,transaction at vodafone idea,4330.83,Bills
2025-05-02,transaction at vivo store,130702.23,Electronics
2025-08-30,transaction at bmtc,1423.5,Transport
2025-07-11,transaction at nilgiris,2679.1,Grocery
2025-02-16,transaction at airtel,4886.09,Bills
2025-02-15,transaction at act fibernet,237.05,Bills
2025-08-20,transaction at starbucks,987.5,Food
2025-06-28,transaction at ajio,10999.17,Online Shopping
2025-08-01,transaction at act fibernet,4681.57,Bills
2025-09-26,transaction at apollo pharmacy,16641.25,Healthcare
2025-01-21,transaction at kauvery,16718.98,Healthcare
2025-06-06,transaction at nature's basket,2164.77,Grocery
2025-10-05,transaction at star bazaar,391.95,Grocery
2025-06-14,transaction at jiomart,4199.15,Grocery
2025-09-16,transaction at samsung store,84039.08,Electronics
2025-08-31,transaction at ola,330.82,Transport
2025-12-27,transaction at paradise biryani,854.76,Food
2025-09-09,transaction at amazon,12538.16,Online Shopping
2025-10-17,transaction at dominos,818.93,Food
2025-05-29,transaction at gaana,379.98,Entertainment
2025-05-23,transaction at samsung store,142963.97,Electronics
2025-11-17,transaction at ajio,4664.51,Online Shopping
2025-11-15,transaction at us polo,6791.85,Clothing
2025-11-23,transaction at amazon,16486.15,Online Shopping
2025-02-25,transaction at spencers,3659.05,Grocery
2025-02-28,transaction at pizza hut,399.89,Food
2025-03-22,transaction at max fashion,2806.7,Clothing
2025-08-22,transaction at irctc,18935.09,Travel
2025-04-08,transaction at tneb,2654.84,Bills
2025-10-11,transaction at apple music,383.37,Entertainment
2025-09-26,transaction at airasia,24445.06,Travel
2025-12-31,transaction at burger king,1123.63,Food
2025-10-01,transaction at lenskart,7207.63,Online Shopping
2025-05-25,transaction at irctc,4364.4,Travel
2025-09-25,transaction at mi store,135126.49,Electronics
2025-10-12,transaction at apple music,968.89,Entertainment
2025-11-13,transaction at fortis,18764.82,Healthcare
2025-02-07,transaction at sonyliv,419.63,Entertainment
2025-10-05,transaction at aha,806.33,Entertainment
2025-04-13,transaction at jiomart,3360.46,Grocery
2025-05-22,transaction at vodafone idea,2014.31,Bills
2025-10-27,transaction at water board,2189.05,Bills
2025-07-14,transaction at gas agency,5120.71,Bills
2025-07-26,transaction at meru cabs,1573.0,Transport
2025-10-13,transaction at makemytrip,2045.48,Travel
2025-05-16,transaction at apple store,78014.21,Electronics
2025-07-10,transaction at a2b,1211.99,Food
2025-08-22,transaction at jiomart,4517.35,Grocery
2025-01-06,transaction at aha,275.65,Entertainment
2025-11-04,transaction at h&m,7934.74,Clothing
2025-10-07,transaction at hotstar,342.95,Entertainment
2025-08-12,transaction at saravana bhavan,724.89,Food
2025-09-08,transaction at oyo,20791.14,Travel
2025-01-14,transaction at redbus,1973.82,Transport
2025-12-12,transaction at kauvery,19977.3,Healthcare
2025-03-07,transaction at bsnl,1172.63,Bills
2025-08-24,transaction at spencers,2955.74,Grocery
2025-08-03,transaction at airtel,4561.85,Bills
2025-02-15,transaction at hotstar,352.96,Entertainment
2025-12-16,transaction at act fibernet,3328.96,Bills
2025-11-05,transaction at air india,17186.16,Travel
2025-08-04,transaction at oneplus,113030.5,Electronics
2025-12-17,transaction at snapdeal,6936.36,Online Shopping
2025-01-02,transaction at flipkart,4933.12,Online Shopping
2025-02-16,transaction at zara,833.1,Clothing
2025-11-27,transaction at cloudnine,1395.35,Healthcare
2025-02-14,transaction at cloudnine,8855.56,Healthcare
2025-04-04,transaction at air india,25303.24,Travel
2025-10-25,transaction at kauvery,13676.26,Healthcare
2025-06-24,transaction at bsnl,5049.01,Bills
2025-06-24,transaction at ajio,11621.75,Online Shopping
2025-10-28,transaction at puma,4392.55,Clothing
2025-08-02,transaction at cloudnine,5581.47,Healthcare
2025-01-05,transaction at medplus,1913.71,Healthcare
2025-03-22,transaction at netflix,768.75,Entertainment
2025-08-18,transaction at taco bell,1341.32,Food
2025-01-18,transaction at amazon prime,445.48,Entertainment
2025-02-21,transaction at ola,506.23,Transport
2025-01-04,transaction at cloudnine,5305.51,Healthcare
2025-03-18,transaction at 1mg,10167.59,Healthcare
2025-12-28,transaction at meru cabs,205.72,Transport
2025-08-13,transaction at makemytrip,14800.67,Travel
2025-12-24,transaction at jiomart,313.37,Grocery
2025-12-10,transaction at yatra,17088.77,Travel
2025-01-18,transaction at barbeque nation,619.2,Food
2025-01-05,transaction at bigbazaar,3150.09,Grocery
2025-03-21,transaction at ccd,1495.33,Food
2025-01-11,transaction at fortis,3772.61,Healthcare
2025-03-23,transaction at yulu bikes,1902.96,Transport
2025-02-04,transaction at water board,5999.67,Bills
2025-03-16,transaction at property tax online,950.0,Bills
2025-05-03,transaction at vodafone idea,4598.86,Bills
2025-06-21,transaction at bigbazaar,361.42,Grocery
2025-03-27,transaction at meesho,18646.32,Online Shopping
2025-02-01,transaction at fortis,3309.19,Healthcare
2025-07-07,transaction at airasia,28470.91,Travel
2025-12-26,transaction at metro rail,636.91,Transport
2025-06-06,transaction at amazon prime,683.87,Entertainment
2025-01-10,transaction at ola,1083.29,Transport
2025-09-28,transaction at gas agency,2887.85,Bills
2025-07-31,transaction at flipkart,2487.36,Online Shopping
2025-10-20,transaction at bigbazaar,2064.85,Grocery
2025-02-04,transaction at ajio,3459.11,Online Shopping
2025-11-05,transaction at makemytrip,6878.37,Travel
2025-05-12,transaction at goibibo,11690.67,Travel
2025-09-13,transaction at gaana,624.23,Entertainment
2025-10-26,transaction at sonyliv,782.33,Entertainment
2025-04-04,transaction at irctc,18345.71,Travel
2025-03-10,transaction at bsnl,3674.6,Bills
2025-05-03,transaction at apollo pharmacy,8600.17,Healthcare
2025-11-20,transaction at biba,3358.45,Clothing
2025-04-08,transaction at asus store,20322.46,Electronics
2025-02-06,transaction at kauvery,9726.89,Healthcare
2025-01-18,transaction at jio fiber,1933.58,Bills
2025-10-16,transaction at kauvery,12625.91,Healthcare
2025-03-30,transaction at netmeds,8354.56,Healthcare
2025-09-23,transaction at rapido,1086.23,Transport
2025-01-26,transaction at air india,21278.55,Travel
2025-01-02,transaction at meesho,10797.58,Online Shopping
2025-04-21,transaction at metro rail,1458.2,Transport
2025-05-29,transaction at allen solly,7713.22,Clothing
2025-01-28,transaction at sonyliv,822.78,Entertainment
2025-09-18,transaction at nature's basket,1820.03,Grocery
2025-12-28,transaction at redbus,374.92,Transport
2025-01-13,transaction at mi store,38830.72,Electronics
2025-07-03,transaction at yatra,15306.02,Travel
2025-05-23,transaction at adidas,4446.71,Clothing
2025-09-26,transaction at paradise biryani,1440.54,Food
2025-07-09,transaction at airtel,3094.16,Bills
2025-03-01,transaction at h&m,4399.28,Clothing
2025-11-29,transaction at pantaloons,1283.99,Clothing
2025-09-17,transaction at fortis,14872.53,Healthcare
2025-12-17,transaction at h&m,6670.24,Clothing
2025-01-07,transaction at amazon prime,900.52,Entertainment
2025-04-29,transaction at vistara,29495.45,Travel
2025-12-03,transaction at airtel,4333.97,Bills
2025-01-05,transaction at cloudnine,14207.75,Healthcare
2025-02-01,transaction at yulu bikes,1597.38,Transport
2025-03-28,transaction at reliance digital,33980.81,Electronics
2025-11-11,transaction at air india,17891.3,Travel
2025-10-28,transaction at bigbazaar,3386.47,Grocery
2025-10-29,transaction at more supermarket,744.3,Grocery
2025-04-20,transaction at metro rail,658.78,Transport
2025-07-28,transaction at medplus,10126.71,Healthcare
2025-04-13,transaction at tsrtc,237.33,Transport
2025-04-06,transaction at water board,5033.66,Bills
2025-10-20,transaction at more supermarket,1420.29,Grocery
2025-06-13,transaction at noise,127781.11,Electronics
2025-05-13,transaction at medplus,9191.98,Healthcare
2025-03-25,transaction at airtel,3260.54,Bills
2025-01-06,transaction at noise,110642.99,Electronics
2025-09-21,transaction at apple music,926.97,Entertainment
2025-10-23,transaction at puma,4902.92,Clothing
2025-08-18,transaction at property tax online,5425.52,Bills
2025-10-21,transaction at zara,5281.06,Clothing
2025-12-04,transaction at woodland,7820.96,Clothing
2025-01-09,transaction at paradise biryani,609.82,Food
2025-04-01,transaction at apple music,233.94,Entertainment
2025-01-15,transaction at ccd,1273.76,Food
2025-05-22,transaction at vistara,11801.2,Travel
2025-06-20,transaction at spotify,532.74,Entertainment
2025-03-27,transaction at jio fiber,5366.3,Bills
2025-04-18,transaction at biba,4432.26,Clothing
2025-03-14,transaction at yatra,21624.82,Travel
2025-03-16,transaction at meru cabs,1550.95,Transport
2025-09-17,transaction at mi store,70892.95,Electronics
2025-07-09,transaction at flipkart,10826.49,Online Shopping
2025-06-12,transaction at nykaa,2744.42,Online Shopping
2025-09-27,transaction at vistara,5646.48,Travel
2025-03-14,transaction at samsung store,130497.63,Electronics
2025-02-08,transaction at netflix,744.87,Entertainment
2025-07-03,transaction at meru cabs,1738.21,Transport
2025-07-28,transaction at pantaloons,3157.32,Clothing
2025-01-09,transaction at gas agency,2500.83,Bills
2025-05-30,transaction at nike,1045.53,Clothing
2025-09-21,transaction at wrogn,2881.72,Clothing
2025-11-02,transaction at reliance fresh,4447.3,Grocery
2025-05-09,transaction at water board,230.45,Bills
2025-09-23,transaction at 1mg,1393.44,Healthcare
2025-10-12,transaction at mi store,79919.32,Electronics
2025-12-13,transaction at indigo,20878.88,Travel
2025-05-04,transaction at bigbazaar,1572.24,Grocery
2025-09-22,transaction at act fibernet,2812.82,Bills
2025-05-11,transaction at more supermarket,2165.19,Grocery
2025-06-15,transaction at dell exclusive,78485.19,Electronics
2025-07-12,transaction at pizza hut,126.26,Food
2025-02-28,transaction at zee5,734.26,Entertainment
2025-06-17,transaction at hp world,43772.2,Electronics
2025-06-02,transaction at asus store,98630.25,Electronics
2025-04-24,transaction at apollo pharmacy,11908.37,Healthcare
2025-10-17,transaction at adidas,2083.36,Clothing
2025-02-22,transaction at redbus,172.53,Transport
2025-08-13,transaction at apple music,461.35,Entertainment
2025-07-06,transaction at levis,5100.87,Clothing
2025-09-17,transaction at goibibo,24949.89,Travel
2025-11-16,transaction at nykaa,2888.72,Online Shopping
2025-04-03,transaction at amazon prime,992.61,Entertainment
2025-12-07,transaction at snapdeal,9443.0,Online Shopping
2025-12-20,transaction at meru cabs,976.77,Transport
2025-12-11,transaction at asus store,52220.89,Electronics
2025-02-09,transaction at sonyliv,741.46,Entertainment
2025-04-19,transaction at pepperfry,1359.46,Online Shopping
2025-07-29,transaction at pepperfry,10938.58,Online Shopping
2025-02-07,transaction at meesho,16086.75,Online Shopping
2025-03-29,transaction at noise,74952.79,Electronics
2025-07-25,transaction at zara,2029.5,Clothing
2025-07-24,transaction at samsung store,46308.26,Electronics
2025-08-29,transaction at zee5,446.33,Entertainment
2025-08-26,transaction at pizza hut,1116.88,Food
2025-03-31,transaction at snapdeal,17761.82,Online Shopping
2025-11-01,transaction at hotstar,812.17,Entertainment
2025-11-30,transaction at taco bell,1345.06,Food
2025-10-24,transaction at reliance fresh,707.28,Grocery
2025-01-30,transaction at tneb,1755.25,Bills
2025-07-03,transaction at reliance fresh,1248.72,Grocery
2025-05-22,transaction at h&m,2084.95,Clothing
2025-04-06,transaction at ccd,476.4,Food
2025-09-29,transaction at sonyliv,442.49,Entertainment
2025-07-31,transaction at apollo hospital,18913.59,Healthcare
2025-07-28,transaction at goibibo,14119.51,Travel
2025-08-14,transaction at nilgiris,2572.26,Grocery
2025-03-11,transaction at oneplus,103769.34,Electronics
2025-12-10,transaction at goibibo,28872.69,Travel
2025-04-19,transaction at sonyliv,578.43,Entertainment
2025-08-04,transaction at flipkart,13833.03,Online Shopping
2025-11-24,transaction at dmart,2298.4,Grocery
2025-01-08,transaction at allen solly,5980.28,Clothing
2025-06-02,transaction at amazon,19014.81,Online Shopping
2025-01-26,transaction at meesho,9396.35,Online Shopping
2025-02-15,transaction at uber,204.77,Transport
2025-06-23,transaction at dominos,940.14,Food
2025-09-28,transaction at dell exclusive,76675.65,Electronics
2025-09-09,transaction at dominos,624.96,Food
2025-12-09,transaction at medplus,2269.06,Healthcare
2025-12-19,transaction at netflix,531.49,Entertainment
2025-06-09,transaction at croma,119641.11,Electronics
2025-08-16,transaction at nike,6410.03,Clothing
2025-03-17,transaction at vodafone idea,1513.91,Bills
2025-11-10,transaction at taco bell,496.72,Food
2025-06-01,transaction at a2b,522.15,Food
2025-01-08,transaction at gaana,146.88,Entertainment
2025-07-13,transaction at reliance fresh,877.58,Grocery
2025-03-03,transaction at hp world,102320.3,Electronics
2025-10-28,transaction at metro rail,99.37,Transport
2025-03-25,transaction at vistara,13045.76,Travel
2025-08-03,transaction at vodafone idea,1693.84,Bills
2025-07-19,transaction at tneb,1021.56,Bills
2025-06-03,transaction at gaana,616.37,Entertainment
2025-09-11,transaction at spencers,1353.89,Grocery
2025-07-28,transaction at goibibo,22314.45,Travel
2025-03-27,transaction at gaana,318.3,Entertainment
2025-12-31,transaction at flipkart,15073.37,Online Shopping
2025-03-11,transaction at metro rail,1422.96,Transport
2025-05-18,transaction at amazon prime,477.96,Entertainment
2025-02-07,transaction at bigbazaar,4563.73,Grocery
2025-12-11,transaction at myntra,5582.71,Online Shopping
2025-08-05,transaction at kauvery,9160.0,Healthcare
2025-06-03,transaction at indigo,27224.81,Travel
2025-10-30,transaction at allen solly,1410.01,Clothing
2025-11-06,transaction at yatra,24933.16,Travel
2025-04-29,transaction at apollo hospital,7000.49,Healthcare
2025-08-20,transaction at adidas,2531.53,Clothing
2025-09-11,transaction at nature's basket,2523.88,Grocery
2025-07-10,transaction at starbucks,768.55,Food
2025-06-18,transaction at meesho,10787.12,Online Shopping
2025-09-01,transaction at biba,1784.87,Clothing
2025-06-14,transaction at gas agency,419.93,Bills
2025-03-21,transaction at paradise biryani,987.8,Food
2025-10-23,transaction at apple store,141522.93,Electronics
2025-02-20,transaction at metro rail,1393.3,Transport
2025-09-24,transaction at meesho,15831.95,Online Shopping
2025-01-21,transaction at tneb,5060.46,Bills
2025-08-26,transaction at noise,96176.83,Electronics
2025-03-21,transaction at property tax online,749.29,Bills
2025-02-09,transaction at nike,3955.56,Clothing
2025-07-22,transaction at meru cabs,678.68,Transport
2025-05-13,transaction at apollo pharmacy,17393.08,Healthcare
2025-01-31,transaction at tneb,385.52,Bills
2025-01-05,transaction at hotstar,272.43,Entertainment
2025-01-03,transaction at pizza hut,1141.11,Food
2025-02-18,transaction at noise,84934.51,Electronics
2025-05-13,transaction at indigo,8534.04,Travel
2025-07-19,transaction at air india,22794.11,Travel
2025-10-28,transaction at nilgiris,2147.37,Grocery
2025-07-11,transaction at aster,10678.63,Healthcare
2025-07-16,transaction at pantaloons,2477.07,Clothing
2025-01-08,transaction at rapido,1856.23,Transport
2025-02-05,transaction at apple store,96067.65,Electronics
2025-07-14,transaction at airasia,4138.42,Travel
2025-06-14,transaction at water board,3920.34,Bills
2025-10-01,transaction at yatra,4211.02,Travel
2025-10-29,transaction at water board,4236.8,Bills
2025-01-24,transaction at bsnl,2106.75,Bills
2025-07-10,transaction at ajio,18576.49,Online Shopping
2025-07-26,transaction at gaana,230.14,Entertainment
2025-03-17,transaction at nykaa,5032.57,Online Shopping
2025-06-11,transaction at apple music,709.29,Entertainment
2025-12-23,transaction at apple music,403.73,Entertainment
2025-10-25,transaction at amazon,8212.1,Online Shopping
2025-06-10,transaction at tsrtc,1322.77,Transport
2025-08-18,transaction at fortis,10830.12,Healthcare
2025-08-28,transaction at makemytrip,1808.91,Travel
2025-03-03,transaction at metro rail,328.65,Transport
2025-09-19,transaction at apollo hospital,6243.79,Healthcare
2025-02-08,transaction at more supermarket,3673.1,Grocery
2025-12-24,transaction at nilgiris,4517.27,Grocery
2025-04-30,transaction at vivo store,101343.49,Electronics
2025-10-17,transaction at vistara,7704.52,Travel
2025-01-30,transaction at tsrtc,1462.85,Transport
2025-04-01,transaction at starbucks,697.97,Food
2025-01-01,transaction at air india,1421.2,Travel
2025-04-10,transaction at nilgiris,2027.47,Grocery
2025-07-13,transaction at ajio,3801.65,Online Shopping
2025-02-11,transaction at rapido,72.93,Transport
2025-08-27,transaction at h&m,3248.33,Clothing
2025-05-20,transaction at taco bell,1070.32,Food
2025-01-13,transaction at zee5,399.46,Entertainment
2025-04-11,transaction at redbus,1575.45,Transport
2025-05-11,transaction at apollo pharmacy,16296.23,Healthcare
2025-07-14,transaction at oyo,27644.82,Travel
2025-06-07,transaction at indigo,25663.3,Travel
2025-02-12,transaction at biba,4052.97,Clothing
2025-10-06,transaction at bsnl,5071.32,Bills
2025-06-01,transaction at ajio,1690.54,Online Shopping
2025-01-25,transaction at apollo pharmacy,16978.65,Healthcare
2025-01-20,transaction at vodafone idea,4404.72,Bills
2025-11-01,transaction at mi store,60432.66,Electronics
2025-10-29,transaction at air india,13685.35,Travel
2025-04-22,transaction at uber,262.33,Transport
2025-11-24,transaction at gas agency,3668.61,Bills
2025-04-07,transaction at nilgiris,3226.23,Grocery
2025-02-03,transaction at snapdeal,10078.34,Online Shopping
2025-06-27,transaction at kauvery,13131.87,Healthcare
2025-11-24,transaction at airtel,3896.24,Bills
2025-05-23,transaction at youtube premium,827.23,Entertainment
2025-09-07,transaction at h&m,5319.12,Clothing
2025-07-11,transaction at h&m,4158.3,Clothing
2025-01-26,transaction at biba,6631.13,Clothing
2025-08-08,transaction at starbucks,803.82,Food
2025-07-10,transaction at paradise biryani,582.95,Food
2025-11-14,transaction at oneplus,54761.75,Electronics
2025-10-07,transaction at goibibo,10479.99,Travel
2025-02-05,transaction at nature's basket,3856.84,Grocery
2025-09-02,transaction at spencers,2414.22,Grocery
2025-11-16,transaction at more supermarket,1096.19,Grocery
2025-06-21,transaction at mcdonalds,1280.37,Food
2025-05-28,transaction at reliance fresh,1031.0,Grocery
2025-10-28,transaction at us polo,3412.17,Clothing
2025-07-13,transaction at tneb,4269.36,Bills
2025-08-18,transaction at barbeque nation,1050.32,Food
2025-05-21,transaction at gaana,101.41,Entertainment
2025-09-10,transaction at wrogn,3897.32,Clothing
2025-05-10,transaction at air india,7138.19,Travel
2025-09-09,transaction at act fibernet,542.78,Bills
2025-07-01,transaction at nykaa,15824.05,Online Shopping
2025-11-24,transaction at samsung store,12172.11,Electronics
2025-10-27,transaction at tneb,4912.79,Bills
2025-05-18,transaction at sonyliv,696.54,Entertainment
2025-02-01,transaction at meesho,7504.83,Online Shopping
2025-06-14,transaction at yatra,21629.17,Travel
2025-07-12,transaction at irctc,22464.74,Travel
2025-10-30,transaction at adidas,1269.64,Clothing
2025-03-24,transaction at redbus,1463.39,Transport
2025-07-26,transaction at airtel,577.51,Bills
2025-03-02,transaction at indigo,15562.66,Travel
2025-08-03,transaction at jio fiber,5504.7,Bills
2025-11-21,transaction at hotstar,549.5,Entertainment
2025-06-01,transaction at amazon,7932.8,Online Shopping
2025-03-05,transaction at pantaloons,1497.18,Clothing
2025-05-27,transaction at hotstar,590.4,Entertainment
2025-02-13,transaction at yatra,6777.88,Travel
2025-06-25,transaction at meesho,13281.69,Online Shopping
2025-10-02,transaction at mi store,96101.75,Electronics
2025-10-24,transaction at airtel,3668.34,Bills
2025-05-02,transaction at aha,113.16,Entertainment
2025-08-21,transaction at act fibernet,5480.27,Bills
2025-08-18,transaction at air india,16436.25,Travel
2025-04-01,transaction at gaana,332.14,Entertainment
2025-03-30,transaction at netflix,925.8,Entertainment
2025-08-06,transaction at vivo store,11785.97,Electronics
2025-07-17,transaction at ajio,9230.17,Online Shopping
2025-08-21,transaction at h&m,7469.84,Clothing
2025-03-16,transaction at yatra,9824.99,Travel
2025-09-13,transaction at bmtc,408.12,Transport
2025-12-23,transaction at reliance fresh,2630.88,Grocery
2025-08-27,transaction at medplus,8814.62,Healthcare
2025-03-21,transaction at bigbazaar,3371.23,Grocery
2025-01-18,transaction at dominos,688.73,Food
2025-02-18,transaction at jiomart,2768.16,Grocery
2025-12-10,transaction at goibibo,18906.6,Travel
2025-04-06,transaction at kauvery,1494.28,Healthcare
2025-09-16,transaction at sonyliv,530.8,Entertainment
2025-04-04,transaction at zee5,280.12,Entertainment
2025-09-12,transaction at nilgiris,1217.0,Grocery
2025-03-01,transaction at indigo,16214.43,Travel
2025-10-13,transaction at metro rail,124.27,Transport
2025-11-11,transaction at h&m,3705.48,Clothing
2025-02-12,transaction at asus store,147441.05,Electronics
2025-06-24,transaction at cloudnine,18067.42,Healthcare
2025-04-26,transaction at yulu bikes,1098.75,Transport
2025-12-09,transaction at biba,745.19,Clothing
2025-04-12,transaction at tata cliq,17046.38,Online Shopping
2025-04-03,transaction at act fibernet,3226.7,Bills
2025-03-05,transaction at dell exclusive,109625.55,Electronics
2025-07-28,transaction at gas agency,2982.55,Bills
2025-11-28,transaction at aster,8137.0,Healthcare
2025-11-25,transaction at more supermarket,4230.57,Grocery
2025-12-07,transaction at metro rail,1409.71,Transport
2025-07-24,transaction at property tax online,2457.3,Bills
2025-08-18,transaction at tata cliq,5077.99,Online Shopping
2025-01-10,transaction at apple store,18102.66,Electronics
2025-07-05,transaction at sonyliv,100.01,Entertainment
2025-04-26,transaction at starbucks,951.24,Food
2025-10-24,transaction at airasia,27369.44,Travel
2025-01-13,transaction at more supermarket,2310.39,Grocery
2025-02-04,transaction at yulu bikes,409.7,Transport
2025-11-03,transaction at makemytrip,14126.41,Travel
2025-04-14,transaction at taco bell,737.14,Food
2025-08-06,transaction at tneb,240.6,Bills
2025-02-28,transaction at gas agency,2802.92,Bills
2025-02-20,transaction at cloudnine,15571.45,Healthcare
2025-01-20,transaction at snapdeal,16794.68,Online Shopping
2025-01-19,transaction at yatra,18840.4,Travel
2025-05-23,transaction at us polo,2976.54,Clothing
2025-03-02,transaction at aster,18175.49,Healthcare
2025-05-03,transaction at biba,5189.65,Clothing
2025-08-24,transaction at aha,459.72,Entertainment
2025-09-20,transaction at max fashion,4893.56,Clothing
2025-04-27,transaction at youtube premium,618.54,Entertainment
2025-11-03,transaction at dmart,2077.41,Grocery
2025-05-08,transaction at bigbazaar,2400.84,Grocery
2025-04-20,transaction at amazon prime,709.03,Entertainment
2025-03-12,transaction at more supermarket,941.27,Grocery
2025-02-15,transaction at 1mg,13792.84,Healthcare
2025-09-16,transaction at asus store,10679.83,Electronics
2025-04-06,transaction at meru cabs,1141.86,Transport
2025-09-10,transaction at tata cliq,7816.27,Online Shopping
2025-08-25,transaction at croma,107050.46,Electronics
2025-05-22,transaction at booking.com,1065.2,Travel
2025-10-21,transaction at gaana,692.85,Entertainment
2025-11-08,transaction at meru cabs,1797.69,Transport
2025-03-09,transaction at amazon,8573.25,Online Shopping
2025-07-26,transaction at ajio,11687.37,Online Shopping
2025-08-30,transaction at allen solly,4757.08,Clothing
2025-07-28,transaction at kauvery,17043.83,Healthcare
2025-08-28,transaction at jiomart,1108.56,Grocery
2025-09-05,transaction at reliance digital,40381.71,Electronics
2025-11-25,transaction at samsung store,51754.17,Electronics
2025-08-02,transaction at starbucks,496.39,Food
2025-12-18,transaction at adidas,5647.32,Clothing
2025-10-08,transaction at dmart,2400.71,Grocery
2025-05-15,transaction at puma,6789.51,Clothing
2025-09-14,transaction at vivo store,95149.27,Electronics
2025-02-21,transaction at ola,1248.73,Transport
2025-06-03,transaction at ccd,518.04,Food
2025-11-21,transaction at airtel,3674.58,Bills
2025-04-29,transaction at snapdeal,5507.39,Online Shopping
2025-04-30,transaction at samsung store,96912.67,Electronics
2025-08-12,transaction at zara,5773.11,Clothing
2025-04-14,transaction at nature's basket,402.34,Grocery
2025-06-22,transaction at zara,7187.34,Clothing
2025-03-05,transaction at dominos,363.75,Food
2025-09-06,transaction at asus store,63219.65,Electronics
2025-02-11,transaction at vistara,27541.49,Travel
2025-06-04,transaction at max fashion,557.88,Clothing
2025-12-26,transaction at sonyliv,403.92,Entertainment
2025-02-04,transaction at amazon prime,128.06,Entertainment
2025-06-29,transaction at pantaloons,4835.76,Clothing
2025-08-31,transaction at irctc,11789.5,Travel
2025-09-23,transaction at gaana,784.3,Entertainment
2025-05-18,transaction at air india,18056.95,Travel
2025-07-16,transaction at aha,577.5,Entertainment
2025-06-17,transaction at pantaloons,6060.6,Clothing
2025-06-15,transaction at sonyliv,909.03,Entertainment
2025-07-31,transaction at yulu bikes,1349.45,Transport
2025-04-28,transaction at apple music,386.59,Entertainment
2025-08-08,transaction at pepperfry,903.44,Online Shopping
2025-10-27,transaction at star bazaar,3646.0,Grocery
2025-02-10,transaction at nike,1945.36,Clothing
2025-04-26,transaction at water board,1733.41,Bills
2025-08-18,transaction at bsnl,5111.26,Bills
2025-07-06,transaction at tneb,1975.42,Bills
2025-09-06,transaction at airtel,1900.27,Bills
2025-12-18,transaction at apollo hospital,1063.02,Healthcare
2025-10-03,transaction at bsnl,5153.15,Bills
2025-04-17,transaction at pepperfry,12050.19,Online Shopping
2025-08-03,transaction at youtube premium,960.74,Entertainment
2025-04-26,transaction at pharmeasy,11402.37,Healthcare
2025-10-16,transaction at tata cliq,1317.02,Online Shopping
2025-08-02,transaction at subway,760.13,Food
2025-05-24,transaction at oyo,17559.8,Travel
2025-07-15,transaction at aster,8090.59,Healthcare
2025-05-30,transaction at airasia,20744.59,Travel
2025-11-19,transaction at yulu bikes,1836.74,Transport
2025-11-11,transaction at subway,448.13,Food
2025-09-13,transaction at amazon prime,743.99,Entertainment
2025-01-19,transaction at tata cliq,10474.8,Online Shopping
2025-12-25,transaction at fortis,3626.35,Healthcare
2025-09-16,transaction at fortis,12910.54,Healthcare
2025-03-29,transaction at act fibernet,1144.85,Bills
2025-12-22,transaction at water board,2386.45,Bills
2025-05-20,transaction at woodland,1452.75,Clothing
2025-03-27,transaction at medplus,4256.86,Healthcare
2025-07-19,transaction at pepperfry,214.73,Online Shopping
2025-11-03,transaction at zee5,530.92,Entertainment
2025-02-24,transaction at water board,4683.39,Bills
2025-12-10,transaction at irctc,3994.13,Travel
2025-08-20,transaction at act fibernet,5820.36,Bills
2025-03-15,transaction at aha,107.57,Entertainment
2025-01-28,transaction at youtube premium,392.54,Entertainment
2025-01-22,transaction at property tax online,680.91,Bills
2025-09-09,transaction at cloudnine,12445.94,Healthcare
2025-09-03,transaction at myntra,15727.66,Online Shopping
2025-11-25,transaction at pharmeasy,5571.39,Healthcare
2025-08-07,transaction at meru cabs,1666.64,Transport
2025-09-04,transaction at redbus,1382.78,Transport
2025-08-22,transaction at makemytrip,22634.3,Travel
2025-07-15,transaction at vodafone idea,5395.98,Bills
2025-05-26,transaction at reliance digital,43472.76,Electronics
2025-10-30,transaction at amazon,3876.08,Online Shopping
2025-10-21,transaction at ola,424.57,Transport
2025-04-30,transaction at ola,1259.51,Transport
2025-05-20,transaction at nature's basket,1609.44,Grocery
2025-10-15,transaction at redbus,1747.17,Transport
2025-10-08,transaction at zee5,529.88,Entertainment
2025-03-31,transaction at star bazaar,4830.51,Grocery
2025-07-11,transaction at medplus,13757.28,Healthcare
2025-02-06,transaction at woodland,2139.98,Clothing
2025-07-23,transaction at jiomart,4002.68,Grocery
2025-08-08,transaction at star bazaar,2752.44,Grocery
2025-01-15,transaction at pharmeasy,5776.38,Healthcare
2025-10-30,transaction at meru cabs,900.25,Transport
2025-07-26,transaction at jio fiber,980.09,Bills
2025-02-25,transaction at aha,198.56,Entertainment
2025-11-02,transaction at booking.com,6633.27,Travel
2025-01-21,transaction at gas agency,4217.19,Bills
2025-03-18,transaction at 1mg,18258.39,Healthcare
2025-08-24,transaction at noise,58586.71,Electronics
2025-05-18,transaction at barbeque nation,1363.56,Food
2025-08-31,transaction at youtube premium,708.23,Entertainment
2025-01-18,transaction at irctc,1934.66,Travel
2025-06-22,transaction at puma,4670.55,Clothing
2025-02-04,transaction at yulu bikes,118.05,Transport
2025-03-13,transaction at vodafone idea,4294.92,Bills
2025-03-27,transaction at bsnl,4747.5,Bills
2025-03-31,transaction at ajio,11844.01,Online Shopping
2025-03-29,transaction at tsrtc,81.96,Transport
2025-06-04,transaction at goibibo,24721.88,Travel
2025-06-06,transaction at tsrtc,1730.4,Transport
2025-12-26,transaction at redbus,1548.82,Transport
2025-09-14,transaction at rapido,640.96,Transport
2025-01-26,transaction at levis,1320.5,Clothing
2025-06-09,transaction at pantaloons,6176.74,Clothing
2025-08-18,transaction at makemytrip,29776.72,Travel
2025-08-16,transaction at nilgiris,899.44,Grocery
2025-04-30,transaction at redbus,805.75,Transport
2025-06-03,transaction at woodland,3153.49,Clothing
2025-10-03,transaction at vodafone idea,2804.09,Bills
2025-09-12,transaction at dmart,4547.68,Grocery
2025-05-24,transaction at pantaloons,3673.58,Clothing
2025-09-12,transaction at tata cliq,18690.13,Online Shopping
2025-03-21,transaction at adidas,838.1,Clothing
2025-05-15,transaction at uber,579.22,Transport
2025-04-01,transaction at starbucks,1300.15,Food
2025-01-01,transaction at ajio,5498.73,Online Shopping
2025-10-17,transaction at boat lifestyle,60132.27,Electronics
2025-07-10,transaction at pharmeasy,10888.31,Healthcare
2025-10-18,transaction at starbucks,1131.35,Food
2025-07-02,transaction at fortis,15477.23,Healthcare
2025-11-15,transaction at booking.com,21755.52,Travel
2025-12-26,transaction at burger king,498.67,Food
2025-06-17,transaction at gas agency,751.96,Bills
2025-10-30,transaction at pepperfry,11193.58,Online Shopping
2025-05-09,transaction at zara,5661.73,Clothing
2025-01-11,transaction at yatra,13976.61,Travel
2025-02-14,transaction at act fibernet,4036.36,Bills
2025-05-22,transaction at redbus,1333.54,Transport
2025-07-30,transaction at reliance fresh,2811.39,Grocery
2025-12-01,transaction at ola,1688.61,Transport
2025-02-08,transaction at allen solly,3417.7,Clothing
2025-12-04,transaction at dmart,654.79,Grocery
2025-09-02,transaction at pantaloons,3852.66,Clothing
2025-03-30,transaction at kauvery,19485.5,Healthcare
2025-10-20,transaction at fortis,365.36,Healthcare
2025-05-22,transaction at metro rail,1071.56,Transport
2025-08-06,transaction at more supermarket,4546.52,Grocery
2025-11-07,transaction at burger king,461.6,Food
2025-10-25,transaction at aster,19392.87,Healthcare
2025-06-29,transaction at booking.com,5290.81,Travel
2025-12-08,transaction at apollo pharmacy,7219.41,Healthcare
2025-07-24,transaction at lenskart,12193.8,Online Shopping
2025-02-12,transaction at yatra,17482.79,Travel
2025-01-13,transaction at lenskart,6210.38,Online Shopping
2025-03-01,transaction at lenskart,6578.53,Online Shopping
2025-10-08,transaction at sony center,54020.59,Electronics
2025-10-22,transaction at rapido,1975.11,Transport
2025-05-31,transaction at apple store,66825.91,Electronics
2025-08-17,transaction at starbucks,197.18,Food
2025-12-26,transaction at netmeds,14543.88,Healthcare
2025-09-29,transaction at woodland,2901.84,Clothing
2025-05-18,transaction at ajio,9955.31,Online Shopping
2025-07-16,transaction at burger king,535.35,Food
2025-04-15,transaction at max fashion,6633.0,Clothing
2025-09-15,transaction at cream stone,1167.14,Food
2025-07-25,transaction at subway,728.22,Food
2025-11-18,transaction at indigo,7252.87,Travel
2025-11-22,transaction at more supermarket,1113.32,Grocery
2025-01-18,transaction at bmtc,992.67,Transport
2025-01-30,transaction at indigo,17060.31,Travel
2025-08-25,transaction at more supermarket,4446.9,Grocery
2025-06-13,transaction at netmeds,16857.57,Healthcare
2025-01-16,transaction at paradise biryani,423.75,Food
2025-09-17,transaction at reliance fresh,847.25,Grocery
2025-10-13,transaction at ccd,1402.66,Food
2025-09-29,transaction at bsnl,348.81,Bills
2025-07-31,transaction at pizza hut,392.95,Food
2025-08-19,transaction at pepperfry,13212.32,Online Shopping
2025-07-02,transaction at yatra,24472.82,Travel
2025-02-09,transaction at apple store,16487.88,Electronics
2025-02-03,transaction at myntra,15185.66,Online Shopping
2025-04-30,transaction at pizza hut,1068.38,Food
2025-07-22,transaction at aster,9899.7,Healthcare
2025-11-06,transaction at makemytrip,22872.85,Travel
2025-09-28,transaction at dell exclusive,104449.56,Electronics
2025-07-20,transaction at nilgiris,3547.53,Grocery
2025-03-03,transaction at uber,1617.31,Transport
2025-03-14,transaction at ola,1404.38,Transport
2025-01-15,transaction at airtel,5512.67,Bills
2025-01-20,transaction at nykaa,4779.87,Online Shopping
2025-03-11,transaction at pepperfry,16596.61,Online Shopping
2025-10-16,transaction at apollo hospital,14721.6,Healthcare
2025-04-20,transaction at dmart,4123.27,Grocery
2025-06-15,transaction at cloudnine,906.36,Healthcare
2025-02-02,transaction at nykaa,10315.71,Online Shopping
2025-10-29,transaction at aha,380.12,Entertainment
2025-01-05,transaction at kfc,382.31,Food
2025-01-31,transaction at pantaloons,1233.27,Clothing
2025-09-15,transaction at myntra,7822.9,Online Shopping
2025-04-30,transaction at pharmeasy,10855.45,Healthcare
2025-12-17,transaction at nykaa,6908.93,Online Shopping
2025-03-30,transaction at apollo hospital,5087.79,Healthcare
2025-07-08,transaction at yulu bikes,892.77,Transport
2025-01-15,transaction at uber,1864.78,Transport
2025-10-31,transaction at nature's basket,3555.52,Grocery
2025-04-19,transaction at nykaa,3187.78,Online Shopping
2025-05-15,transaction at apple store,58234.78,Electronics
2025-09-04,transaction at gas agency,5066.02,Bills
2025-03-03,transaction at makemytrip,9867.95,Travel
2025-12-23,transaction at amazon,13451.57,Online Shopping
2025-08-19,transaction at woodland,3071.0,Clothing
2025-06-06,transaction at more supermarket,2396.05,Grocery
2025-01-28,transaction at nilgiris,3080.4,Grocery
2025-09-23,transaction at ola,1997.82,Transport
2025-10-13,transaction at cloudnine,12977.61,Healthcare
2025-11-10,transaction at airasia,3292.84,Travel
2025-10-09,transaction at gas agency,5731.87,Bills
2025-09-27,transaction at netmeds,17195.06,Healthcare
2025-01-08,transaction at saravana bhavan,327.3,Food
2025-06-15,transaction at woodland,5389.45,Clothing
2025-09-18,transaction at youtube premium,389.03,Entertainment
2025-01-15,transaction at aster,17478.4,Healthcare
2025-08-18,transaction at vistara,21276.36,Travel
2025-09-12,transaction at h&m,2669.76,Clothing
2025-07-31,transaction at air india,6070.58,Travel
2025-09-26,transaction at gaana,445.77,Entertainment
2025-12-27,transaction at dell exclusive,130033.36,Electronics
2025-09-28,transaction at property tax online,2568.45,Bills
2025-01-19,transaction at property tax online,2057.39,Bills
2025-10-14,transaction at aster,808.63,Healthcare
2025-11-04,transaction at yulu bikes,449.03,Transport
2025-02-04,transaction at booking.com,26369.8,Travel
2025-05-17,transaction at nilgiris,4801.44,Grocery
2025-07-10,transaction at jio fiber,718.97,Bills
2025-06-20,transaction at airtel,5422.72,Bills
2025-07-12,transaction at goibibo,25723.78,Travel
2025-10-12,transaction at nike,5365.26,Clothing
2025-08-02,transaction at gas agency,3518.38,Bills
2025-09-22,transaction at gaana,535.58,Entertainment
2025-10-18,transaction at bmtc,101.56,Transport
2025-10-29,transaction at airtel,814.45,Bills
2025-05-17,transaction at reliance fresh,1944.6,Grocery
2025-09-29,transaction at aster,6910.95,Healthcare
2025-08-10,transaction at rapido,254.21,Transport
2025-09-19,transaction at nature's basket,862.54,Grocery
2025-12-28,transaction at ajio,6704.3,Online Shopping
2025-10-14,transaction at spencers,2192.43,Grocery
2025-07-24,transaction at star bazaar,4947.12,Grocery
2025-02-04,transaction at oyo,28139.21,Travel
2025-12-28,transaction at jio fiber,3134.8,Bills
2025-01-02,transaction at vistara,9301.83,Travel
2025-04-19,transaction at spencers,3582.07,Grocery
2025-01-18,transaction at medplus,11607.54,Healthcare
2025-11-21,transaction at spencers,3902.53,Grocery
2025-09-18,transaction at apollo hospital,6683.48,Healthcare
2025-05-15,transaction at pharmeasy,14837.1,Healthcare
2025-07-13,transaction at goibibo,20714.91,Travel
2025-02-26,transaction at nature's basket,4836.91,Grocery
2025-03-09,transaction at cream stone,631.19,Food
2025-01-28,transaction at oneplus,13142.52,Electronics
2025-06-30,transaction at kauvery,1460.66,Healthcare
2025-03-25,transaction at sony center,40161.96,Electronics
2025-02-06,transaction at samsung store,51097.13,Electronics
2025-04-14,transaction at tata cliq,8230.63,Online Shopping
2025-01-28,transaction at kauvery,14054.12,Healthcare
2025-06-20,transaction at makemytrip,29777.45,Travel
2025-06-21,transaction at pharmeasy,14470.05,Healthcare
2025-07-11,transaction at reliance fresh,1009.31,Grocery
2025-07-09,transaction at yatra,28311.65,Travel
2025-12-18,transaction at yatra,22569.38,Travel
2025-07-06,transaction at 1mg,16972.04,Healthcare
2025-02-04,transaction at apollo pharmacy,19302.71,Healthcare
2025-09-11,transaction at pepperfry,4407.44,Online Shopping
2025-11-04,transaction at aha,908.46,Entertainment
2025-03-29,transaction at jiomart,4917.9,Grocery
2025-09-14,transaction at amazon,14394.1,Online Shopping
2025-04-24,transaction at hp world,149737.72,Electronics
2025-04-13,transaction at subway,190.21,Food
2025-04-24,transaction at kauvery,10903.44,Healthcare
2025-01-15,transaction at air india,24302.68,Travel
2025-06-13,transaction at bigbazaar,2836.19,Grocery
2025-12-20,transaction at hotstar,900.84,Entertainment
2025-03-21,transaction at 1mg,15204.26,Healthcare
2025-02-05,transaction at star bazaar,1285.22,Grocery
2025-07-13,transaction at wrogn,974.87,Clothing
2025-01-01,transaction at samsung store,80349.08,Electronics
2025-06-10,transaction at h&m,4317.22,Clothing
2025-08-16,transaction at apple music,592.6,Entertainment
2025-06-05,transaction at noise,144086.65,Electronics
2025-11-24,transaction at fortis,13293.8,Healthcare
2025-01-23,transaction at nykaa,3597.61,Online Shopping
2025-04-19,transaction at property tax online,1087.45,Bills
2025-09-10,transaction at biba,5105.39,Clothing
2025-04-20,transaction at gaana,233.56,Entertainment
2025-07-02,transaction at oyo,23865.42,Travel
2025-11-23,transaction at taco bell,403.3,Food
2025-11-23,transaction at snapdeal,19042.46,Online Shopping
2025-11-04,transaction at hp world,59631.5,Electronics
2025-01-25,transaction at apollo hospital,11976.63,Healthcare
2025-10-22,transaction at dominos,1390.94,Food
2025-05-30,transaction at indigo,4772.74,Travel
2025-01-25,transaction at bsnl,1481.87,Bills
2025-12-09,transaction at kfc,632.24,Food
2025-04-19,transaction at uber,1840.26,Transport
2025-12-20,transaction at gaana,990.95,Entertainment
2025-05-31,transaction at croma,42530.06,Electronics
2025-01-06,transaction at paradise biryani,1472.64,Food
2025-01-20,transaction at irctc,22200.5,Travel
2025-01-17,transaction at reliance digital,109954.77,Electronics
2025-02-17,transaction at starbucks,1115.86,Food
2025-02-03,transaction at goibibo,28511.08,Travel
2025-01-09,transaction at pantaloons,1930.43,Clothing
2025-02-23,transaction at h&m,2857.34,Clothing
2025-03-09,transaction at redbus,1303.8,Transport
2025-11-25,transaction at dmart,1012.73,Grocery
2025-11-04,transaction at more supermarket,1326.36,Grocery
2025-12-18,transaction at fortis,12808.11,Healthcare
2025-11-02,transaction at nykaa,18245.85,Online Shopping
2025-04-16,transaction at uber,407.9,Transport
2025-01-20,transaction at vodafone idea,3108.8,Bills
2025-02-14,transaction at yulu bikes,1268.17,Transport
2025-02-04,transaction at water board,5300.32,Bills
2025-04-27,transaction at jio fiber,2960.55,Bills
2025-09-12,transaction at mi store,112938.2,Electronics
2025-07-05,transaction at indigo,15148.78,Travel
2025-10-08,transaction at spencers,1631.56,Grocery
2025-04-24,transaction at sony center,27941.79,Electronics
2025-11-09,transaction at yulu bikes,794.88,Transport
2025-01-25,transaction at biba,7546.51,Clothing
2025-02-01,transaction at allen solly,2618.3,Clothing
2025-01-22,transaction at jio fiber,744.81,Bills
2025-07-21,transaction at jio fiber,5435.64,Bills
2025-05-24,transaction at booking.com,12485.16,Travel
2025-02-07,transaction at metro rail,1683.69,Transport
2025-11-20,transaction at youtube premium,448.53,Entertainment
2025-05-02,transaction at myntra,11515.37,Online Shopping
2025-04-23,transaction at adidas,7725.96,Clothing
2025-03-03,transaction at kauvery,2448.71,Healthcare
2025-11-11,transaction at amazon prime,734.31,Entertainment
2025-04-30,transaction at aster,13363.26,Healthcare
2025-01-09,transaction at water board,731.57,Bills
2025-05-21,transaction at netmeds,18056.25,Healthcare
2025-07-25,transaction at cloudnine,4892.21,Healthcare
2025-01-10,transaction at more supermarket,2453.33,Grocery
2025-07-29,transaction at reliance digital,89030.59,Electronics
2025-06-01,transaction at nature's basket,1505.75,Grocery
2025-08-24,transaction at tneb,2486.92,Bills
2025-09-06,transaction at snapdeal,14632.87,Online Shopping
2025-10-11,transaction at bigbazaar,2948.11,Grocery
2025-05-31,transaction at pharmeasy,13371.7,Healthcare
2025-02-01,transaction at levis,7718.82,Clothing
2025-07-30,transaction at us polo,5929.84,Clothing
2025-08-23,transaction at more supermarket,3923.54,Grocery
2025-12-16,transaction at jio fiber,2638.17,Bills
2025-02-28,transaction at yatra,23894.56,Travel
2025-05-23,transaction at sonyliv,476.07,Entertainment
2025-09-19,transaction at reliance fresh,3386.27,Grocery
2025-12-26,transaction at amazon,13229.24,Online Shopping
2025-04-02,transaction at yatra,11768.24,Travel
2025-03-24,transaction at redbus,1436.04,Transport
2025-02-18,transaction at puma,5820.47,Clothing
2025-08-30,transaction at metro rail,746.04,Transport
2025-01-12,transaction at nilgiris,2467.04,Grocery
2025-09-11,transaction at woodland,744.37,Clothing
2025-03-05,transaction at nike,1144.68,Clothing
2025-09-11,transaction at chai point,389.56,Food
2025-02-15,transaction at yulu bikes,1065.93,Transport
2025-08-20,transaction at uber,1060.96,Transport
2025-01-17,transaction at airtel,2123.18,Bills
2025-02-04,transaction at adidas,6073.11,Clothing
2025-03-04,transaction at samsung store,15617.34,Electronics
2025-03-24,transaction at jio fiber,1548.83,Bills
2025-07-29,transaction at cloudnine,5970.15,Healthcare
2025-01-01,transaction at vodafone idea,1315.41,Bills
2025-05-28,transaction at dell exclusive,149827.58,Electronics
2025-09-15,transaction at air india,4406.02,Travel
2025-05-29,transaction at ola,763.22,Transport
2025-09-25,transaction at aster,3986.5,Healthcare
2025-12-22,transaction at ola,151.23,Transport
2025-01-31,transaction at taco bell,1441.81,Food
2025-03-17,transaction at apollo pharmacy,7335.02,Healthcare
2025-08-07,transaction at sony center,80272.99,Electronics
2025-04-21,transaction at aster,6652.98,Healthcare
2025-03-12,transaction at ajio,7513.01,Online Shopping
2025-06-10,transaction at tata cliq,4946.21,Online Shopping
2025-03-27,transaction at airtel,5449.3,Bills
2025-04-09,transaction at bigbazaar,4952.7,Grocery
2025-09-11,transaction at act fibernet,5762.81,Bills
2025-03-22,transaction at a2b,704.17,Food
2025-05-08,transaction at myntra,1923.95,Online Shopping
2025-08-02,transaction at fortis,7427.43,Healthcare
2025-09-01,transaction at paradise biryani,1044.57,Food
2025-06-11,transaction at yulu bikes,892.48,Transport
2025-01-16,transaction at gas agency,460.35,Bills
2025-12-20,transaction at amazon,9037.37,Online Shopping
2025-04-03,transaction at pantaloons,1612.19,Clothing
2025-01-29,transaction at asus store,100269.33,Electronics
2025-08-08,transaction at youtube premium,555.2,Entertainment
2025-01-15,transaction at redbus,946.2,Transport
2025-05-12,transaction at dmart,4838.91,Grocery
2025-12-29,transaction at noise,128986.65,Electronics
2025-11-21,transaction at jiomart,3995.22,Grocery
2025-10-24,transaction at a2b,901.05,Food
2025-05-20,transaction at vodafone idea,1097.54,Bills
2025-03-25,transaction at dominos,1021.76,Food
2025-03-09,transaction at aha,491.77,Entertainment
2025-01-20,transaction at apple music,731.05,Entertainment
2025-05-22,transaction at fortis,13964.06,Healthcare
2025-06-10,transaction at apollo hospital,6206.94,Healthcare
2025-11-29,transaction at pharmeasy,17278.72,Healthcare
2025-05-11,transaction at redbus,514.37,Transport
2025-11-25,transaction at mi store,106950.42,Electronics
2025-08-12,transaction at jio fiber,2972.85,Bills
2025-10-26,transaction at dominos,1196.77,Food
2025-05-12,transaction at levis,2807.18,Clothing
2025-12-03,transaction at ajio,984.38,Online Shopping
2025-03-08,transaction at yatra,13349.42,Travel
2025-04-26,transaction at yatra,1268.84,Travel
2025-06-27,transaction at taco bell,686.29,Food
2025-04-19,transaction at tsrtc,1643.41,Transport
2025-05-24,transaction at bsnl,2566.06,Bills
2025-11-22,transaction at pantaloons,6753.37,Clothing
2025-05-17,transaction at gas agency,4575.96,Bills
2025-02-10,transaction at metro rail,708.24,Transport
2025-08-30,transaction at bmtc,717.24,Transport
2025-09-25,transaction at lenskart,2288.3,Online Shopping
2025-02-10,transaction at meru cabs,1775.92,Transport
2025-10-23,transaction at fortis,3913.41,Healthcare
2025-02-15,transaction at star bazaar,3719.22,Grocery
2025-09-15,transaction at nature's basket,4077.1,Grocery
2025-09-26,transaction at meesho,7650.33,Online Shopping
2025-09-02,transaction at croma,33395.76,Electronics
2025-01-04,transaction at chai point,1292.15,Food
2025-10-09,transaction at meru cabs,217.47,Transport
2025-10-03,transaction at mcdonalds,866.95,Food
2025-02-07,transaction at bmtc,1326.27,Transport
2025-09-27,transaction at spencers,4234.16,Grocery
2025-09-09,transaction at metro rail,1540.62,Transport
2025-10-10,transaction at ajio,8571.36,Online Shopping
2025-03-01,transaction at tata cliq,3449.18,Online Shopping
2025-02-13,transaction at asus store,121932.04,Electronics
2025-06-11,transaction at taco bell,854.95,Food
2025-02-11,transaction at reliance fresh,609.77,Grocery
2025-06-26,transaction at netflix,334.77,Entertainment
2025-03-31,transaction at yulu bikes,743.49,Transport
2025-04-04,transaction at amazon,9255.34,Online Shopping
2025-09-27,transaction at tneb,4815.99,Bills
2025-12-22,transaction at bmtc,1069.34,Transport
2025-10-18,transaction at max fashion,6022.16,Clothing
2025-05-12,transaction at netmeds,13424.06,Healthcare
2025-08-25,transaction at 1mg,7053.85,Healthcare
2025-03-09,transaction at vodafone idea,1271.83,Bills
2025-07-02,transaction at puma,3591.8,Clothing
2025-09-12,transaction at subway,112.38,Food
2025-02-01,transaction at tneb,3153.35,Bills
2025-05-25,transaction at wrogn,5714.56,Clothing
2025-10-04,transaction at puma,3707.8,Clothing
2025-05-20,transaction at sony center,133651.65,Electronics
2025-06-27,transaction at snapdeal,9010.39,Online Shopping
2025-02-26,transaction at mi store,79609.54,Electronics
2025-10-08,transaction at zee5,472.16,Entertainment
2025-06-12,transaction at aha,796.06,Entertainment
2025-01-31,transaction at tata cliq,2285.42,Online Shopping
2025-07-02,transaction at chai point,709.31,Food
2025-02-14,transaction at asus store,4384.42,Electronics
2025-11-12,transaction at netmeds,3336.29,Healthcare
2025-04-11,transaction at vodafone idea,2277.77,Bills
2025-05-18,transaction at pizza hut,848.22,Food
2025-09-11,transaction at h&m,1058.36,Clothing
2025-02-26,transaction at gaana,312.8,Entertainment
2025-09-04,transaction at star bazaar,1518.47,Grocery
2025-07-11,transaction at metro rail,768.79,Transport
2025-05-24,transaction at tsrtc,682.38,Transport
2025-09-28,transaction at rapido,631.03,Transport
2025-12-30,transaction at nature's basket,4822.0,Grocery
2025-10-30,transaction at kauvery,10823.94,Healthcare
2025-05-02,transaction at air india,7302.97,Travel
2025-08-07,transaction at max fashion,7332.71,Clothing
2025-05-04,transaction at croma,9276.48,Electronics
2025-05-05,transaction at spencers,3718.52,Grocery
2025-04-16,transaction at subway,1429.62,Food
2025-04-05,transaction at puma,2300.14,Clothing
2025-02-18,transaction at boat lifestyle,21654.08,Electronics
2025-05-19,transaction at water board,5542.92,Bills
2025-03-22,transaction at yulu bikes,381.22,Transport
2025-01-31,transaction at goibibo,11301.57,Travel
2025-02-22,transaction at ccd,1463.42,Food
2025-07-11,transaction at snapdeal,12752.76,Online Shopping
2025-08-07,transaction at ajio,11678.53,Online Shopping
2025-07-13,transaction at aster,6219.35,Healthcare
2025-09-13,transaction at flipkart,3482.55,Online Shopping
2025-06-10,transaction at aha,985.58,Entertainment
2025-09-16,transaction at dmart,3347.57,Grocery
2025-12-28,transaction at vistara,4848.69,Travel
2025-02-28,transaction at allen solly,3820.0,Clothing
2025-07-25,transaction at burger king,1294.08,Food
2025-06-13,transaction at makemytrip,2098.0,Travel
2025-07-31,transaction at flipkart,7043.25,Online Shopping
2025-09-05,transaction at taco bell,1025.1,Food
2025-05-28,transaction at spencers,2859.32,Grocery
2025-01-23,transaction at apple store,95277.88,Electronics
2025-03-23,transaction at rapido,1201.88,Transport
2025-11-01,transaction at jio fiber,3635.3,Bills
2025-01-26,transaction at apple music,769.82,Entertainment
2025-07-19,transaction at hotstar,434.12,Entertainment
2025-12-13,transaction at snapdeal,11038.23,Online Shopping
2025-09-06,transaction at saravana bhavan,156.61,Food
2025-02-16,transaction at makemytrip,1443.82,Travel
2025-04-05,transaction at airtel,984.73,Bills
2025-02-23,transaction at gas agency,560.67,Bills
2025-06-22,transaction at air india,21037.92,Travel
2025-12-17,transaction at airasia,12100.86,Travel
2025-07-17,transaction at uber,475.67,Transport
2025-04-03,transaction at snapdeal,15996.31,Online Shopping
2025-04-13,transaction at jio fiber,5160.12,Bills
2025-05-14,transaction at amazon,2699.64,Online Shopping
2025-10-19,transaction at nilgiris,3228.48,Grocery
2025-01-29,transaction at nykaa,3568.12,Online Shopping
2025-04-17,transaction at yatra,6762.3,Travel
2025-06-24,transaction at dmart,544.78,Grocery
2025-04-15,transaction at taco bell,1101.8,Food
2025-02-13,transaction at taco bell,1128.29,Food
2025-04-06,transaction at makemytrip,19134.58,Travel
2025-03-18,transaction at ola,1018.39,Transport
2025-10-26,transaction at makemytrip,19742.44,Travel
2025-10-04,transaction at youtube premium,187.03,Entertainment
2025-04-28,transaction at kfc,127.36,Food
2025-11-23,transaction at nike,1858.95,Clothing
2025-12-20,transaction at ola,250.63,Transport
2025-02-08,transaction at flipkart,10418.07,Online Shopping
2025-09-05,transaction at aha,985.74,Entertainment
2025-04-11,transaction at bsnl,4636.66,Bills
2025-03-20,transaction at metro rail,951.47,Transport
2025-11-19,transaction at taco bell,666.0,Food
2025-02-22,transaction at apollo pharmacy,11745.45,Healthcare
2025-04-13,transaction at medplus,858.86,Healthcare
2025-08-31,transaction at tata cliq,11207.32,Online Shopping
2025-09-26,transaction at dmart,1184.05,Grocery
2025-04-10,transaction at allen solly,4320.01,Clothing
2025-04-28,transaction at hp world,22432.73,Electronics
2025-08-04,transaction at wrogn,4555.97,Clothing
2025-02-06,transaction at pantaloons,1907.9,Clothing
2025-03-02,transaction at biba,7375.27,Clothing
2025-03-30,transaction at meesho,669.53,Online Shopping
2025-05-08,transaction at ola,1492.62,Transport
2025-04-11,transaction at noise,148868.42,Electronics
2025-09-18,transaction at flipkart,11522.58,Online Shopping
2025-12-21,transaction at zee5,213.02,Entertainment
2025-06-08,transaction at spotify,187.67,Entertainment
2025-01-23,transaction at croma,126129.14,Electronics
2025-04-30,transaction at asus store,121321.31,Electronics
2025-04-28,transaction at us polo,2102.39,Clothing
2025-08-20,transaction at noise,144680.84,Electronics
2025-09-22,transaction at oyo,19247.19,Travel
2025-07-20,transaction at metro rail,979.18,Transport
2025-03-25,transaction at taco bell,156.73,Food
2025-02-18,transaction at us polo,1931.64,Clothing
2025-04-08,transaction at airtel,5832.54,Bills
2025-08-28,transaction at bmtc,1315.55,Transport
2025-02-09,transaction at nature's basket,797.81,Grocery
2025-11-10,transaction at burger king,406.97,Food
2025-11-09,transaction at gas agency,2512.27,Bills
2025-06-25,transaction at saravana bhavan,717.19,Food
2025-10-07,transaction at redbus,1214.72,Transport
2025-08-07,transaction at apple store,83700.47,Electronics
2025-04-16,transaction at tata cliq,5446.09,Online Shopping
2025-10-01,transaction at subway,786.96,Food
2025-05-10,transaction at gas agency,406.24,Bills
2025-12-20,transaction at dell exclusive,26880.08,Electronics
2025-12-26,transaction at tsrtc,1965.21,Transport
2025-06-23,transaction at fortis,2743.05,Healthcare
2025-04-04,transaction at air india,26089.3,Travel
2025-03-30,transaction at burger king,480.62,Food
2025-08-23,transaction at 1mg,11963.5,Healthcare
2025-03-06,transaction at bigbazaar,4701.17,Grocery
2025-02-14,transaction at fortis,12457.2,Healthcare
2025-12-02,transaction at youtube premium,151.27,Entertainment
2025-09-25,transaction at zee5,382.06,Entertainment
2025-03-21,transaction at apple store,31672.53,Electronics
2025-08-18,transaction at gas agency,5258.43,Bills
2025-06-06,transaction at meru cabs,515.45,Transport
2025-02-05,transaction at meesho,13971.68,Online Shopping
2025-03-16,transaction at uber,758.94,Transport
2025-07-18,transaction at indigo,22948.03,Travel
2025-04-03,transaction at oneplus,58886.94,Electronics
2025-03-06,transaction at gas agency,4427.04,Bills
2025-09-08,transaction at kauvery,2023.07,Healthcare
2025-10-18,transaction at apollo pharmacy,12768.23,Healthcare
2025-03-01,transaction at tneb,1569.14,Bills
2025-03-18,transaction at jio fiber,2957.84,Bills
2025-12-10,transaction at redbus,1883.94,Transport
2025-01-20,transaction at bigbazaar,3055.25,Grocery
2025-08-10,transaction at dmart,4970.88,Grocery
2025-11-15,transaction at levis,2678.87,Clothing
2025-10-22,transaction at property tax online,2159.24,Bills
2025-11-28,transaction at lenskart,1610.55,Online Shopping
2025-11-20,transaction at lenskart,6367.17,Online Shopping
2025-07-10,transaction at apple store,45072.31,Electronics
2025-12-10,transaction at saravana bhavan,262.16,Food
2025-06-15,transaction at spotify,457.0,Entertainment
2025-05-18,transaction at airasia,23295.11,Travel
2025-08-17,transaction at pharmeasy,16371.8,Healthcare
2025-06-23,transaction at airasia,8726.51,Travel
2025-08-28,transaction at pantaloons,1107.1,Clothing
2025-03-31,transaction at meru cabs,469.3,Transport
2025-07-21,transaction at medplus,16339.95,Healthcare
2025-10-17,transaction at tneb,3073.97,Bills
2025-03-29,transaction at aha,895.9,Entertainment
2025-03-15,transaction at samsung store,55623.48,Electronics
2025-08-12,transaction at snapdeal,8853.21,Online Shopping
2025-07-16,transaction at apple store,77660.99,Electronics
2025-07-02,transaction at pepperfry,16910.2,Online Shopping
2025-04-12,transaction at allen solly,3472.43,Clothing
2025-10-06,transaction at nature's basket,1267.28,Grocery
2025-06-23,transaction at ola,1504.8,Transport
2025-03-13,transaction at woodland,6784.91,Clothing
2025-05-26,transaction at airasia,17359.09,Travel
2025-08-10,transaction at allen solly,2073.43,Clothing
2025-09-07,transaction at vistara,21249.98,Travel
2025-10-14,transaction at goibibo,637.01,Travel
2025-03-16,transaction at meesho,13379.74,Online Shopping
2025-07-08,transaction at indigo,645.72,Travel
2025-09-02,transaction at samsung store,131791.02,Electronics
2025-02-08,transaction at air india,17890.12,Travel
2025-05-25,transaction at property tax online,904.58,Bills
2025-06-17,transaction at redbus,1838.98,Transport
2025-08-25,transaction at pharmeasy,12568.29,Healthcare
2025-09-18,transaction at burger king,862.68,Food
2025-03-04,transaction at biba,703.04,Clothing
2025-08-18,transaction at airasia,5058.31,Travel
2025-06-23,transaction at tata cliq,14791.89,Online Shopping
2025-12-21,transaction at starbucks,315.03,Food
2025-01-09,transaction at puma,5912.64,Clothing
2025-02-18,transaction at reliance digital,19881.19,Electronics
2025-04-19,transaction at fortis,17319.26,Healthcare
2025-04-23,transaction at irctc,14184.12,Travel
2025-09-06,transaction at goibibo,17686.79,Travel
2025-04-23,transaction at dmart,2993.96,Grocery
2025-05-20,transaction at kauvery,12846.82,Healthcare
2025-03-14,transaction at biba,6330.6,Clothing
2025-04-07,transaction at pharmeasy,17378.93,Healthcare
2025-08-14,transaction at allen solly,3444.23,Clothing
2025-08-27,transaction at us polo,1911.73,Clothing
2025-01-19,transaction at zee5,364.94,Entertainment
2025-05-10,transaction at tata cliq,8315.83,Online Shopping
2025-05-25,transaction at airtel,2374.79,Bills
2025-04-05,transaction at nike,6706.76,Clothing
2025-09-22,transaction at more supermarket,4944.64,Grocery
2025-08-17,transaction at kfc,356.24,Food
2025-01-24,transaction at tneb,570.26,Bills
2025-08-28,transaction at ajio,4660.59,Online Shopping
2025-01-12,transaction at chai point,362.03,Food
2025-07-12,transaction at yulu bikes,1258.32,Transport
2025-12-27,transaction at irctc,9349.01,Travel
2025-04-14,transaction at h&m,4321.91,Clothing
2025-02-24,transaction at ajio,5767.52,Online Shopping
2025-08-05,transaction at more supermarket,1707.0,Grocery
2025-09-08,transaction at irctc,25260.5,Travel
2025-01-30,transaction at bsnl,5054.85,Bills
2025-11-26,transaction at croma,13015.63,Electronics
2025-02-24,transaction at hotstar,738.66,Entertainment
2025-08-15,transaction at vistara,9939.41,Travel
2025-04-20,transaction at uber,1095.32,Transport
2025-01-24,transaction at mi store,79557.35,Electronics
2025-06-28,transaction at sonyliv,877.0,Entertainment
2025-04-11,transaction at airasia,7733.8,Travel
2025-08-30,transaction at boat lifestyle,14131.39,Electronics
2025-07-19,transaction at starbucks,651.01,Food
2025-09-20,transaction at sonyliv,447.98,Entertainment
2025-03-10,transaction at tneb,2869.21,Bills
2025-12-20,transaction at us polo,7351.62,Clothing
2025-01-18,transaction at goibibo,18781.06,Travel
2025-03-18,transaction at barbeque nation,1079.56,Food
2025-06-10,transaction at a2b,994.3,Food
2025-06-01,transaction at lenskart,19174.23,Online Shopping
2025-08-11,transaction at bsnl,1052.35,Bills
2025-04-08,transaction at snapdeal,15641.11,Online Shopping
2025-01-25,transaction at jio fiber,2232.88,Bills
2025-02-13,transaction at noise,146242.21,Electronics
2025-11-12,transaction at indigo,17614.68,Travel
2025-05-07,transaction at zara,6593.23,Clothing
2025-06-19,transaction at nature's basket,4591.08,Grocery
2025-07-20,transaction at bigbazaar,4652.42,Grocery
2025-07-07,transaction at subway,207.38,Food
2025-12-06,transaction at uber,277.66,Transport
2025-10-17,transaction at star bazaar,1226.08,Grocery
2025-06-21,transaction at yulu bikes,1859.92,Transport
2025-03-09,transaction at reliance digital,59539.88,Electronics
2025-09-22,transaction at cream stone,385.89,Food
2025-09-03,transaction at yatra,24862.99,Travel
2025-03-26,transaction at apple store,4672.95,Electronics
2025-08-15,transaction at flipkart,8857.51,Online Shopping
2025-11-07,transaction at levis,5773.41,Clothing
2025-01-20,transaction at amazon prime,345.99,Entertainment
2025-06-14,transaction at a2b,235.68,Food
2025-03-10,transaction at gaana,745.12,Entertainment
2025-06-07,transaction at zee5,835.25,Entertainment
2025-05-18,transaction at ola,1815.79,Transport
2025-04-15,transaction at aster,9395.38,Healthcare
2025-05-12,transaction at air india,20586.06,Travel
2025-12-10,transaction at pepperfry,10360.62,Online Shopping
2025-06-05,transaction at airasia,24792.07,Travel
2025-04-21,transaction at nature's basket,3824.03,Grocery
2025-06-01,transaction at spencers,3509.88,Grocery
2025-06-22,transaction at indigo,27326.08,Travel
2025-01-17,transaction at wrogn,6973.86,Clothing
2025-04-20,transaction at apple store,94947.9,Electronics
2025-08-18,transaction at redbus,776.13,Transport
2025-04-17,transaction at max fashion,2863.36,Clothing
2025-09-10,transaction at myntra,10413.28,Online Shopping
2025-07-17,transaction at oyo,2967.06,Travel
2025-04-20,transaction at ola,920.01,Transport
2025-12-11,transaction at airasia,24876.32,Travel
2025-06-14,transaction at vodafone idea,5276.3,Bills
2025-04-20,transaction at chai point,146.59,Food
2025-03-22,transaction at act fibernet,3449.75,Bills
2025-08-20,transaction at mi store,61262.59,Electronics
2025-11-03,transaction at apollo pharmacy,19959.97,Healthcare
2025-04-29,transaction at mcdonalds,1191.74,Food
2025-11-19,transaction at aha,530.69,Entertainment
2025-06-21,transaction at woodland,2503.3,Clothing
2025-09-15,transaction at barbeque nation,1161.55,Food
2025-05-12,transaction at apple music,212.79,Entertainment
2025-05-11,transaction at medplus,16518.09,Healthcare
2025-02-05,transaction at nature's basket,1105.22,Grocery
2025-04-13,transaction at metro rail,497.67,Transport
2025-01-25,transaction at goibibo,28534.39,Travel
2025-05-18,transaction at netmeds,17752.72,Healthcare
2025-04-13,transaction at oyo,11901.64,Travel
2025-11-29,transaction at puma,3538.15,Clothing
2025-08-04,transaction at amazon prime,801.64,Entertainment
2025-06-29,transaction at burger king,674.68,Food
2025-12-31,transaction at star bazaar,1222.79,Grocery
2025-06-07,transaction at netflix,744.82,Entertainment
2025-05-23,transaction at youtube premium,152.7,Entertainment
2025-10-24,transaction at croma,7645.24,Electronics
2025-08-20,transaction at paradise biryani,1206.33,Food
2025-08-12,transaction at spotify,521.01,Entertainment
2025-04-15,transaction at lenskart,4339.9,Online Shopping
2025-12-19,transaction at samsung store,85147.97,Electronics
2025-12-21,transaction at tata cliq,19129.99,Online Shopping
2025-01-04,transaction at airtel,708.03,Bills
2025-06-09,transaction at water board,1846.73,Bills
2025-09-06,transaction at nike,2003.49,Clothing
2025-09-14,transaction at indigo,10977.16,Travel
2025-09-16,transaction at airasia,5006.35,Travel
2025-11-30,transaction at property tax online,4281.98,Bills
2025-07-15,transaction at nilgiris,3147.08,Grocery
2025-10-13,transaction at zee5,210.54,Entertainment
2025-04-26,transaction at oneplus,109124.13,Electronics
2025-10-26,transaction at airasia,8681.09,Travel
2025-01-14,transaction at apple music,133.0,Entertainment
2025-11-01,transaction at sonyliv,279.45,Entertainment
2025-10-11,transaction at spotify,316.46,Entertainment
2025-03-05,transaction at cloudnine,9430.09,Healthcare
2025-05-03,transaction at jio fiber,5264.96,Bills
2025-04-30,transaction at vivo store,25307.36,Electronics
2025-05-04,transaction at property tax online,3894.78,Bills
2025-08-12,transaction at spencers,1099.24,Grocery
2025-05-19,transaction at tsrtc,504.93,Transport
2025-09-18,transaction at zee5,800.61,Entertainment
2025-12-05,transaction at cloudnine,10377.31,Healthcare
2025-10-09,transaction at puma,5481.39,Clothing
2025-04-06,transaction at oneplus,101717.97,Electronics
2025-04-02,transaction at jio fiber,463.68,Bills
2025-02-06,transaction at tneb,2588.63,Bills
2025-12-10,transaction at hp world,100023.31,Electronics
2025-09-18,transaction at cloudnine,4551.49,Healthcare
2025-08-21,transaction at booking.com,15255.35,Travel
2025-11-21,transaction at mi store,53497.25,Electronics
2025-08-03,transaction at levis,4003.98,Clothing
2025-06-10,transaction at burger king,402.31,Food
2025-09-07,transaction at meru cabs,1178.49,Transport
2025-03-21,transaction at property tax online,2686.5,Bills
2025-11-14,transaction at reliance digital,71195.72,Electronics
2025-02-10,transaction at meesho,2899.28,Online Shopping
2025-12-16,transaction at ola,1868.42,Transport
2025-08-08,transaction at boat lifestyle,106877.23,Electronics
2025-01-01,transaction at jiomart,4198.03,Grocery
2025-05-16,transaction at gaana,661.85,Entertainment
2025-07-04,transaction at meru cabs,1603.79,Transport
2025-01-18,transaction at dell exclusive,39239.39,Electronics
2025-06-16,transaction at ola,1425.93,Transport
2025-01-01,transaction at bmtc,863.68,Transport
2025-02-08,transaction at woodland,1934.4,Clothing
2025-11-07,transaction at nykaa,13298.55,Online Shopping
2025-05-25,transaction at croma,41636.74,Electronics
2025-02-10,transaction at snapdeal,5128.82,Online Shopping
2025-10-02,transaction at h&m,533.58,Clothing
2025-05-18,transaction at meru cabs,677.19,Transport
2025-10-19,transaction at barbeque nation,986.27,Food
2025-06-15,transaction at sonyliv,579.93,Entertainment
2025-04-06,transaction at max fashion,4405.96,Clothing
2025-03-24,transaction at levis,4233.95,Clothing
2025-03-19,transaction at apollo pharmacy,3794.16,Healthcare
2025-03-27,transaction at cream stone,585.17,Food
2025-11-24,transaction at starbucks,624.66,Food
2025-12-27,transaction at vistara,14448.81,Travel
2025-11-01,transaction at samsung store,75811.51,Electronics
2025-09-25,transaction at apple store,60321.93,Electronics
2025-12-12,transaction at fortis,5244.13,Healthcare
2025-11-06,transaction at booking.com,23541.71,Travel
2025-03-15,transaction at ajio,7219.14,Online Shopping
2025-07-02,transaction at gas agency,2143.18,Bills
2025-05-19,transaction at mcdonalds,1357.82,Food
2025-06-18,transaction at reliance fresh,631.66,Grocery
2025-08-18,transaction at nilgiris,3747.49,Grocery
2025-10-19,transaction at ajio,7304.85,Online Shopping
2025-05-01,transaction at ola,1301.46,Transport
2025-12-17,transaction at h&m,6003.79,Clothing
2025-10-30,transaction at aster,6794.18,Healthcare
2025-08-04,transaction at pharmeasy,9959.83,Healthcare
2025-08-21,transaction at dmart,743.28,Grocery
2025-08-01,transaction at act fibernet,5473.5,Bills
2025-07-07,transaction at lenskart,17938.78,Online Shopping
2025-08-02,transaction at vivo store,5518.31,Electronics
2025-03-28,transaction at airtel,4150.14,Bills
2025-09-10,transaction at hp world,70563.64,Electronics
2025-07-17,transaction at allen solly,5934.38,Clothing
2025-11-17,transaction at puma,2905.34,Clothing
2025-12-21,transaction at tata cliq,1327.8,Online Shopping
2025-05-27,transaction at barbeque nation,516.9,Food
2025-06-02,transaction at jiomart,1855.0,Grocery
2025-02-20,transaction at jiomart,3888.84,Grocery
2025-06-10,transaction at apple music,483.05,Entertainment
2025-01-21,transaction at vodafone idea,2115.45,Bills
2025-06-25,transaction at irctc,11331.33,Travel
2025-04-11,transaction at aha,533.35,Entertainment
2025-06-27,transaction at spotify,360.35,Entertainment
2025-09-23,transaction at sonyliv,232.65,Entertainment
2025-12-27,transaction at jio fiber,3207.65,Bills
2025-09-02,transaction at apple store,3476.77,Electronics
2025-03-28,transaction at property tax online,4012.24,Bills
2025-09-27,transaction at property tax online,1936.0,Bills
2025-07-04,transaction at netmeds,5336.76,Healthcare
2025-09-18,transaction at ola,1857.53,Transport
2025-05-11,transaction at sonyliv,198.05,Entertainment
2025-11-17,transaction at fortis,17672.44,Healthcare
2025-10-08,transaction at levis,4202.97,Clothing
2025-08-12,transaction at property tax online,979.6,Bills
2025-07-17,transaction at starbucks,776.43,Food
2025-09-24,transaction at kauvery,17378.77,Healthcare
2025-08-31,transaction at flipkart,4289.96,Online Shopping
2025-04-03,transaction at nykaa,3313.93,Online Shopping
2025-03-28,transaction at woodland,5596.62,Clothing
2025-10-03,transaction at us polo,2799.37,Clothing
2025-10-23,transaction at dominos,1252.43,Food
2025-04-07,transaction at meru cabs,397.79,Transport
2025-11-07,transaction at snapdeal,10606.63,Online Shopping
2025-12-30,transaction at vistara,20544.69,Travel
2025-03-21,transaction at spotify,299.37,Entertainment
2025-11-21,transaction at flipkart,19113.45,Online Shopping
2025-08-28,transaction at reliance fresh,2938.68,Grocery
2025-09-08,transaction at snapdeal,1629.64,Online Shopping
2025-01-17,transaction at puma,7885.96,Clothing
2025-02-11,transaction at makemytrip,24570.52,Travel
2025-04-27,transaction at apollo hospital,9751.27,Healthcare
2025-06-17,transaction at tata cliq,13236.22,Online Shopping
2025-05-18,transaction at flipkart,6497.12,Online Shopping
2025-06-01,transaction at croma,14756.78,Electronics
2025-12-11,transaction at dell exclusive,54113.41,Electronics
2025-12-09,transaction at asus store,10251.95,Electronics
2025-02-10,transaction at sonyliv,774.96,Entertainment
2025-12-13,transaction at snapdeal,19841.89,Online Shopping
2025-01-20,transaction at airasia,14181.93,Travel
2025-08-24,transaction at vodafone idea,2018.63,Bills
2025-08-28,transaction at more supermarket,3808.69,Grocery
2025-01-30,transaction at flipkart,6495.11,Online Shopping
2025-06-05,transaction at netmeds,18283.93,Healthcare
2025-11-12,transaction at metro rail,1479.82,Transport
2025-08-22,transaction at redbus,1976.82,Transport
2025-02-15,transaction at dell exclusive,43427.79,Electronics
2025-10-21,transaction at gas agency,2230.57,Bills
2025-02-19,transaction at vistara,18118.68,Travel
2025-07-11,transaction at jiomart,4493.99,Grocery
2025-03-14,transaction at amazon,11725.73,Online Shopping
2025-01-05,transaction at apollo pharmacy,11102.86,Healthcare
2025-11-21,transaction at croma,42058.8,Electronics
2025-04-11,transaction at rapido,1373.91,Transport
2025-12-17,transaction at snapdeal,438.2,Online Shopping
2025-10-24,transaction at nike,4961.49,Clothing
2025-06-15,transaction at kfc,893.4,Food
2025-10-04,transaction at spencers,1671.11,Grocery
2025-12-13,transaction at yulu bikes,1613.43,Transport
2025-04-26,transaction at myntra,10701.7,Online Shopping
2025-12-05,transaction at burger king,966.17,Food
2025-05-07,transaction at amazon prime,593.96,Entertainment
2025-10-11,transaction at sony center,50830.94,Electronics
2025-09-24,transaction at booking.com,26504.29,Travel
2025-03-05,transaction at spencers,4317.2,Grocery
2025-11-04,transaction at goibibo,9802.09,Travel
2025-05-25,transaction at oyo,26838.29,Travel
2025-05-30,transaction at bmtc,1683.14,Transport
2025-07-27,transaction at dmart,2974.49,Grocery
2025-04-28,transaction at medplus,1510.32,Healthcare
2025-09-09,transaction at nilgiris,2332.17,Grocery
2025-01-08,transaction at medplus,3800.8,Healthcare
2025-11-26,transaction at sony center,73315.08,Electronics
2025-02-06,transaction at tsrtc,1597.16,Transport
2025-04-20,transaction at nykaa,5447.06,Online Shopping
2025-08-30,transaction at apollo pharmacy,1776.72,Healthcare
2025-02-01,transaction at booking.com,16696.36,Travel
2025-02-05,transaction at star bazaar,3796.5,Grocery
2025-12-31,transaction at rapido,1280.04,Transport
2025-03-03,transaction at spencers,3591.6,Grocery
2025-03-24,transaction at property tax online,5538.89,Bills
2025-01-05,transaction at kfc,1341.92,Food
2025-02-25,transaction at pantaloons,4959.44,Clothing
2025-02-28,transaction at flipkart,3373.93,Online Shopping
2025-01-08,transaction at hotstar,573.75,Entertainment
2025-04-09,transaction at meru cabs,766.8,Transport
2025-05-14,transaction at goibibo,29218.23,Travel
2025-05-11,transaction at zee5,907.87,Entertainment
2025-02-27,transaction at fortis,14786.29,Healthcare
2025-09-02,transaction at tata cliq,6012.98,Online Shopping
2025-03-20,transaction at redbus,1992.82,Transport
2025-07-17,transaction at amazon prime,332.2,Entertainment
2025-12-04,transaction at reliance fresh,1521.79,Grocery
2025-01-15,transaction at starbucks,902.28,Food
2025-08-24,transaction at kauvery,7750.85,Healthcare
2025-09-04,transaction at oyo,16201.24,Travel
2025-01-13,transaction at allen solly,7152.43,Clothing
2025-06-10,transaction at dell exclusive,142618.89,Electronics
2025-06-22,transaction at vivo store,40569.73,Electronics
2025-05-10,transaction at apollo pharmacy,758.12,Healthcare
2025-10-07,transaction at asus store,146738.13,Electronics
2025-07-25,transaction at subway,306.57,Food
2025-04-08,transaction at aha,697.69,Entertainment
2025-09-21,transaction at snapdeal,19363.84,Online Shopping
2025-04-20,transaction at ccd,419.02,Food
2025-04-16,transaction at pizza hut,1476.81,Food
2025-03-22,transaction at nilgiris,1524.09,Grocery
2025-06-02,transaction at jio fiber,5625.53,Bills
2025-02-25,transaction at apple music,611.35,Entertainment
2025-07-21,transaction at yulu bikes,770.03,Transport
2025-10-24,transaction at fortis,18682.5,Healthcare
2025-03-08,transaction at hp world,5691.5,Electronics
2025-09-02,transaction at vivo store,133751.8,Electronics
2025-12-14,transaction at asus store,29241.25,Electronics
2025-08-16,transaction at ccd,699.11,Food
2025-12-23,transaction at meesho,16181.58,Online Shopping
2025-04-13,transaction at metro rail,349.23,Transport
2025-12-18,transaction at more supermarket,2250.23,Grocery
2025-08-01,transaction at boat lifestyle,111657.94,Electronics
2025-03-30,transaction at makemytrip,3404.91,Travel
2025-05-13,transaction at yulu bikes,58.21,Transport
2025-12-23,transaction at rapido,1121.25,Transport
2025-01-26,transaction at 1mg,3969.59,Healthcare
2025-05-04,transaction at starbucks,379.02,Food
2025-08-31,transaction at more supermarket,3539.05,Grocery
2025-02-23,transaction at goibibo,16573.84,Travel
2025-01-19,transaction at sony center,91298.76,Electronics
2025-11-19,transaction at ccd,564.1,Food
2025-11-16,transaction at reliance digital,112761.81,Electronics
2025-11-22,transaction at barbeque nation,590.7,Food
2025-03-26,transaction at apollo hospital,17138.8,Healthcare
2025-03-07,transaction at flipkart,1208.77,Online Shopping
2025-12-26,transaction at max fashion,4704.32,Clothing
2025-05-06,transaction at tata cliq,4419.55,Online Shopping
2025-02-17,transaction at pharmeasy,18212.65,Healthcare
2025-02-12,transaction at bmtc,1216.73,Transport
2025-12-01,transaction at more supermarket,3510.13,Grocery
2025-05-09,transaction at apple music,746.94,Entertainment
2025-01-21,transaction at star bazaar,1564.4,Grocery
2025-05-12,transaction at vodafone idea,4962.2,Bills
2025-05-08,transaction at airasia,8077.37,Travel
2025-01-19,transaction at nature's basket,949.03,Grocery
2025-03-29,transaction at flipkart,18660.5,Online Shopping
2025-05-28,transaction at wrogn,2384.26,Clothing
2025-12-12,transaction at gaana,278.6,Entertainment
2025-01-08,transaction at netmeds,12054.54,Healthcare
2025-06-05,transaction at meesho,16205.38,Online Shopping
2025-02-21,transaction at oneplus,31426.39,Electronics
2025-02-19,transaction at yulu bikes,1346.99,Transport
2025-10-04,transaction at rapido,551.16,Transport
2025-12-13,transaction at pizza hut,457.46,Food
2025-08-19,transaction at taco bell,1134.06,Food
2025-06-08,transaction at netmeds,17521.91,Healthcare
2025-08-18,transaction at pantaloons,4472.88,Clothing
2025-06-23,transaction at redbus,1868.12,Transport
2025-02-17,transaction at yulu bikes,1794.84,Transport
2025-02-10,transaction at myntra,1998.59,Online Shopping
2025-08-25,transaction at yulu bikes,156.58,Transport
2025-12-08,transaction at allen solly,4020.62,Clothing
2025-08-28,transaction at nykaa,9761.19,Online Shopping
2025-01-25,transaction at tsrtc,1059.18,Transport
2025-11-05,transaction at yatra,14735.1,Travel
2025-08-21,transaction at tneb,214.21,Bills
2025-10-19,transaction at zee5,226.41,Entertainment
2025-10-24,transaction at sony center,108636.9,Electronics
2025-03-10,transaction at starbucks,1190.86,Food
2025-07-13,transaction at oneplus,65327.02,Electronics
2025-06-18,transaction at flipkart,9329.62,Online Shopping
2025-11-09,transaction at airasia,27648.16,Travel
2025-12-02,transaction at cloudnine,8938.66,Healthcare
2025-04-22,transaction at wrogn,3593.32,Clothing
2025-07-20,transaction at aster,11829.28,Healthcare
2025-05-13,transaction at spotify,588.71,Entertainment
2025-01-28,transaction at biba,6814.87,Clothing
2025-06-04,transaction at more supermarket,2624.97,Grocery
2025-01-22,transaction at zee5,377.51,Entertainment
2025-09-22,transaction at samsung store,64099.81,Electronics
2025-09-03,transaction at apollo hospital,18800.89,Healthcare
2025-05-02,transaction at oyo,2631.1,Travel
2025-04-22,transaction at yulu bikes,1071.05,Transport
2025-11-07,transaction at levis,4222.91,Clothing
2025-01-15,transaction at aha,604.52,Entertainment
2025-11-17,transaction at meesho,13075.62,Online Shopping
2025-03-13,transaction at pepperfry,16551.34,Online Shopping
2025-03-16,transaction at ola,1427.04,Transport
2025-01-19,transaction at oyo,1940.09,Travel
2025-11-14,transaction at reliance digital,136347.98,Electronics
2025-08-17,transaction at makemytrip,10656.22,Travel
2025-06-14,transaction at samsung store,20693.81,Electronics
2025-03-30,transaction at burger king,555.57,Food
2025-05-22,transaction at meesho,3311.49,Online Shopping
2025-10-08,transaction at zee5,876.44,Entertainment
2025-01-09,transaction at metro rail,1552.86,Transport
2025-08-13,transaction at pantaloons,1512.62,Clothing
2025-09-14,transaction at bigbazaar,1358.81,Grocery
2025-11-09,transaction at gas agency,4209.88,Bills
2025-03-22,transaction at vodafone idea,2730.7,Bills
2025-07-06,transaction at ccd,187.17,Food
2025-08-16,transaction at airtel,579.33,Bills
2025-03-31,transaction at tata cliq,3100.59,Online Shopping
2025-01-29,transaction at meru cabs,1065.72,Transport
2025-03-07,transaction at nike,6887.11,Clothing
2025-09-19,transaction at youtube premium,464.95,Entertainment
2025-04-18,transaction at airtel,3779.62,Bills
2025-05-26,transaction at pantaloons,6064.11,Clothing
2025-06-17,transaction at lenskart,18827.87,Online Shopping
2025-07-10,transaction at yatra,3998.58,Travel
2025-04-25,transaction at indigo,15378.87,Travel
2025-06-14,transaction at asus store,87603.4,Electronics
2025-11-07,transaction at property tax online,3079.02,Bills
2025-10-21,transaction at bmtc,1856.49,Transport
2025-06-09,transaction at amazon,5998.78,Online Shopping
2025-06-01,transaction at aster,3567.41,Healthcare
2025-01-05,transaction at kauvery,7356.15,Healthcare
2025-01-14,transaction at spotify,956.58,Entertainment
2025-04-05,transaction at meru cabs,224.13,Transport
2025-10-29,transaction at biba,4869.52,Clothing
2025-06-18,transaction at uber,1321.72,Transport
2025-08-16,transaction at jio fiber,4509.38,Bills
2025-10-18,transaction at oyo,11403.35,Travel
2025-07-06,transaction at goibibo,9975.44,Travel
2025-03-12,transaction at mcdonalds,101.19,Food
2025-03-05,transaction at mcdonalds,1295.73,Food
2025-07-01,transaction at levis,7921.63,Clothing
2025-03-26,transaction at pharmeasy,4518.55,Healthcare
2025-06-30,transaction at gaana,881.06,Entertainment
2025-02-20,transaction at a2b,1397.71,Food
2025-11-15,transaction at amazon,15698.76,Online Shopping
2025-07-21,transaction at puma,4690.91,Clothing
2025-01-16,transaction at h&m,3174.31,Clothing
2025-01-04,transaction at tneb,2790.27,Bills
2025-12-02,transaction at us polo,721.31,Clothing
2025-08-16,transaction at zee5,684.52,Entertainment
2025-12-11,transaction at netmeds,12679.1,Healthcare
2025-06-13,transaction at starbucks,235.97,Food
2025-01-10,transaction at nykaa,10943.22,Online Shopping
2025-03-25,transaction at tsrtc,95.85,Transport
2025-02-22,transaction at ccd,1334.77,Food
2025-02-11,transaction at ola,1443.94,Transport
2025-01-28,transaction at youtube premium,436.49,Entertainment
2025-12-09,transaction at nature's basket,4463.2,Grocery
2025-09-25,transaction at redbus,342.33,Transport
2025-03-20,transaction at fortis,16618.39,Healthcare
2025-03-25,transaction at taco bell,158.22,Food
2025-09-07,transaction at indigo,26922.95,Travel
2025-07-28,transaction at aha,464.53,Entertainment
2025-07-05,transaction at cream stone,184.68,Food
2025-09-06,transaction at booking.com,28217.02,Travel
2025-01-30,transaction at act fibernet,3458.77,Bills
2025-11-04,transaction at apollo pharmacy,14977.82,Healthcare
2025-04-14,transaction at barbeque nation,325.84,Food
2025-06-10,transaction at 1mg,5188.11,Healthcare
2025-04-15,transaction at vodafone idea,1531.55,Bills
2025-11-02,transaction at act fibernet,2298.36,Bills
2025-03-22,transaction at taco bell,265.57,Food
2025-01-04,transaction at aha,806.63,Entertainment
2025-01-13,transaction at water board,714.35,Bills
2025-08-14,transaction at dmart,4601.75,Grocery
2025-07-16,transaction at netmeds,8106.51,Healthcare
2025-10-03,transaction at noise,5656.2,Electronics
2025-02-21,transaction at reliance fresh,387.06,Grocery
2025-03-24,transaction at cloudnine,18527.13,Healthcare
2025-07-21,transaction at noise,93905.18,Electronics
2025-12-28,transaction at meru cabs,282.2,Transport
2025-11-19,transaction at yatra,18348.41,Travel
2025-12-12,transaction at sony center,49365.94,Electronics
2025-11-17,transaction at goibibo,29528.36,Travel
2025-10-04,transaction at h&m,3253.37,Clothing
2025-03-23,transaction at subway,305.39,Food
2025-12-16,transaction at uber,1308.94,Transport
2025-07-24,transaction at tata cliq,6424.12,Online Shopping
2025-12-11,transaction at hp world,117914.18,Electronics
2025-04-20,transaction at star bazaar,4168.33,Grocery
2025-04-24,transaction at levis,919.54,Clothing
2025-07-01,transaction at starbucks,1299.4,Food
2025-11-27,transaction at meru cabs,1869.78,Transport
2025-04-24,transaction at more supermarket,4296.98,Grocery
2025-05-10,transaction at pepperfry,5600.21,Online Shopping
2025-04-30,transaction at amazon prime,605.85,Entertainment
2025-08-26,transaction at nature's basket,4344.64,Grocery
2025-02-06,transaction at tsrtc,822.96,Transport
2025-01-05,transaction at 1mg,19844.72,Healthcare
2025-12-16,transaction at nature's basket,4608.41,Grocery
2025-02-12,transaction at rapido,1473.56,Transport
2025-02-21,transaction at apollo pharmacy,7216.13,Healthcare
2025-12-08,transaction at aha,387.03,Entertainment
2025-02-20,transaction at taco bell,159.14,Food
2025-12-12,transaction at sony center,48510.78,Electronics
2025-12-11,transaction at vivo store,85106.06,Electronics
2025-12-01,transaction at dell exclusive,132931.55,Electronics
2025-05-06,transaction at kfc,1108.62,Food
2025-06-09,transaction at tsrtc,519.97,Transport
2025-09-18,transaction at jio fiber,2441.03,Bills
2025-01-23,transaction at fortis,13259.87,Healthcare
2025-07-05,transaction at gaana,650.74,Entertainment
2025-01-11,transaction at sony center,104523.78,Electronics
2025-01-11,transaction at woodland,6079.89,Clothing
2025-04-28,transaction at zara,2703.8,Clothing
2025-11-10,transaction at 1mg,7879.32,Healthcare
2025-04-06,transaction at spencers,1627.71,Grocery
2025-07-06,transaction at netmeds,19632.9,Healthcare
2025-12-31,transaction at zee5,528.51,Entertainment
2025-06-25,transaction at gaana,610.9,Entertainment
2025-09-01,transaction at metro rail,823.19,Transport
2025-02-22,transaction at booking.com,20276.02,Travel
2025-07-12,transaction at jio fiber,2002.39,Bills
2025-05-06,transaction at booking.com,26712.38,Travel
2025-08-15,transaction at barbeque nation,275.22,Food
2025-02-06,transaction at dmart,1736.28,Grocery
2025-08-06,transaction at 1mg,18844.4,Healthcare
2025-08-12,transaction at lenskart,3849.71,Online Shopping
2025-07-09,transaction at yulu bikes,1324.09,Transport
2025-04-15,transaction at amazon,9755.85,Online Shopping
2025-03-02,transaction at apollo hospital,2131.83,Healthcare
2025-11-03,transaction at ajio,13560.02,Online Shopping
2025-03-02,transaction at mi store,79100.36,Electronics
2025-04-07,transaction at kauvery,16796.61,Healthcare
2025-10-16,transaction at tneb,2424.56,Bills
2025-01-23,transaction at ajio,16502.88,Online Shopping
2025-12-05,transaction at snapdeal,288.35,Online Shopping
2025-05-13,transaction at subway,165.15,Food
2025-10-07,transaction at subway,953.27,Food
2025-12-07,transaction at makemytrip,9763.9,Travel
2025-10-30,transaction at youtube premium,639.18,Entertainment
2025-11-19,transaction at hp world,71069.12,Electronics
2025-02-26,transaction at gas agency,1340.12,Bills
2025-02-16,transaction at goibibo,6824.47,Travel
2025-12-03,transaction at bmtc,1337.43,Transport
2025-01-27,transaction at nilgiris,4375.69,Grocery
2025-12-31,transaction at medplus,604.72,Healthcare
2025-07-25,transaction at bsnl,2284.93,Bills
2025-01-01,transaction at gaana,871.02,Entertainment
2025-06-07,transaction at netflix,379.94,Entertainment
2025-09-06,transaction at reliance fresh,459.42,Grocery
2025-08-31,transaction at subway,954.14,Food
2025-08-24,transaction at h&m,7131.84,Clothing
2025-06-05,transaction at jio fiber,282.36,Bills
2025-05-13,transaction at aha,783.63,Entertainment
2025-10-30,transaction at apollo pharmacy,3107.78,Healthcare
2025-02-18,transaction at vivo store,117550.72,Electronics
2025-05-03,transaction at indigo,3489.67,Travel
2025-03-29,transaction at act fibernet,3849.35,Bills
2025-02-09,transaction at netflix,586.26,Entertainment
2025-01-12,transaction at jio fiber,3744.43,Bills
2025-03-22,transaction at us polo,6782.25,Clothing
2025-01-14,transaction at boat lifestyle,94698.6,Electronics
2025-11-15,transaction at yulu bikes,697.1,Transport
2025-11-22,transaction at h&m,6664.26,Clothing
2025-11-03,transaction at star bazaar,1520.86,Grocery
2025-04-05,transaction at gas agency,2093.3,Bills
2025-07-06,transaction at air india,25732.23,Travel
2025-05-24,transaction at water board,5051.66,Bills
2025-09-10,transaction at croma,8421.17,Electronics
2025-12-04,transaction at pharmeasy,12253.85,Healthcare
2025-02-16,transaction at burger king,326.11,Food
2025-03-19,transaction at amazon prime,661.41,Entertainment
2025-03-23,transaction at sony center,133392.93,Electronics
2025-01-13,transaction at sonyliv,303.68,Entertainment
2025-02-28,transaction at netflix,890.28,Entertainment
2025-07-09,transaction at medplus,8116.07,Healthcare
2025-12-04,transaction at apple music,737.89,Entertainment
2025-01-03,transaction at yulu bikes,104.24,Transport
2025-12-06,transaction at apple music,825.25,Entertainment
2025-10-20,transaction at zee5,360.84,Entertainment
2025-07-04,transaction at croma,16130.22,Electronics
2025-09-18,transaction at airasia,23191.62,Travel
2025-11-01,transaction at chai point,398.22,Food
2025-08-28,transaction at apollo hospital,11295.65,Healthcare
2025-08-16,transaction at ola,1827.63,Transport
2025-04-30,transaction at adidas,7205.65,Clothing
2025-01-16,transaction at ajio,4773.91,Online Shopping
2025-12-14,transaction at jiomart,4212.51,Grocery
2025-12-20,transaction at youtube premium,769.89,Entertainment
2025-09-10,transaction at asus store,85557.39,Electronics
2025-07-17,transaction at zee5,229.04,Entertainment
2025-02-11,transaction at dominos,789.38,Food
2025-06-02,transaction at booking.com,22765.7,Travel
2025-08-25,transaction at lenskart,19814.18,Online Shopping
2025-03-14,transaction at aha,834.36,Entertainment
2025-02-14,transaction at rapido,330.66,Transport
2025-06-15,transaction at metro rail,421.07,Transport
2025-01-09,transaction at kauvery,10184.37,Healthcare
2025-08-25,transaction at spencers,2110.98,Grocery
2025-10-02,transaction at metro rail,968.17,Transport
2025-08-01,transaction at wrogn,7999.6,Clothing
2025-01-15,transaction at snapdeal,9398.37,Online Shopping
2025-10-05,transaction at croma,118745.82,Electronics
2025-12-03,transaction at youtube premium,812.16,Entertainment
2025-06-03,transaction at adidas,3685.75,Clothing
2025-06-16,transaction at levis,6644.69,Clothing
2025-04-22,transaction at reliance digital,114922.71,Electronics
2025-12-30,transaction at irctc,14599.74,Travel
2025-06-15,transaction at airasia,24931.11,Travel
2025-04-28,transaction at levis,3950.56,Clothing
2025-11-02,transaction at kauvery,4859.75,Healthcare
2025-08-13,transaction at more supermarket,3079.34,Grocery
2025-09-26,transaction at pizza hut,898.49,Food
2025-11-15,transaction at meesho,14153.37,Online Shopping
2025-05-17,transaction at apollo pharmacy,15418.53,Healthcare
2025-10-20,transaction at jio fiber,5602.43,Bills
2025-11-01,transaction at ccd,1422.42,Food
2025-11-02,transaction at airtel,2557.49,Bills
2025-07-25,transaction at nature's basket,4679.53,Grocery
2025-03-05,transaction at pizza hut,1153.91,Food
2025-11-04,transaction at irctc,16757.1,Travel
2025-02-15,transaction at pharmeasy,12469.88,Healthcare
2025-01-04,transaction at hp world,138433.52,Electronics
2025-05-15,transaction at irctc,10272.14,Travel
2025-11-10,transaction at jiomart,1994.04,Grocery
2025-06-12,transaction at spotify,680.83,Entertainment
2025-01-27,transaction at jio fiber,5214.3,Bills
2025-09-19,transaction at dmart,4808.75,Grocery
2025-01-03,transaction at oyo,10027.24,Travel
2025-09-18,transaction at yulu bikes,1405.27,Transport
2025-03-20,transaction at redbus,1668.6,Transport
2025-06-29,transaction at chai point,634.31,Food
2025-04-30,transaction at allen solly,5252.35,Clothing
2025-07-19,transaction at snapdeal,16809.63,Online Shopping
2025-08-18,transaction at kauvery,18926.39,Healthcare
2025-02-15,transaction at pantaloons,2668.46,Clothing
2025-05-31,transaction at air india,28291.11,Travel
2025-10-01,transaction at max fashion,2913.72,Clothing
2025-01-08,transaction at pantaloons,2011.08,Clothing
2025-03-14,transaction at aster,8255.87,Healthcare
2025-10-25,transaction at asus store,10580.17,Electronics
2025-01-09,transaction at indigo,17879.17,Travel
2025-12-13,transaction at cloudnine,16015.58,Healthcare
2025-07-14,transaction at vivo store,78786.83,Electronics
2025-12-30,transaction at biba,3563.62,Clothing
2025-12-22,transaction at bmtc,1734.93,Transport
2025-07-02,transaction at indigo,18765.75,Travel
2025-03-24,transaction at indigo,28121.03,Travel
2025-02-11,transaction at netmeds,16921.93,Healthcare
2025-05-14,transaction at h&m,874.09,Clothing
2025-12-13,transaction at reliance digital,34163.9,Electronics
2025-01-14,transaction at mi store,120051.07,Electronics
2025-08-21,transaction at cloudnine,3509.9,Healthcare
2025-10-17,transaction at amazon prime,649.76,Entertainment
2025-07-18,transaction at meru cabs,1157.75,Transport
2025-12-15,transaction at metro rail,931.48,Transport
2025-08-14,transaction at sonyliv,902.13,Entertainment
2025-03-22,transaction at rapido,957.89,Transport
2025-10-18,transaction at vodafone idea,4354.0,Bills
2025-02-07,transaction at aster,15915.26,Healthcare
2025-08-12,transaction at ola,536.47,Transport
2025-11-01,transaction at bsnl,4842.08,Bills
2025-04-17,transaction at act fibernet,2219.81,Bills
2025-07-19,transaction at spotify,735.36,Entertainment
2025-03-23,transaction at aster,17881.23,Healthcare
2025-09-29,transaction at levis,4869.94,Clothing
2025-07-27,transaction at a2b,770.15,Food
2025-05-19,transaction at oneplus,122626.73,Electronics
2025-09-29,transaction at spencers,2346.77,Grocery
2025-05-08,transaction at metro rail,1677.88,Transport
2025-08-11,transaction at jiomart,1448.29,Grocery
2025-06-22,transaction at medplus,18945.23,Healthcare
2025-06-29,transaction at amazon prime,391.67,Entertainment
2025-04-12,transaction at flipkart,12004.1,Online Shopping
2025-05-16,transaction at snapdeal,381.37,Online Shopping
2025-07-08,transaction at yatra,24089.98,Travel
2025-08-28,transaction at cream stone,203.76,Food
2025-05-15,transaction at redbus,1262.02,Transport
2025-02-12,transaction at property tax online,2425.94,Bills
2025-07-20,transaction at cream stone,925.37,Food
2025-02-22,transaction at nilgiris,508.16,Grocery
2025-08-05,transaction at dmart,2081.42,Grocery
2025-02-23,transaction at sony center,120494.84,Electronics
2025-03-16,transaction at tsrtc,472.49,Transport
2025-01-28,transaction at goibibo,4019.76,Travel
2025-10-13,transaction at spotify,307.24,Entertainment
2025-03-02,transaction at airasia,2115.6,Travel
2025-08-30,transaction at gas agency,5116.73,Bills
2025-07-25,transaction at saravana bhavan,1255.97,Food
2025-10-25,transaction at bigbazaar,2786.6,Grocery
2025-01-20,transaction at metro rail,484.07,Transport
2025-04-20,transaction at amazon,11638.6,Online Shopping
2025-06-08,transaction at pepperfry,9005.01,Online Shopping
2025-06-27,transaction at bmtc,575.13,Transport
2025-10-20,transaction at sony center,145569.45,Electronics
2025-03-01,transaction at property tax online,419.27,Bills
2025-06-12,transaction at ajio,15568.71,Online Shopping
2025-09-22,transaction at ajio,11776.13,Online Shopping
2025-09-11,transaction at air india,7128.7,Travel
2025-12-09,transaction at irctc,13394.43,Travel
2025-05-06,transaction at nykaa,7244.26,Online Shopping
2025-04-12,transaction at airtel,3263.94,Bills
2025-12-27,transaction at bsnl,2753.48,Bills
2025-03-18,transaction at aster,2982.61,Healthcare
2025-02-05,transaction at kauvery,17561.59,Healthcare
2025-03-02,transaction at meru cabs,1484.72,Transport
2025-09-08,transaction at apple music,301.86,Entertainment
2025-07-04,transaction at irctc,29558.42,Travel
2025-03-11,transaction at nykaa,7810.69,Online Shopping
2025-07-22,transaction at boat lifestyle,80016.49,Electronics
2025-07-15,transaction at gaana,951.5,Entertainment
2025-04-20,transaction at kauvery,6752.77,Healthcare
2025-06-15,transaction at redbus,1961.79,Transport
2025-08-21,transaction at redbus,901.48,Transport
2025-07-14,transaction at hp world,132974.82,Electronics
2025-12-11,transaction at sonyliv,276.24,Entertainment
2025-02-17,transaction at medplus,16576.84,Healthcare
2025-04-12,transaction at cloudnine,14773.9,Healthcare
2025-10-24,transaction at spencers,2918.19,Grocery
2025-09-16,transaction at 1mg,17463.19,Healthcare
2025-12-02,transaction at flipkart,1546.52,Online Shopping
2025-07-22,transaction at act fibernet,3924.98,Bills
2025-05-14,transaction at airasia,8314.15,Travel
2025-03-30,transaction at amazon,17797.6,Online Shopping
2025-07-29,transaction at hotstar,913.24,Entertainment
2025-01-15,transaction at cloudnine,16923.61,Healthcare
2025-08-28,transaction at noise,58376.42,Electronics
2025-12-04,transaction at tneb,4714.6,Bills
2025-10-20,transaction at oyo,913.11,Travel
2025-02-07,transaction at zee5,563.68,Entertainment
2025-02-18,transaction at snapdeal,270.87,Online Shopping
2025-03-11,transaction at medplus,17250.71,Healthcare
2025-01-28,transaction at h&m,700.27,Clothing
2025-03-01,transaction at ajio,2375.37,Online Shopping
2025-08-28,transaction at booking.com,11073.46,Travel
2025-06-03,transaction at hp world,130641.94,Electronics
2025-10-29,transaction at dmart,1082.14,Grocery
2025-06-12,transaction at vistara,16400.96,Travel
2025-09-21,transaction at meesho,16655.8,Online Shopping
2025-06-19,transaction at adidas,6580.2,Clothing
2025-06-29,transaction at barbeque nation,1042.83,Food
2025-06-25,transaction at taco bell,447.16,Food
2025-02-20,transaction at kauvery,5719.97,Healthcare
2025-12-15,transaction at vodafone idea,734.93,Bills
2025-12-02,transaction at zara,969.89,Clothing
2025-12-17,transaction at meru cabs,339.07,Transport
2025-10-27,transaction at us polo,3339.07,Clothing
2025-01-29,transaction at netmeds,1219.45,Healthcare
2025-03-26,transaction at snapdeal,1631.42,Online Shopping
2025-11-21,transaction at lenskart,15090.88,Online Shopping
2025-10-02,transaction at nykaa,7238.25,Online Shopping
2025-07-03,transaction at oneplus,95252.63,Electronics
2025-09-30,transaction at samsung store,107177.99,Electronics
2025-12-09,transaction at tata cliq,8958.69,Online Shopping
2025-05-19,transaction at reliance digital,93818.37,Electronics
2025-11-15,transaction at nykaa,6074.51,Online Shopping
2025-04-16,transaction at medplus,19128.96,Healthcare
2025-01-21,transaction at apple store,149925.2,Electronics
2025-07-05,transaction at levis,957.82,Clothing
2025-08-04,transaction at taco bell,1351.1,Food
2025-04-14,transaction at gas agency,3561.9,Bills
2025-10-20,transaction at bmtc,1028.42,Transport
2025-03-23,transaction at allen solly,3924.15,Clothing
2025-06-23,transaction at netflix,325.21,Entertainment
2025-12-18,transaction at mcdonalds,588.96,Food
2025-08-09,transaction at apple music,976.93,Entertainment
2025-02-19,transaction at starbucks,492.37,Food
2025-06-02,transaction at h&m,3836.39,Clothing
2025-06-26,transaction at more supermarket,2321.43,Grocery
2025-02-27,transaction at mcdonalds,583.26,Food
2025-11-03,transaction at reliance fresh,4686.32,Grocery
2025-05-14,transaction at nilgiris,3052.32,Grocery
2025-03-19,transaction at apollo hospital,19035.96,Healthcare
2025-03-10,transaction at mcdonalds,1366.39,Food
2025-08-08,transaction at more supermarket,882.49,Grocery
2025-10-16,transaction at wrogn,7446.55,Clothing
2025-11-02,transaction at act fibernet,3020.22,Bills
2025-09-19,transaction at tata cliq,13945.5,Online Shopping
2025-09-02,transaction at lenskart,11957.78,Online Shopping
2025-04-09,transaction at nilgiris,995.44,Grocery
2025-09-29,transaction at saravana bhavan,1002.86,Food
2025-01-22,transaction at 1mg,16694.48,Healthcare
2025-04-24,transaction at spotify,440.21,Entertainment
2025-03-30,transaction at bigbazaar,232.01,Grocery
2025-12-16,transaction at cloudnine,5681.19,Healthcare
2025-05-20,transaction at apple store,25699.4,Electronics
2025-10-17,transaction at ajio,580.37,Online Shopping
2025-05-10,transaction at bmtc,1943.72,Transport
2025-12-26,transaction at nykaa,16160.79,Online Shopping
2025-10-09,transaction at nike,3339.74,Clothing
2025-12-04,transaction at woodland,1100.52,Clothing
2025-09-04,transaction at dmart,598.2,Grocery
2025-07-28,transaction at meru cabs,1023.11,Transport
2025-09-23,transaction at apple music,998.98,Entertainment
2025-12-21,transaction at dominos,1189.69,Food
2025-07-17,transaction at amazon prime,340.96,Entertainment
2025-01-20,transaction at dmart,2223.01,Grocery
2025-06-12,transaction at spencers,2944.36,Grocery
2025-03-22,transaction at wrogn,4951.88,Clothing
2025-06-16,transaction at airasia,10666.77,Travel
2025-08-29,transaction at meru cabs,1859.89,Transport
2025-11-21,transaction at tata cliq,13112.61,Online Shopping
2025-04-27,transaction at sonyliv,117.99,Entertainment
2025-03-25,transaction at dominos,551.37,Food
2025-06-26,transaction at medplus,14662.58,Healthcare
2025-06-14,transaction at act fibernet,1471.15,Bills
2025-02-06,transaction at medplus,7998.28,Healthcare
2025-05-06,transaction at bsnl,5487.32,Bills
2025-01-19,transaction at hp world,15768.89,Electronics
2025-03-12,transaction at vodafone idea,1409.02,Bills
2025-02-18,transaction at bigbazaar,4946.12,Grocery
2025-08-28,transaction at bigbazaar,2206.62,Grocery
2025-03-12,transaction at pantaloons,1991.31,Clothing
2025-07-17,transaction at oyo,29890.62,Travel
2025-12-13,transaction at netmeds,17195.14,Healthcare
2025-01-11,transaction at chai point,248.61,Food
2025-01-30,transaction at levis,2108.21,Clothing
2025-11-13,transaction at more supermarket,4426.22,Grocery
2025-11-17,transaction at air india,28581.27,Travel
2025-01-27,transaction at h&m,1657.01,Clothing
2025-07-07,transaction at goibibo,22835.1,Travel
2025-03-07,transaction at star bazaar,2376.12,Grocery
2025-09-12,transaction at reliance fresh,262.16,Grocery
2025-05-14,transaction at property tax online,1141.44,Bills
2025-09-18,transaction at bigbazaar,1857.18,Grocery
2025-07-01,transaction at taco bell,472.14,Food
2025-03-30,transaction at oyo,2118.23,Travel
2025-07-03,transaction at apple music,650.27,Entertainment
2025-07-23,transaction at burger king,151.38,Food
2025-06-22,transaction at cream stone,486.78,Food
2025-05-12,transaction at mi store,125898.61,Electronics
2025-03-15,transaction at woodland,4149.53,Clothing
2025-12-04,transaction at 1mg,4490.04,Healthcare
2025-05-13,transaction at meesho,13488.59,Online Shopping
2025-08-10,transaction at hotstar,736.89,Entertainment
2025-05-20,transaction at dmart,813.51,Grocery
2025-11-15,transaction at mi store,28699.14,Electronics
2025-08-10,transaction at ola,988.9,Transport
2025-11-26,transaction at booking.com,586.7,Travel
2025-08-22,transaction at cream stone,1415.43,Food
2025-10-13,transaction at vivo store,144280.06,Electronics
2025-06-25,transaction at sonyliv,863.6,Entertainment
2025-07-06,transaction at act fibernet,536.37,Bills
2025-04-11,transaction at adidas,6482.47,Clothing
2025-08-17,transaction at irctc,22739.25,Travel
2025-02-19,transaction at cloudnine,11376.34,Healthcare
2025-09-07,transaction at wrogn,7499.38,Clothing
2025-09-27,transaction at indigo,14697.53,Travel
2025-05-01,transaction at nilgiris,2854.67,Grocery
2025-09-01,transaction at ola,1326.03,Transport
2025-07-31,transaction at lenskart,4048.78,Online Shopping
2025-10-27,transaction at redbus,978.56,Transport
2025-07-04,transaction at tneb,1002.74,Bills
2025-08-09,transaction at nilgiris,747.14,Grocery
2025-08-29,transaction at ola,1847.13,Transport
2025-04-01,transaction at zara,5710.97,Clothing
2025-10-28,transaction at vistara,22513.11,Travel
2025-03-17,transaction at spencers,1294.27,Grocery
2025-10-18,transaction at cloudnine,6353.91,Healthcare
2025-01-01,transaction at dmart,2613.78,Grocery
2025-01-05,transaction at spencers,2997.14,Grocery
2025-04-01,transaction at chai point,1072.57,Food
2025-11-14,transaction at aster,14387.86,Healthcare
2025-07-01,transaction at pizza hut,656.05,Food
2025-02-19,transaction at myntra,7852.49,Online Shopping
2025-05-16,transaction at zee5,456.41,Entertainment
2025-12-14,transaction at amazon prime,262.78,Entertainment
2025-02-04,transaction at tata cliq,13494.75,Online Shopping
2025-07-11,transaction at oyo,28842.31,Travel
2025-08-15,transaction at netflix,126.63,Entertainment
2025-12-09,transaction at spotify,936.61,Entertainment
2025-01-26,transaction at jiomart,4455.77,Grocery
2025-04-13,transaction at star bazaar,2046.35,Grocery
2025-02-13,transaction at vivo store,147469.65,Electronics
2025-12-25,transaction at meru cabs,676.31,Transport
2025-09-26,transaction at amazon prime,842.58,Entertainment
2025-07-04,transaction at allen solly,3795.63,Clothing
2025-12-21,transaction at us polo,7985.56,Clothing
2025-02-04,transaction at a2b,535.26,Food
2025-02-20,transaction at croma,80843.83,Electronics
2025-12-17,transaction at goibibo,14515.11,Travel
2025-11-04,transaction at goibibo,28037.63,Travel
2025-01-19,transaction at vodafone idea,1366.02,Bills
2025-06-14,transaction at tsrtc,1738.43,Transport
2025-11-01,transaction at pharmeasy,10159.57,Healthcare
2025-01-07,transaction at cream stone,168.65,Food
2025-07-13,transaction at cream stone,1373.85,Food
2025-03-30,transaction at amazon,578.53,Online Shopping
2025-12-17,transaction at tsrtc,527.93,Transport
2025-08-06,transaction at star bazaar,907.48,Grocery
2025-02-19,transaction at puma,3638.74,Clothing
2025-12-16,transaction at aster,10453.71,Healthcare
2025-01-19,transaction at reliance digital,30001.8,Electronics
2025-02-01,transaction at reliance digital,70534.23,Electronics
2025-06-30,transaction at air india,13663.51,Travel
2025-11-20,transaction at noise,142018.76,Electronics
2025-04-29,transaction at snapdeal,399.82,Online Shopping
2025-02-10,transaction at lenskart,13578.97,Online Shopping
2025-06-16,transaction at hp world,22163.25,Electronics
2025-07-07,transaction at tsrtc,1176.66,Transport
2025-06-25,transaction at amazon prime,964.75,Entertainment
2025-09-11,transaction at kauvery,4536.16,Healthcare
2025-03-21,transaction at nature's basket,368.0,Grocery
2025-01-24,transaction at star bazaar,419.66,Grocery
2025-09-16,transaction at fortis,6980.6,Healthcare
2025-06-09,transaction at ola,331.08,Transport
2025-05-01,transaction at bsnl,395.57,Bills
2025-09-13,transaction at water board,404.24,Bills
2025-07-09,transaction at zara,1159.83,Clothing
2025-07-04,transaction at rapido,1702.6,Transport
2025-12-15,transaction at property tax online,3631.51,Bills
2025-06-12,transaction at nike,5662.67,Clothing
2025-08-29,transaction at croma,116676.19,Electronics
2025-03-06,transaction at oneplus,68551.77,Electronics
2025-12-29,transaction at zara,4945.65,Clothing
2025-12-14,transaction at jiomart,2190.41,Grocery
2025-11-05,transaction at myntra,12885.4,Online Shopping
2025-10-31,transaction at star bazaar,3190.97,Grocery
2025-10-22,transaction at goibibo,20900.47,Travel
2025-12-19,transaction at yulu bikes,736.11,Transport
2025-01-26,transaction at 1mg,16924.84,Healthcare
2025-11-03,transaction at hotstar,751.75,Entertainment
2025-04-28,transaction at goibibo,2431.6,Travel
2025-12-27,transaction at flipkart,2910.16,Online Shopping
2025-07-12,transaction at pepperfry,14809.34,Online Shopping
2025-07-16,transaction at allen solly,2381.78,Clothing
2025-04-19,transaction at hotstar,260.02,Entertainment
2025-08-07,transaction at sony center,11015.43,Electronics
2025-03-02,transaction at us polo,1568.12,Clothing
2025-08-22,transaction at barbeque nation,896.75,Food
2025-01-15,transaction at chai point,174.02,Food
2025-03-14,transaction at vistara,1540.11,Travel
2025-04-02,transaction at bmtc,1822.89,Transport
2025-05-16,transaction at croma,28277.55,Electronics
2025-10-09,transaction at yulu bikes,1482.08,Transport
2025-03-26,transaction at allen solly,7216.61,Clothing
2025-12-05,transaction at pharmeasy,5709.39,Healthcare
2025-09-20,transaction at water board,703.57,Bills
2025-12-15,transaction at booking.com,26508.43,Travel
2025-04-17,transaction at 1mg,16745.45,Healthcare
2025-12-17,transaction at subway,1412.27,Food
2025-07-08,transaction at tata cliq,13024.38,Online Shopping
2025-01-26,transaction at bsnl,4287.43,Bills
2025-10-16,transaction at mcdonalds,1028.93,Food
2025-06-16,transaction at cloudnine,230.24,Healthcare
2025-06-06,transaction at property tax online,784.99,Bills
2025-02-25,transaction at adidas,5931.99,Clothing
2025-12-08,transaction at more supermarket,1447.51,Grocery
2025-07-19,transaction at youtube premium,307.98,Entertainment
2025-02-07,transaction at amazon prime,337.93,Entertainment
2025-03-07,transaction at amazon prime,949.14,Entertainment
2025-11-12,transaction at nykaa,11769.65,Online Shopping
2025-06-19,transaction at ccd,278.91,Food
2025-01-22,transaction at croma,13792.62,Electronics
2025-07-10,transaction at tsrtc,211.51,Transport
2025-09-16,transaction at oneplus,18560.85,Electronics
2025-06-26,transaction at allen solly,7162.07,Clothing
2025-08-12,transaction at meesho,9797.04,Online Shopping
2025-02-23,transaction at netflix,646.95,Entertainment
2025-01-09,transaction at cream stone,442.92,Food
2025-12-30,transaction at barbeque nation,299.86,Food
2025-06-08,transaction at myntra,12724.01,Online Shopping
2025-02-27,transaction at spotify,572.83,Entertainment
2025-06-08,transaction at reliance fresh,1155.28,Grocery
2025-03-31,transaction at kfc,604.07,Food
2025-08-11,transaction at woodland,6592.16,Clothing
2025-10-16,transaction at yatra,28695.94,Travel
2025-08-09,transaction at rapido,1268.89,Transport
2025-02-23,transaction at tneb,1786.56,Bills
2025-12-16,transaction at water board,2572.85,Bills
2025-06-11,transaction at medplus,16260.21,Healthcare
2025-12-23,transaction at zee5,842.75,Entertainment
2025-12-03,transaction at pharmeasy,14515.08,Healthcare
2025-11-01,transaction at jio fiber,5893.72,Bills
2025-07-16,transaction at act fibernet,1730.55,Bills
2025-03-03,transaction at biba,5369.6,Clothing
2025-10-11,transaction at flipkart,9020.36,Online Shopping
2025-02-12,transaction at redbus,1321.89,Transport
2025-09-05,transaction at us polo,3739.99,Clothing
2025-10-07,transaction at us polo,2281.63,Clothing
2025-04-12,transaction at aha,448.48,Entertainment
2025-11-28,transaction at makemytrip,12604.51,Travel
2025-05-18,transaction at spotify,126.07,Entertainment
2025-09-11,transaction at ajio,4921.65,Online Shopping
2025-05-09,transaction at saravana bhavan,658.23,Food
2025-10-28,transaction at tata cliq,7908.13,Online Shopping
2025-08-29,transaction at jiomart,3931.21,Grocery
2025-02-25,transaction at airtel,4219.15,Bills
2025-09-12,transaction at snapdeal,19162.42,Online Shopping
2025-03-01,transaction at zee5,430.58,Entertainment
2025-05-12,transaction at metro rail,1107.73,Transport
2025-06-13,transaction at dmart,2843.19,Grocery
2025-10-22,transaction at dell exclusive,116297.96,Electronics
2025-01-05,transaction at chai point,461.84,Food
2025-02-09,transaction at a2b,100.5,Food
2025-06-27,transaction at us polo,3421.7,Clothing
2025-11-18,transaction at samsung store,44836.97,Electronics
2025-12-05,transaction at yatra,20181.76,Travel
2025-06-24,transaction at boat lifestyle,44754.94,Electronics
2025-11-23,transaction at bsnl,3068.77,Bills
2025-10-29,transaction at oneplus,28536.98,Electronics
2025-05-28,transaction at indigo,5961.84,Travel
2025-07-14,transaction at vodafone idea,2455.47,Bills
2025-08-12,transaction at vodafone idea,3889.84,Bills
2025-10-29,transaction at uber,1247.59,Transport
2025-09-01,transaction at reliance fresh,3248.17,Grocery
2025-05-06,transaction at kauvery,15192.7,Healthcare
2025-10-29,transaction at oneplus,72844.42,Electronics
2025-06-09,transaction at adidas,687.83,Clothing
2025-10-23,transaction at 1mg,18168.59,Healthcare
2025-10-11,transaction at pharmeasy,5007.56,Healthcare
2025-08-20,transaction at aster,16172.06,Healthcare
2025-03-07,transaction at youtube premium,759.69,Entertainment
2025-05-04,transaction at us polo,2557.38,Clothing
2025-11-30,transaction at ola,1096.42,Transport
2025-01-18,transaction at nike,1393.92,Clothing
2025-01-14,transaction at ccd,739.2,Food
2025-06-16,transaction at vistara,29777.76,Travel
2025-12-02,transaction at paradise biryani,240.32,Food
2025-10-31,transaction at uber,1502.62,Transport
2025-09-09,transaction at reliance fresh,3767.1,Grocery
2025-04-23,transaction at dominos,1395.67,Food
2025-05-16,transaction at us polo,4480.32,Clothing
2025-05-16,transaction at tata cliq,19386.21,Online Shopping
2025-08-27,transaction at puma,2945.49,Clothing
2025-07-17,transaction at makemytrip,18178.72,Travel
2025-11-11,transaction at wrogn,683.09,Clothing
2025-01-23,transaction at myntra,18163.03,Online Shopping
2025-08-23,transaction at jiomart,2056.02,Grocery
2025-12-11,transaction at gas agency,3399.99,Bills
2025-12-18,transaction at gaana,176.5,Entertainment
2025-06-27,transaction at uber,1117.73,Transport
2025-05-07,transaction at youtube premium,479.92,Entertainment
2025-02-16,transaction at mi store,105261.83,Electronics
2025-11-30,transaction at ajio,8214.25,Online Shopping
2025-11-01,transaction at nilgiris,1954.25,Grocery
2025-06-12,transaction at dell exclusive,63053.25,Electronics
2025-04-12,transaction at pepperfry,6852.12,Online Shopping
2025-03-31,transaction at subway,863.68,Food
2025-05-11,transaction at aster,608.02,Healthcare
2025-09-14,transaction at paradise biryani,604.6,Food
2025-03-23,transaction at woodland,3330.64,Clothing
2025-01-22,transaction at pantaloons,3379.75,Clothing
2025-08-28,transaction at hotstar,790.54,Entertainment
2025-11-24,transaction at wrogn,7382.95,Clothing
2025-12-13,transaction at pizza hut,1469.01,Food
2025-04-20,transaction at tsrtc,1816.49,Transport
2025-05-01,transaction at levis,7991.31,Clothing
2025-04-01,transaction at dell exclusive,56506.99,Electronics
2025-06-23,transaction at ccd,888.92,Food
2025-05-11,transaction at apollo pharmacy,6708.6,Healthcare
2025-06-05,transaction at gas agency,5146.92,Bills
2025-01-28,transaction at rapido,713.36,Transport
2025-07-13,transaction at vivo store,37033.08,Electronics
2025-06-27,transaction at apollo hospital,9092.06,Healthcare
2025-04-23,transaction at oneplus,29618.42,Electronics
2025-02-23,transaction at gaana,676.82,Entertainment
2025-04-27,transaction at vistara,17807.74,Travel
2025-05-14,transaction at allen solly,1902.17,Clothing
2025-09-28,transaction at cloudnine,11819.82,Healthcare
2025-11-29,transaction at airasia,9628.66,Travel
2025-07-13,transaction at uber,494.4,Transport
2025-04-27,transaction at metro rail,238.28,Transport
2025-08-28,transaction at redbus,1853.34,Transport
2025-07-25,transaction at ajio,7403.05,Online Shopping
2025-08-07,transaction at taco bell,691.95,Food
2025-04-14,transaction at makemytrip,13058.86,Travel
2025-12-21,transaction at makemytrip,23818.31,Travel
2025-01-10,transaction at vodafone idea,1880.81,Bills
2025-10-25,transaction at aster,16446.67,Healthcare
2025-09-14,transaction at paradise biryani,1396.27,Food
2025-11-18,transaction at pepperfry,1882.3,Online Shopping
2025-04-12,transaction at more supermarket,2904.76,Grocery
2025-03-08,transaction at netflix,99.44,Entertainment
2025-06-01,transaction at bmtc,419.26,Transport
2025-12-09,transaction at noise,5251.13,Electronics
2025-03-26,transaction at sonyliv,344.37,Entertainment
2025-12-18,transaction at gas agency,404.57,Bills
2025-12-11,transaction at amazon,17616.61,Online Shopping
2025-02-08,transaction at nature's basket,2672.98,Grocery
2025-02-23,transaction at apollo hospital,17960.18,Healthcare
2025-02-06,transaction at apple music,982.65,Entertainment
2025-01-04,transaction at star bazaar,264.55,Grocery
2025-05-05,transaction at reliance fresh,963.71,Grocery
2025-06-05,transaction at vivo store,14589.11,Electronics
2025-12-18,transaction at jio fiber,5003.83,Bills
2025-07-19,transaction at tneb,2718.54,Bills
2025-02-27,transaction at bmtc,1068.47,Transport
2025-06-02,transaction at hp world,130899.88,Electronics
2025-03-12,transaction at wrogn,3980.46,Clothing
2025-04-26,transaction at max fashion,923.83,Clothing
2025-03-03,transaction at subway,1332.28,Food
2025-06-03,transaction at netmeds,5071.68,Healthcare
2025-07-01,transaction at youtube premium,293.43,Entertainment
2025-10-31,transaction at ola,81.6,Transport
2025-01-22,transaction at aster,15297.36,Healthcare
2025-12-23,transaction at pantaloons,3531.68,Clothing
2025-10-25,transaction at h&m,6467.91,Clothing
2025-12-09,transaction at property tax online,5856.13,Bills
2025-09-21,transaction at dmart,3296.17,Grocery
2025-02-25,transaction at dmart,674.79,Grocery
2025-12-09,transaction at puma,2340.07,Clothing
2025-12-07,transaction at property tax online,5676.52,Bills
2025-07-25,transaction at oneplus,110784.78,Electronics
2025-11-06,transaction at act fibernet,2261.65,Bills
2025-04-25,transaction at property tax online,2563.32,Bills
2025-11-21,transaction at spotify,227.98,Entertainment
2025-07-12,transaction at bigbazaar,4344.82,Grocery
2025-10-29,transaction at gas agency,1204.04,Bills
2025-10-07,transaction at starbucks,1347.39,Food
2025-11-26,transaction at nike,4839.91,Clothing
2025-03-20,transaction at a2b,1062.92,Food
2025-08-19,transaction at snapdeal,18618.98,Online Shopping
2025-11-17,transaction at reliance digital,10147.07,Electronics
2025-10-11,transaction at oneplus,43429.56,Electronics
2025-08-15,transaction at oyo,15218.93,Travel
2025-12-08,transaction at star bazaar,2463.46,Grocery
2025-05-11,transaction at asus store,30660.46,Electronics
2025-03-09,transaction at redbus,460.57,Transport
2025-02-22,transaction at oyo,22252.71,Travel
2025-01-12,transaction at vodafone idea,2056.43,Bills
2025-03-17,transaction at lenskart,14357.43,Online Shopping
2025-06-13,transaction at max fashion,3802.88,Clothing
2025-06-28,transaction at bmtc,1730.6,Transport
2025-10-07,transaction at fortis,2923.93,Healthcare
2025-06-06,transaction at meesho,4464.79,Online Shopping
2025-07-03,transaction at mcdonalds,1105.94,Food
2025-10-27,transaction at tata cliq,6066.7,Online Shopping
2025-02-03,transaction at metro rail,989.01,Transport
2025-05-22,transaction at jio fiber,4119.78,Bills
2025-07-19,transaction at spotify,239.8,Entertainment
2025-08-26,transaction at aster,15555.39,Healthcare
2025-09-14,transaction at airasia,3388.72,Travel
2025-01-25,transaction at ajio,12133.48,Online Shopping
2025-05-08,transaction at saravana bhavan,1460.29,Food
2025-08-03,transaction at yatra,28640.99,Travel
2025-06-22,transaction at spencers,4937.52,Grocery
2025-03-07,transaction at metro rail,582.02,Transport
2025-09-03,transaction at max fashion,4793.71,Clothing
2025-09-18,transaction at bigbazaar,1549.92,Grocery
2025-12-28,transaction at max fashion,6331.51,Clothing
2025-07-22,transaction at levis,6652.05,Clothing
2025-06-04,transaction at spencers,1218.05,Grocery
2025-08-28,transaction at property tax online,769.09,Bills
2025-05-06,transaction at sonyliv,649.84,Entertainment
2025-01-23,transaction at a2b,1366.0,Food
2025-05-28,transaction at dominos,166.55,Food
2025-01-27,transaction at rapido,1777.46,Transport
2025-08-21,transaction at dmart,1667.73,Grocery
2025-12-14,transaction at vodafone idea,560.69,Bills
2025-07-02,transaction at indigo,14451.75,Travel
2025-12-28,transaction at paradise biryani,1241.46,Food
2025-05-22,transaction at noise,83754.03,Electronics
2025-04-18,transaction at boat lifestyle,60575.87,Electronics
2025-04-02,transaction at reliance fresh,2591.87,Grocery
2025-08-14,transaction at nature's basket,242.72,Grocery
2025-05-01,transaction at goibibo,11084.88,Travel
2025-12-02,transaction at makemytrip,5058.29,Travel
2025-07-10,transaction at hotstar,256.25,Entertainment
2025-08-06,transaction at croma,137398.45,Electronics
2025-02-08,transaction at subway,1392.53,Food
2025-10-25,transaction at wrogn,7419.57,Clothing
2025-10-20,transaction at property tax online,3108.67,Bills
2025-03-10,transaction at rapido,478.45,Transport
2025-05-27,transaction at jiomart,2410.58,Grocery
2025-04-15,transaction at taco bell,581.29,Food
2025-11-23,transaction at redbus,855.69,Transport
2025-11-05,transaction at water board,5439.65,Bills
2025-08-03,transaction at hp world,135969.59,Electronics
2025-09-28,transaction at vistara,15743.04,Travel
2025-03-04,transaction at chai point,1488.0,Food
2025-12-10,transaction at vodafone idea,1713.09,Bills
2025-10-29,transaction at bigbazaar,561.33,Grocery
2025-01-11,transaction at vistara,11898.44,Travel
2025-06-03,transaction at aster,19186.83,Healthcare
2025-12-22,transaction at levis,7008.66,Clothing
2025-01-18,transaction at a2b,444.21,Food
2025-10-22,transaction at medplus,9034.01,Healthcare
2025-08-11,transaction at ccd,886.04,Food
2025-07-31,transaction at apple store,50968.02,Electronics
2025-03-21,transaction at air india,21757.23,Travel
2025-01-17,transaction at zara,5008.45,Clothing
2025-02-06,transaction at air india,16556.96,Travel
2025-08-06,transaction at bsnl,4915.99,Bills
2025-11-23,transaction at cream stone,767.84,Food
2025-07-31,transaction at dell exclusive,16926.32,Electronics
2025-07-17,transaction at netmeds,17321.49,Healthcare
2025-01-18,transaction at rapido,401.36,Transport
2025-06-28,transaction at property tax online,5097.82,Bills
2025-07-21,transaction at irctc,22484.89,Travel
2025-11-27,transaction at us polo,1486.41,Clothing
2025-08-10,transaction at croma,27810.14,Electronics
2025-01-12,transaction at ola,649.03,Transport
2025-05-26,transaction at nilgiris,276.76,Grocery
2025-05-10,transaction at irctc,27088.5,Travel
2025-12-30,transaction at paradise biryani,475.19,Food
2025-06-09,transaction at barbeque nation,791.01,Food
2025-01-10,transaction at reliance fresh,2479.44,Grocery
2025-05-05,transaction at ajio,12800.73,Online Shopping
2025-05-05,transaction at noise,5051.77,Electronics
2025-04-16,transaction at amazon prime,198.75,Entertainment
2025-01-29,transaction at spencers,4530.78,Grocery
2025-07-24,transaction at ccd,719.08,Food
2025-05-22,transaction at oyo,26258.19,Travel
2025-04-17,transaction at medplus,19853.17,Healthcare
2025-05-01,transaction at woodland,5344.42,Clothing
2025-03-12,transaction at lenskart,18769.15,Online Shopping
2025-09-28,transaction at amazon prime,880.69,Entertainment
2025-01-02,transaction at dmart,3005.39,Grocery
2025-09-03,transaction at tata cliq,7017.43,Online Shopping
2025-09-22,transaction at meru cabs,1834.71,Transport
2025-07-07,transaction at sony center,70551.62,Electronics
2025-08-30,transaction at woodland,3887.13,Clothing
2025-03-26,transaction at reliance digital,44045.88,Electronics
2025-05-15,transaction at goibibo,9254.14,Travel
2025-11-17,transaction at oyo,5172.31,Travel
2025-08-05,transaction at metro rail,74.37,Transport
2025-06-02,transaction at noise,79845.29,Electronics
2025-06-06,transaction at star bazaar,1987.32,Grocery
2025-03-14,transaction at zara,1339.23,Clothing
2025-01-07,transaction at yulu bikes,125.12,Transport
2025-07-16,transaction at apple store,144071.63,Electronics
2025-09-06,transaction at croma,102084.89,Electronics
2025-09-22,transaction at puma,3139.51,Clothing
2025-06-24,transaction at oneplus,94527.81,Electronics
2025-01-24,transaction at tneb,946.49,Bills
2025-02-05,transaction at spotify,773.52,Entertainment
2025-01-16,transaction at star bazaar,3028.9,Grocery
2025-09-18,transaction at water board,3593.83,Bills
2025-02-05,transaction at spencers,3307.49,Grocery
2025-11-26,transaction at ccd,1154.09,Food
2025-05-16,transaction at burger king,728.11,Food
2025-05-11,transaction at cloudnine,14416.26,Healthcare
2025-12-31,transaction at oneplus,92539.39,Electronics
2025-12-10,transaction at nykaa,19138.31,Online Shopping
2025-03-07,transaction at apollo hospital,19171.26,Healthcare
2025-04-11,transaction at kfc,1186.64,Food
2025-04-18,transaction at fortis,14521.31,Healthcare
2025-04-11,transaction at adidas,5316.1,Clothing
2025-05-13,transaction at dell exclusive,93854.85,Electronics
2025-12-07,transaction at snapdeal,10112.47,Online Shopping
2025-07-03,transaction at cream stone,150.46,Food
2025-07-13,transaction at mi store,9900.85,Electronics
2025-11-17,transaction at indigo,21171.58,Travel
2025-01-14,transaction at act fibernet,938.83,Bills
2025-08-20,transaction at irctc,6788.85,Travel
2025-05-24,transaction at dmart,4290.64,Grocery
2025-01-17,transaction at tneb,4550.61,Bills
2025-06-13,transaction at property tax online,3866.92,Bills
2025-08-08,transaction at allen solly,2092.53,Clothing
2025-04-22,transaction at noise,29492.37,Electronics
2025-09-13,transaction at amazon,12278.1,Online Shopping
2025-09-18,transaction at air india,12883.14,Travel
2025-04-29,transaction at youtube premium,950.86,Entertainment
2025-01-25,transaction at irctc,5858.15,Travel
2025-05-09,transaction at airtel,4626.98,Bills
2025-08-14,transaction at airtel,2641.59,Bills
2025-03-04,transaction at meru cabs,602.24,Transport
2025-10-28,transaction at ola,1357.91,Transport
2025-12-05,transaction at youtube premium,916.74,Entertainment
2025-11-25,transaction at allen solly,5521.72,Clothing
2025-03-04,transaction at myntra,1787.01,Online Shopping
2025-02-21,transaction at apple music,635.98,Entertainment
2025-10-01,transaction at dmart,1487.51,Grocery
2025-11-11,transaction at starbucks,519.46,Food
2025-12-31,transaction at chai point,457.49,Food
2025-11-19,transaction at act fibernet,2993.98,Bills
2025-07-22,transaction at meesho,6781.56,Online Shopping
2025-10-30,transaction at rapido,1862.9,Transport
2025-06-14,transaction at property tax online,2975.76,Bills
2025-06-19,transaction at gas agency,4867.79,Bills
2025-02-14,transaction at hotstar,812.11,Entertainment
2025-07-02,transaction at hp world,126421.06,Electronics
2025-07-20,transaction at booking.com,21714.2,Travel
2025-08-25,transaction at apollo hospital,14166.66,Healthcare
2025-03-19,transaction at apollo pharmacy,17889.69,Healthcare
2025-05-14,transaction at woodland,7646.12,Clothing
2025-03-15,transaction at yulu bikes,1328.05,Transport
2025-04-27,transaction at hotstar,800.87,Entertainment
2025-12-19,transaction at woodland,591.33,Clothing
2025-06-22,transaction at water board,4557.25,Bills
2025-08-22,transaction at cloudnine,8986.21,Healthcare
2025-09-30,transaction at bigbazaar,4187.76,Grocery
2025-11-02,transaction at boat lifestyle,138750.17,Electronics
2025-12-29,transaction at noise,121441.21,Electronics
2025-07-21,transaction at oneplus,86790.29,Electronics
2025-07-23,transaction at meru cabs,379.57,Transport
2025-12-15,transaction at tneb,903.8,Bills
2025-01-24,transaction at asus store,79698.14,Electronics
2025-06-09,transaction at fortis,17412.21,Healthcare
2025-12-19,transaction at yulu bikes,1370.47,Transport
2025-07-15,transaction at us polo,5186.54,Clothing
2025-12-26,transaction at bmtc,1334.25,Transport
2025-03-01,transaction at netmeds,7703.86,Healthcare
2025-09-10,transaction at netflix,176.31,Entertainment
2025-01-11,transaction at jio fiber,4175.51,Bills
2025-01-24,transaction at spencers,3226.9,Grocery
2025-11-13,transaction at biba,3577.56,Clothing
2025-10-14,transaction at property tax online,5052.83,Bills
2025-10-23,transaction at act fibernet,558.76,Bills
2025-10-06,transaction at puma,2291.3,Clothing
2025-12-28,transaction at redbus,736.24,Transport
2025-05-19,transaction at starbucks,911.9,Food
2025-08-15,transaction at flipkart,6605.3,Online Shopping
2025-09-23,transaction at saravana bhavan,450.05,Food
2025-05-29,transaction at booking.com,26577.89,Travel
2025-05-03,transaction at nykaa,8368.84,Online Shopping
2025-11-18,transaction at apollo hospital,8795.87,Healthcare
2025-03-22,transaction at us polo,4198.96,Clothing
2025-09-21,transaction at netflix,617.71,Entertainment
2025-06-23,transaction at lenskart,8136.23,Online Shopping
2025-04-16,transaction at vodafone idea,4982.06,Bills
2025-07-11,transaction at subway,131.78,Food
2025-04-26,transaction at meru cabs,87.44,Transport
2025-10-26,transaction at spencers,4080.83,Grocery
2025-12-30,transaction at asus store,29429.76,Electronics
2025-01-05,transaction at 1mg,8486.73,Healthcare
2025-10-19,transaction at bmtc,1545.39,Transport
2025-09-11,transaction at uber,883.23,Transport
2025-05-16,transaction at sony center,18955.81,Electronics
2025-02-05,transaction at adidas,4092.11,Clothing
2025-07-18,transaction at tata cliq,9198.23,Online Shopping
2025-01-01,transaction at tneb,3430.73,Bills
2025-07-26,transaction at air india,22231.53,Travel
2025-05-12,transaction at amazon,16121.32,Online Shopping
2025-08-26,transaction at nature's basket,1522.8,Grocery
2025-04-04,transaction at barbeque nation,399.31,Food
2025-09-28,transaction at netmeds,3255.16,Healthcare
2025-06-10,transaction at max fashion,5048.6,Clothing
2025-01-05,transaction at burger king,250.72,Food
2025-03-16,transaction at airasia,22608.88,Travel
2025-01-16,transaction at taco bell,417.71,Food
2025-09-21,transaction at bmtc,665.42,Transport
2025-01-02,transaction at lenskart,5764.96,Online Shopping
2025-12-05,transaction at netflix,614.75,Entertainment
2025-01-13,transaction at jio fiber,1614.14,Bills
2025-01-14,transaction at asus store,64262.79,Electronics
2025-08-08,transaction at uber,1314.2,Transport
2025-06-26,transaction at apple music,663.07,Entertainment
2025-01-07,transaction at spotify,198.5,Entertainment
2025-07-02,transaction at air india,19334.56,Travel
2025-02-21,transaction at nature's basket,3885.4,Grocery
2025-11-08,transaction at gas agency,358.14,Bills
2025-10-11,transaction at sonyliv,495.23,Entertainment
2025-07-29,transaction at zara,6321.93,Clothing
2025-11-02,transaction at netmeds,8642.98,Healthcare
2025-08-25,transaction at bsnl,5372.21,Bills
2025-06-02,transaction at aha,152.7,Entertainment
2025-10-25,transaction at yatra,26225.92,Travel
2025-06-14,transaction at kauvery,10528.04,Healthcare
2025-08-30,transaction at ajio,3276.5,Online Shopping
2025-07-17,transaction at yatra,24172.14,Travel
2025-02-16,transaction at myntra,9201.83,Online Shopping
2025-08-03,transaction at subway,720.76,Food
2025-06-20,transaction at indigo,21434.61,Travel
2025-09-23,transaction at hotstar,272.22,Entertainment
2025-01-22,transaction at amazon prime,717.9,Entertainment
2025-07-13,transaction at bigbazaar,2723.88,Grocery
2025-04-14,transaction at pantaloons,2666.09,Clothing
2025-12-22,transaction at subway,1405.12,Food
2025-09-30,transaction at yulu bikes,236.77,Transport
2025-10-13,transaction at yulu bikes,603.78,Transport
2025-08-29,transaction at rapido,1940.48,Transport
2025-07-28,transaction at bigbazaar,222.48,Grocery
2025-01-04,transaction at subway,603.38,Food
2025-04-19,transaction at croma,148113.75,Electronics
2025-02-19,transaction at allen solly,7913.89,Clothing
2025-10-25,transaction at flipkart,16816.51,Online Shopping
2025-11-24,transaction at subway,472.83,Food
2025-06-06,transaction at jio fiber,3376.56,Bills
2025-01-02,transaction at pantaloons,3911.64,Clothing
2025-12-22,transaction at zara,2511.12,Clothing
2025-04-29,transaction at oyo,22066.8,Travel
2025-09-14,transaction at cream stone,1141.01,Food
2025-08-08,transaction at bsnl,3039.44,Bills
2025-09-28,transaction at pizza hut,940.41,Food
2025-01-29,transaction at pantaloons,2657.47,Clothing
2025-06-24,transaction at netmeds,16586.35,Healthcare
2025-09-27,transaction at meesho,5700.11,Online Shopping
2025-10-07,transaction at apollo hospital,7435.35,Healthcare
2025-08-31,transaction at boat lifestyle,20234.55,Electronics
2025-12-22,transaction at youtube premium,107.6,Entertainment
2025-10-13,transaction at cream stone,717.38,Food
2025-06-22,transaction at bigbazaar,3864.47,Grocery
2025-02-08,transaction at dell exclusive,31533.94,Electronics
2025-10-19,transaction at apple music,131.87,Entertainment
2025-10-15,transaction at mi store,135981.42,Electronics
2025-02-05,transaction at burger king,380.35,Food
2025-09-26,transaction at woodland,5696.22,Clothing
2025-09-16,transaction at zee5,749.57,Entertainment
2025-11-23,transaction at tneb,432.5,Bills
2025-05-05,transaction at indigo,7358.45,Travel
2025-04-29,transaction at airasia,13433.27,Travel
2025-09-12,transaction at fortis,6269.66,Healthcare
2025-06-08,transaction at myntra,2305.91,Online Shopping
2025-01-27,transaction at starbucks,429.92,Food
2025-02-26,transaction at kauvery,3852.04,Healthcare
2025-10-14,transaction at noise,109598.04,Electronics
2025-11-25,transaction at kfc,1343.19,Food
2025-08-08,transaction at snapdeal,19066.67,Online Shopping
2025-06-18,transaction at samsung store,84176.23,Electronics
2025-10-22,transaction at levis,2948.84,Clothing
2025-11-15,transaction at youtube premium,173.75,Entertainment
2025-03-26,transaction at puma,3893.43,Clothing
2025-09-19,transaction at flipkart,7438.84,Online Shopping
2025-02-04,transaction at woodland,2692.12,Clothing
2025-07-03,transaction at reliance fresh,3341.18,Grocery
2025-02-10,transaction at nilgiris,4543.73,Grocery
2025-02-06,transaction at paradise biryani,601.51,Food
2025-04-26,transaction at aster,6560.89,Healthcare
2025-11-15,transaction at zee5,437.88,Entertainment
2025-12-03,transaction at vodafone idea,5962.32,Bills
2025-10-04,transaction at ajio,8552.37,Online Shopping
2025-01-17,transaction at mi store,21677.29,Electronics
2025-10-11,transaction at jio fiber,2014.05,Bills
2025-02-22,transaction at tsrtc,897.95,Transport
2025-02-23,transaction at apple music,241.94,Entertainment
2025-01-05,transaction at myntra,15790.2,Online Shopping
2025-07-30,transaction at reliance fresh,4460.8,Grocery
2025-07-23,transaction at nilgiris,1478.7,Grocery
2025-07-19,transaction at paradise biryani,1414.48,Food
2025-10-19,transaction at lenskart,10691.39,Online Shopping
2025-10-15,transaction at tneb,2554.16,Bills
2025-06-23,transaction at zee5,415.54,Entertainment
2025-04-20,transaction at more supermarket,1418.76,Grocery
2025-08-31,transaction at gaana,286.31,Entertainment
2025-02-25,transaction at apple music,634.76,Entertainment
2025-06-17,transaction at mi store,58363.45,Electronics
2025-09-02,transaction at jiomart,3667.02,Grocery
2025-07-14,transaction at goibibo,23483.65,Travel
2025-09-20,transaction at paradise biryani,1229.64,Food
2025-02-08,transaction at myntra,14395.95,Online Shopping
2025-12-23,transaction at hp world,147742.75,Electronics
2025-02-24,transaction at uber,541.69,Transport
2025-03-30,transaction at starbucks,229.29,Food
2025-10-24,transaction at vodafone idea,968.04,Bills
2025-04-15,transaction at reliance digital,114392.15,Electronics
2025-12-05,transaction at medplus,1267.93,Healthcare
2025-09-26,transaction at saravana bhavan,256.89,Food
2025-09-20,transaction at jiomart,227.03,Grocery
2025-02-09,transaction at hotstar,182.89,Entertainment
2025-04-07,transaction at tneb,4129.39,Bills
2025-03-13,transaction at goibibo,5145.97,Travel
2025-07-01,transaction at puma,3961.59,Clothing
2025-10-28,transaction at aha,879.1,Entertainment
2025-12-26,transaction at apollo hospital,9301.88,Healthcare
2025-02-02,transaction at bigbazaar,1177.09,Grocery
2025-01-30,transaction at bigbazaar,2707.04,Grocery
2025-04-20,transaction at air india,23200.21,Travel
2025-05-29,transaction at meesho,4963.36,Online Shopping
2025-03-06,transaction at property tax online,5395.3,Bills
2025-07-15,transaction at paradise biryani,398.32,Food
2025-12-13,transaction at dmart,1929.77,Grocery
2025-07-13,transaction at medplus,17594.3,Healthcare
2025-10-25,transaction at chai point,478.5,Food
2025-06-28,transaction at nykaa,15605.72,Online Shopping
2025-07-01,transaction at boat lifestyle,94778.38,Electronics
2025-10-26,transaction at yulu bikes,1805.67,Transport
2025-11-07,transaction at pantaloons,1345.01,Clothing
2025-12-11,transaction at jiomart,4115.73,Grocery
2025-09-23,transaction at croma,111508.11,Electronics
2025-08-31,transaction at fortis,926.03,Healthcare
2025-12-12,transaction at pharmeasy,13588.9,Healthcare
2025-12-31,transaction at apple music,984.95,Entertainment
2025-09-20,transaction at 1mg,8383.71,Healthcare
2025-07-12,transaction at nike,6398.3,Clothing
2025-10-04,transaction at jiomart,2194.65,Grocery
2025-03-02,transaction at pizza hut,1026.85,Food
2025-03-01,transaction at oneplus,10205.6,Electronics
2025-02-01,transaction at bsnl,1447.57,Bills
2025-05-15,transaction at myntra,7940.13,Online Shopping
2025-09-19,transaction at bigbazaar,1650.73,Grocery
2025-08-05,transaction at vistara,8145.56,Travel
2025-05-02,transaction at tneb,2097.66,Bills
2025-02-11,transaction at spencers,3691.33,Grocery
2025-09-13,transaction at apollo hospital,7570.81,Healthcare
2025-03-29,transaction at water board,3065.66,Bills
2025-10-14,transaction at aha,545.36,Entertainment
2025-08-04,transaction at irctc,11994.56,Travel
2025-02-05,transaction at medplus,12978.68,Healthcare
2025-03-16,transaction at zara,2533.35,Clothing
2025-10-15,transaction at snapdeal,7087.24,Online Shopping
2025-10-12,transaction at paradise biryani,271.57,Food
2025-12-07,transaction at vistara,29022.21,Travel
2025-01-21,transaction at woodland,4335.83,Clothing
2025-03-16,transaction at nykaa,5140.13,Online Shopping
2025-02-11,transaction at hp world,86466.42,Electronics
2025-07-29,transaction at nike,5381.05,Clothing
2025-08-10,transaction at apple music,179.49,Entertainment
2025-05-31,transaction at water board,1788.91,Bills
2025-04-10,transaction at starbucks,596.09,Food
2025-06-05,transaction at meru cabs,1002.39,Transport
2025-03-23,transaction at amazon,8299.29,Online Shopping
2025-12-07,transaction at sony center,75591.45,Electronics
2025-06-29,transaction at irctc,9441.74,Travel
2025-12-02,transaction at netflix,481.45,Entertainment
2025-09-07,transaction at uber,308.35,Transport
2025-08-26,transaction at adidas,2692.23,Clothing
2025-03-23,transaction at meesho,8974.3,Online Shopping
2025-06-03,transaction at water board,2124.3,Bills
2025-08-09,transaction at levis,2092.31,Clothing
2025-02-09,transaction at aha,878.86,Entertainment
2025-07-10,transaction at makemytrip,13068.14,Travel
2025-05-10,transaction at dominos,888.6,Food
2025-04-25,transaction at airtel,1638.95,Bills
2025-07-03,transaction at uber,424.15,Transport
2025-03-29,transaction at cloudnine,18646.48,Healthcare
2025-01-03,transaction at zee5,827.43,Entertainment
2025-01-23,transaction at sonyliv,654.61,Entertainment
2025-01-03,transaction at zara,5898.3,Clothing
2025-10-08,transaction at yulu bikes,724.88,Transport
2025-11-11,transaction at us polo,699.46,Clothing
2025-02-05,transaction at redbus,1813.45,Transport
2025-12-09,transaction at oyo,26047.73,Travel
2025-07-10,transaction at lenskart,18836.73,Online Shopping
2025-10-12,transaction at sonyliv,251.13,Entertainment
2025-05-15,transaction at dell exclusive,78666.23,Electronics
2025-04-15,transaction at samsung store,121314.21,Electronics
2025-06-27,transaction at aster,14584.5,Healthcare
2025-10-17,transaction at samsung store,44792.89,Electronics
2025-05-17,transaction at reliance fresh,4769.53,Grocery
2025-03-08,transaction at biba,3244.67,Clothing
2025-08-07,transaction at air india,11909.26,Travel
2025-11-04,transaction at oyo,11021.8,Travel
2025-02-28,transaction at pizza hut,199.17,Food
2025-02-22,transaction at bigbazaar,1035.78,Grocery
2025-03-13,transaction at netmeds,15118.17,Healthcare
